cik,ticker,title
1090872,A,"AGILENT TECHNOLOGIES, INC."
1675149,AA,Alcoa Corp
1708646,AAAU,Goldman Sachs Physical Gold ETF
2128115,AAC,Ares Acquisition Corp III
2128115,AAC-UN,Ares Acquisition Corp III
2034334,AACB,Artius II Acquisition Inc.
2034334,AACBR,Artius II Acquisition Inc.
2034334,AACBU,Artius II Acquisition Inc.
1420529,AACG,ATA Creativity Global
2092897,AACI,Armada Acquisition Corp. III
2092897,AACIU,Armada Acquisition Corp. III
2092897,AACIW,Armada Acquisition Corp. III
2099906,AACO,Abony Acquisition Corp. I
2099906,AACOU,Abony Acquisition Corp. I
2099906,AACOW,Abony Acquisition Corp. I
2102123,AACP,Apogee Acquisition Corp
2102123,AACPR,Apogee Acquisition Corp
2102123,AACPU,Apogee Acquisition Corp
2102123,AACPW,Apogee Acquisition Corp
2118195,AADX,"Applied Aerospace & Defense, Inc."
6201,AAL,American Airlines Group Inc.
8177,AAME,ATLANTIC AMERICAN CORP
1748824,AAMI,Acadian Asset Management Inc.
1327899,AAMTF,Armada Mercantile Ltd
1158114,AAOI,"APPLIED OPTOELECTRONICS, INC."
824142,AAON,"AAON, INC."
1158449,AAP,ADVANCE AUTO PARTS INC
2023311,AAPG,ASCENTAGE PHARMA GROUP INTERNATIONAL
1134982,AAPI,"Apple iSports Group, Inc."
320193,AAPL,Apple Inc.
1672571,AAQL,Antiaging Quantum Living Inc.
1774857,AARD,"Aardvark Therapeutics, Inc."
930245,AASP,Agassi Sports Entertainment Corp.
1500217,AAT,"American Assets Trust, Inc."
943034,AATC,AUTOSCOPE TECHNOLOGIES CORP
1015647,AAUAF,ALMADEN MINERALS LTD
1993344,AAUC,Allied Gold Corp
1756390,AAWH,"Ascend Wellness Holdings, Inc."
825313,AB,ALLIANCEBERNSTEIN HOLDING L.P.
1576873,ABAT,AMERICAN BATTERY TECHNOLOGY Co
1091587,ABBNY,ABB LTD
1551152,ABBV,AbbVie Inc.
351569,ABCB,Ameris Bancorp
1284237,ABCFF,ABACUS MINING & EXPLORATION CORP
1703057,ABCL,AbCellera Biologics Inc.
20639,ABCP,AmBase Corp
318306,ABEO,ABEONA THERAPEUTICS INC.
1565025,ABEV,AMBEV S.A.
1144980,ABG,ASBURY AUTOMOTIVE GROUP INC
1095146,ABIT,Athena Bitcoin Global
1957489,ABLV,Able View Global Inc.
1957489,ABLVW,Able View Global Inc.
1091587,ABLZF,ABB LTD
771497,ABM,ABM INDUSTRIES INC /DE/
1559720,ABNB,"Airbnb, Inc."
1576885,ABOS,"Acumen Pharmaceuticals, Inc."
1893219,ABPO,"Abpro Holdings, Inc."
1253986,ABR,ARBOR REALTY TRUST INC
1253986,ABR-PD,ARBOR REALTY TRUST INC
1253986,ABR-PE,ARBOR REALTY TRUST INC
1253986,ABR-PF,ARBOR REALTY TRUST INC
1672688,ABSI,Absci Corp
1800,ABT,ABBOTT LABORATORIES
1755953,ABTC,American Bitcoin Corp.
1864055,ABTS,Abits Group Inc
1447028,ABUS,Arbutus Biopharma Corp
1173313,ABVC,"ABVC BIOPHARMA, INC."
1979484,ABVEF,Above Food Ingredients Inc.
1956827,ABVX,Abivax S.A.
1814287,ABX,"Abacus Global Management, Inc."
1814287,ABXL,"Abacus Global Management, Inc."
1971975,ABXXF,Abaxx Technologies Inc.
1739445,ACA,"Arcosa, Inc."
2096900,ACAA,Averin Capital Acquisition Corp.
2096900,ACAAU,Averin Capital Acquisition Corp.
2096900,ACAAW,Averin Capital Acquisition Corp.
1070494,ACAD,ACADIA PHARMACEUTICALS INC
1683541,ACB,AURORA CANNABIS INC
2038378,ACCL,Acco Group Holdings Ltd
712034,ACCO,ACCO BRANDS Corp
843006,ACCS,ACCESS Newswire Inc.
1881487,ACDC,ProFrac Holding Corp.
1698991,ACEL,"Accel Entertainment, Inc."
1720580,ACET,"Adicet Bio, Inc."
880984,ACFN,"ACORN ENERGY, INC."
2111542,ACGC,ACP Holdings Acquisition Corp.
2111542,ACGCU,ACP Holdings Acquisition Corp.
2111542,ACGCW,ACP Holdings Acquisition Corp.
947484,ACGL,ARCH CAPITAL GROUP LTD.
947484,ACGLN,ARCH CAPITAL GROUP LTD.
947484,ACGLO,ARCH CAPITAL GROUP LTD.
75252,ACH,ACCENDRA HEALTH INC/VA/
1520697,ACHC,"Acadia Healthcare Company, Inc."
1824502,ACHR,Archer Aviation Inc.
1824502,ACHR-WT,Archer Aviation Inc.
949858,ACHV,"ACHIEVE LIFE SCIENCES, INC."
1646972,ACI,"Albertsons Companies, Inc."
1401521,ACIC,AMERICAN COASTAL INSURANCE Corp
1651625,ACIU,AC Immune SA
935036,ACIW,"ACI WORLDWIDE, INC."
1113232,ACLS,AXCELIS TECHNOLOGIES INC
868857,ACM,AECOM
2065282,ACMIF,Allied Critical Metals Corp.
1680062,ACMR,"ACM Research, Inc."
1467373,ACN,Accenture plc
715579,ACNB,ACNB CORP
95953,ACNT,ASCENT INDUSTRIES CO.
1655923,ACOG,Alpha Cognition Inc.
1635077,ACON,"Aclarion, Inc."
1635077,ACONW,"Aclarion, Inc."
1503290,ACP,abrdn Income Credit Strategies Fund
1503290,ACP-PA,abrdn Income Credit Strategies Fund
1332551,ACR,ACRES Commercial Realty Corp.
1332551,ACR-PC,ACRES Commercial Realty Corp.
1332551,ACR-PD,ACRES Commercial Realty Corp.
1529377,ACRE,Ares Commercial Real Estate Corp
773717,ACRG,"American Clean Resources Group, Inc."
1584618,ACRL,"Atacama Resources International, Inc."
1557746,ACRS,"Aclaris Therapeutics, Inc."
1781174,ACRV,"Acrivon Therapeutics, Inc."
1823529,ACT,"Enact Holdings, Inc."
934549,ACTG,ACACIA RESEARCH CORP
1652935,ACTU,"ACTUATE THERAPEUTICS, INC."
2098,ACU,ACME UNITED CORP
1850767,ACUT,Accustem Sciences Inc.
1636289,ACV,Virtus Diversified Income & Convertible Fund
1637873,ACVA,ACV Auctions Inc.
1736243,ACXP,"Acurx Pharmaceuticals, Inc."
821130,AD,"ARRAY DIGITAL INFRASTRUCTURE, INC."
2083002,ADAC,American Drive Acquisition Co
2083002,ADACU,American Drive Acquisition Co
2083002,ADACW,American Drive Acquisition Co
1818838,ADAG,Adagene Inc.
1273685,ADAM,"ADAMAS TRUST, INC."
1273685,ADAMG,"ADAMAS TRUST, INC."
1273685,ADAMH,"ADAMAS TRUST, INC."
1273685,ADAMI,"ADAMAS TRUST, INC."
1273685,ADAML,"ADAMAS TRUST, INC."
1273685,ADAMM,"ADAMAS TRUST, INC."
1273685,ADAMN,"ADAMAS TRUST, INC."
1273685,ADAMO,"ADAMAS TRUST, INC."
1273685,ADAMZ,"ADAMAS TRUST, INC."
796343,ADBE,ADOBE INC.
2084227,ADBT,"Advasa Holdings, Inc."
917251,ADC,AGREE REALTY CORP
917251,ADC-PA,AGREE REALTY CORP
1771910,ADCT,ADC Therapeutics SA
1803696,ADEA,Adeia Inc.
2006986,ADGM,"Adagio Medical Holdings, Inc."
6281,ADI,ANALOG DEVICES INC
1160420,ADIA,"Adia Nutrition, Inc."
2105139,ADIG,ADI GLOBAL DISTRIBUTION INC.
1513525,ADIL,"ADIAL PHARMACEUTICALS, INC."
7084,ADM,Archer-Daniels-Midland Co
1368514,ADMA,"ADMA BIOLOGICS, INC."
1588014,ADMQ,"ADM ENDEAVORS, INC."
849401,ADMT,"ADM TRONICS UNLIMITED, INC."
1744494,ADNH,"ADVENT TECHNOLOGIES HOLDINGS, INC."
1670541,ADNT,Adient plc
1489079,ADOOY,Adaro Energy PT/ADR/
8670,ADP,AUTOMATIC DATA PROCESSING INC
1478320,ADPT,Adaptive Biotechnologies Corp
1879248,ADSE,Ads-Tec Energy Public Ltd Co
1879248,ADSEW,Ads-Tec Energy Public Ltd Co
769397,ADSK,"Autodesk, Inc."
1703056,ADT,ADT Inc.
1420924,ADTI,"Adapti, Inc."
926282,ADTN,"ADTRAN Holdings, Inc."
1726711,ADTX,"Aditxt, Inc."
1863934,ADUR,ADURO CLEAN TECHNOLOGIES INC.
1468328,ADUS,Addus HomeCare Corp
1776661,ADV,Advantage Solutions Inc.
1941029,ADVB,Advanced Biomed Inc.
2230,ADX,"ADAMS DIVERSIFIED EQUITY FUND, INC."
1574232,ADXN,Addex Therapeutics Ltd.
1852016,AEAE,AltEnergy Acquisition Corp
2083689,AEAQ,Activate Energy Acquisition Corp.
2083689,AEAQU,Activate Energy Acquisition Corp.
2083689,AEAQW,Activate Energy Acquisition Corp.
2048519,AEBI,Aebi Schmidt Holding AG
1174511,AEBMY,ANADOLU EFES BIRACILIK VE MALT SANAYI A S/ADR
1174511,AEBZY,ANADOLU EFES BIRACILIK VE MALT SANAYI A S/ADR
1519469,AEC,ANFIELD ENERGY INC.
1002910,AEE,AMEREN CORP
846676,AEF,"abrdn Emerging Markets ex-China Fund, Inc."
769218,AEFC,AEGON LTD.
769218,AEG,AEGON LTD.
1309167,AEGXF,Aecon Group Inc.
1470683,AEHL,Antelope Enterprise Holdings Ltd
1040470,AEHR,AEHR TEST SYSTEMS
1750106,AEI,Alset Inc.
927003,AEIS,ADVANCED ENERGY INDUSTRIES INC
2110583,AELKY,ASELSAN Elektronik Sanayi ve Ticaret Anonim Sirketi/ADR
2809,AEM,AGNICO EAGLE MINES LTD
882291,AEMD,AETHLON MEDICAL INC
1823584,AENT,ALLIANCE ENTERTAINMENT HOLDING CORP
1823584,AENTW,ALLIANCE ENTERTAINMENT HOLDING CORP
919012,AEO,AMERICAN EAGLE OUTFITTERS INC
1837607,AEON,"AEON Biopharma, Inc."
4904,AEP,AMERICAN ELECTRIC POWER CO INC
1378789,AER,AerCap Holdings N.V.
1605331,AERA,AI Era Corp.
879911,AERG,"APPLIED ENERGETICS, INC."
1561861,AERO,"Grupo Aeromexico, S.A.B. de C.V."
1853044,AERT,"Aeries Technology, Inc."
1853044,AERTW,"Aeries Technology, Inc."
874761,AES,AES CORP
1984060,AESI,Atlas Energy Solutions Inc.
2082526,AESP,Aeon Acquisition I Corp.
2082526,AESPR,Aeon Acquisition I Corp.
2082526,AESPU,Aeon Acquisition I Corp.
2082526,AESPW,Aeon Acquisition I Corp.
764630,AETN,"AETERNUM HEALTH, INC."
1789029,AEVA,"Aeva Technologies, Inc."
2079173,AEXA,American Exceptionalism Acquisition Corp. A
1362190,AEYE,AUDIOEYE INC
1162027,AFB,ALLIANCEBERNSTEIN NATIONAL MUNICIPAL INCOME FUND
1823406,AFBI,"Affinity Bancshares, Inc."
1822523,AFCG,Advanced Flower Capital Inc.
1042046,AFG,AMERICAN FINANCIAL GROUP INC
1042046,AFGB,AMERICAN FINANCIAL GROUP INC
1042046,AFGC,AMERICAN FINANCIAL GROUP INC
1042046,AFGD,AMERICAN FINANCIAL GROUP INC
1042046,AFGE,AMERICAN FINANCIAL GROUP INC
1979005,AFJK,"Aimei Health Technology Co., Ltd."
1979005,AFJKR,"Aimei Health Technology Co., Ltd."
1979005,AFJKU,"Aimei Health Technology Co., Ltd."
4977,AFL,AFLAC INC
2101973,AFNDY,Allfunds Group PLC./ADR
1903870,AFRI,Forafric Global PLC
1903870,AFRIW,Forafric Global PLC
1820953,AFRM,"Affirm Holdings, Inc."
1771007,AFYA,Afya Ltd
1308648,AG,FIRST MAJESTIC SILVER CORP
2081206,AGBK,AGI Inc
2060016,AGCC,Agencia Comercial Spirits Ltd.
880266,AGCO,AGCO CORP /DE
1362481,AGD,abrdn Global Dynamic Dividend Fund
1098972,AGEN,AGENUS INC
1109262,AGGI,"BILI Social International, Inc."
1178819,AGI,ALAMOS GOLD INC
1156041,AGIG,"ABUNDIA GLOBAL IMPACT GROUP, INC."
1439222,AGIO,"AGIOS PHARMACEUTICALS, INC."
1831097,AGL,"agilon health, inc."
845877,AGM,FEDERAL AGRICULTURAL MORTGAGE CORP
845877,AGM-A,FEDERAL AGRICULTURAL MORTGAGE CORP
845877,AGM-PD,FEDERAL AGRICULTURAL MORTGAGE CORP
845877,AGM-PE,FEDERAL AGRICULTURAL MORTGAGE CORP
845877,AGM-PF,FEDERAL AGRICULTURAL MORTGAGE CORP
845877,AGM-PG,FEDERAL AGRICULTURAL MORTGAGE CORP
845877,AGM-PH,FEDERAL AGRICULTURAL MORTGAGE CORP
845877,AGM-PI,FEDERAL AGRICULTURAL MORTGAGE CORP
2020932,AGMB,Agomab Therapeutics NV
1705402,AGMH,"AGM GROUP HOLDINGS, INC."
2022059,AGMRF,"Silver Mountain Resources, Inc."
1423689,AGNC,AGNC Investment Corp.
1423689,AGNCL,AGNC Investment Corp.
1423689,AGNCM,AGNC Investment Corp.
1423689,AGNCN,AGNC Investment Corp.
1423689,AGNCO,AGNC Investment Corp.
1423689,AGNCP,AGNC Investment Corp.
1423689,AGNCZ,AGNC Investment Corp.
1642178,AGNPF,Grey Matters Health Inc.
1495932,AGNT,"AGNT, Inc."
1273813,AGO,ASSURED GUARANTY LTD
1446159,AGPU,Axe Compute Inc.
1415311,AGQ,ProShares Trust II
1499505,AGRO,Adecoagro S.A.
2009233,AGRZ,Agroz Inc.
1514443,AGSS,"AMERIGUARD SECURITY SERVICES, INC."
1603345,AGTX,Agentix Corp.
100591,AGX,ARGAN INC
1482436,AGXPF,SILVER X MINING CORP.
78749,AGYS,AGILYSYS INC
1725255,AHCO,AdaptHealth Corp.
1702318,AHG,Akso Health Group
1267395,AHL-PD,ASPEN INSURANCE HOLDINGS LTD
1267395,AHL-PE,ASPEN INSURANCE HOLDINGS LTD
1267395,AHL-PF,ASPEN INSURANCE HOLDINGS LTD
2010959,AHMA,AMBITIONS ENTERPRISE MANAGEMENT CO. L.L.C
1304409,AHNRF,ATHENA GOLD CORP
1632970,AHR,"American Healthcare REIT, Inc."
1338929,AHRO,"Authentic Holdings, Inc."
1569187,AHRT,"AH Realty Trust, Inc."
1569187,AHRT-PA,"AH Realty Trust, Inc."
1232582,AHT,ASHFORD HOSPITALITY TRUST INC
1232582,AHT-PD,ASHFORD HOSPITALITY TRUST INC
1232582,AHT-PF,ASHFORD HOSPITALITY TRUST INC
1232582,AHT-PG,ASHFORD HOSPITALITY TRUST INC
1232582,AHT-PH,ASHFORD HOSPITALITY TRUST INC
1232582,AHT-PI,ASHFORD HOSPITALITY TRUST INC
1577526,AI,"C3.ai, Inc."
2096362,AIAI,AIAI Holdings Corp
2070542,AIB,AIB Data Centers Inc.
1763329,AIBT,"AIBOTICS, INC."
2100457,AIBZ,Bitzero Holdings Inc.
1139685,AIDX,"20/20 Biolabs, Inc."
1912582,AIEV,"Thunder Power Holdings, Inc."
1708341,AIFA,"All In FutureTech Alliance, Inc."
862861,AIFC,AI Financial Corp
803578,AIFF,"FIREFLY NEUROSCIENCE, INC."
1413855,AIFU,AIFU Inc.
5272,AIG,"AMERICAN INTERNATIONAL GROUP, INC."
1711012,AIHS,Senmiao Technology Ltd
2007587,AII,"American Integrity Insurance Group, Inc."
2073553,AIIA,AI Infrastructure Acquisition Corp.
2073553,AIIA-RI,AI Infrastructure Acquisition Corp.
2073553,AIIA-UN,AI Infrastructure Acquisition Corp.
1932737,AIIO,ROBO.AI INC.
1932737,AIIOW,ROBO.AI INC.
2097725,AIIR,AIR Global PLC
1713923,AIJTY,Jianpu Technology Inc.
18654,AILIH,Ameren Illinois Co
946644,AIM,AIM ImmunoTech Inc.
1014763,AIMD,"Ainos, Inc."
1014763,AIMDW,"Ainos, Inc."
819793,AIN,ALBANY INTERNATIONAL CORP /DE/
1778114,AIO,Virtus Artificial Intelligence & Technology Opportunities Fund
1603993,AIOS,AIOS Tech Inc.
1774170,AIOT,"Powerfleet, Inc."
1667011,AIP,"Arteris, Inc."
927971,AIQD,BANK OF MONTREAL /CAN/
927971,AIQU,BANK OF MONTREAL /CAN/
1750,AIR,AAR CORP
1859199,AIRE,reAlpha Tech Corp.
1272842,AIRG,AIRGAIN INC
1009891,AIRI,AIR INDUSTRIES GROUP
1855474,AIRJ,AirJoule Technologies Corp.
1855474,AIRJW,AirJoule Technologies Corp.
1927958,AIRO,"AIRO Group Holdings, Inc."
1870940,AIRS,"Airsculpt Technologies, Inc."
353184,AIRT,AIR T INC
353184,AIRTP,AIR T INC
1842566,AISP,"Airship AI Holdings, Inc."
1842566,AISPW,"Airship AI Holdings, Inc."
2109082,AIST,AI STRATEGY INC.
109563,AIT,APPLIED INDUSTRIAL TECHNOLOGIES INC
1520556,AITTF,TRENCHANT TECHNOLOGIES CAPITAL CORP.
1498148,AITX,Artificial Intelligence Technology Solutions Inc.
922864,AIV,APARTMENT INVESTMENT & MANAGEMENT CO
1460702,AIXC,"AIxCrypto Holdings, Inc."
1935172,AIXI,Xiao-I Corp
835662,AIXN,"AiXin Life International, Inc."
1267238,AIZ,"ASSURANT, INC."
1267238,AIZN,"ASSURANT, INC."
354190,AJG,Arthur J. Gallagher & Co.
1865107,AKA,A.K.A. BRANDS HOLDING CORP.
1086222,AKAM,AKAMAI TECHNOLOGIES INC
1888014,AKAN,AKANDA CORP.
1517022,AKBA,"Akebia Therapeutics, Inc."
2087856,AKCLY,Aica Kogyo Co Limited/ADR
925261,AKO-A,ANDINA BOTTLING CO INC
925261,AKO-B,ANDINA BOTTLING CO INC
899629,AKR,ACADIA REALTY TRUST
2035832,AKTS,"Aktis Oncology, Inc."
1541157,AKTX,Akari Therapeutics Plc
3124,AKZOY,AKZO NOBEL NV
1736297,ALAB,"Astera Labs, Inc."
1725332,ALAR,Alarum Technologies Ltd.
915913,ALB,ALBEMARLE CORP
915913,ALB-PA,ALBEMARLE CORP
1630212,ALBT,Avalon GloboCare Corp.
1167379,ALC,ALCON INC
3545,ALCO,"ALICO, INC."
1901336,ALCYF,Alchemy Investments Acquisition Corp 1
1062506,ALDA,ATLANTICA INC
2031561,ALDF,Aldel Financial II Inc.
2031561,ALDFU,Aldel Financial II Inc.
2031561,ALDFW,Aldel Financial II Inc.
1755101,ALDS,APPlife Digital Solutions Inc
1341235,ALDX,"Aldeyra Therapeutics, Inc."
1653087,ALEC,"Alector, Inc."
2046098,ALEUY,ALLEGRO.EU SA/ADR
2010930,ALF,Centurion Acquisition Corp.
2010930,ALFUU,Centurion Acquisition Corp.
2010930,ALFUW,Centurion Acquisition Corp.
897077,ALG,ALAMO GROUP INC
866291,ALGM,"ALLEGRO MICROSYSTEMS, INC."
1097149,ALGN,ALIGN TECHNOLOGY INC
1703292,ALGRF,KENADYR METALS CORP
1799448,ALGS,"Aligos Therapeutics, Inc."
1362468,ALGT,Allegiant Travel CO
1317685,ALH,Alliance Laundry Holdings Inc.
1832466,ALHC,"Alignment Healthcare, Inc."
2026767,ALIS,Calisa Acquisition Corp
2026767,ALISR,Calisa Acquisition Corp
2026767,ALISU,Calisa Acquisition Corp
1809104,ALIT,"Alight, Inc. / Delaware"
766421,ALK,"ALASKA AIR GROUP, INC."
1520262,ALKS,Alkermes plc.
1529274,ALKT,"ALKAMI TECHNOLOGY, INC."
899051,ALL,ALLSTATE CORP
899051,ALL-PB,ALLSTATE CORP
899051,ALL-PH,ALLSTATE CORP
899051,ALL-PI,ALLSTATE CORP
899051,ALL-PJ,ALLSTATE CORP
1579241,ALLE,Allegion plc
1737287,ALLO,"Allogene Therapeutics, Inc."
1860657,ALLR,"Allarity Therapeutics, Inc."
1365767,ALLT,Allot Ltd.
40729,ALLY,Ally Financial Inc.
1670061,ALM,Almonty Industries Inc.
2104204,ALMR,"Alamar Biosciences, Inc."
1847367,ALMS,ALUMIS INC.
1828805,ALMU,"Aeluma, Inc."
46129,ALNT,ALLIENT INC
1178670,ALNY,"ALNYLAM PHARMACEUTICALS, INC."
8146,ALOT,"AstroNova, Inc."
2083989,ALOV,"Aldabra 4 Liquidity Opportunity Vehicle, Inc."
2083989,ALOVU,"Aldabra 4 Liquidity Opportunity Vehicle, Inc."
2083989,ALOVW,"Aldabra 4 Liquidity Opportunity Vehicle, Inc."
1567900,ALOY,REALLOYS INC.
1095435,ALP,Alpha Compute Corp
872716,ALPIB,ALPINE BANKS OF COLORADO
2025774,ALPS,Alps Group Inc
2125551,ALPX,Alpex Acquisition Corp
2125551,ALPXR,Alpex Acquisition Corp
2125551,ALPXU,Alpex Acquisition Corp
2125551,ALPXW,Alpex Acquisition Corp
1459200,ALRM,"Alarm.com Holdings, Inc."
903419,ALRS,ALERUS FINANCIAL CORP
1930419,ALRTF,ALR Technologies SG Ltd.
1865111,ALSAF,Alpha Star Acquisition Corp
1411207,ALSN,Allison Transmission Holdings Inc
1326190,ALT,"Altimmune, Inc."
1759824,ALTG,ALTA EQUIPMENT GROUP INC.
1759824,ALTG-PA,ALTA EQUIPMENT GROUP INC.
1838615,ALTI,"AlTi Global, Inc."
778164,ALTO,"Alto Ingredients, Inc."
1977971,ALTUF,Altura Energy Corp.
775057,ALTX,ALTEX INDUSTRIES INC
2041493,ALUB,Alussa Energy Acquisition Corp. II
2041493,ALUB-UN,Alussa Energy Acquisition Corp. II
2041493,ALUB-WT,Alussa Energy Acquisition Corp. II
1964979,ALUR,"ALLURION TECHNOLOGIES, INC."
1034670,ALV,AUTOLIV INC
1898416,ALVO,Alvotech
1898416,ALVOW,Alvotech
3499,ALX,ALEXANDERS INC
1810182,ALXO,ALX ONCOLOGY HOLDINGS INC
1734520,ALYAF,Alithya Group inc
1677077,ALZN,"Alzamend Neuro, Inc."
1623925,AM,Antero Midstream Corp
2110119,AMAC,AMR Resources Acquisition Corp.
1823608,AMAL,Amalgamated Financial Corp.
2112457,AMAN,Amanat Acquisition Corp.
6951,AMAT,APPLIED MATERIALS INC /DE
1280263,AMBA,AMBARELLA INC
1937441,AMBIQ,Ambipar Emergency Response
1494558,AMBO,Ambow Education Holding Ltd.
1845097,AMBP,Ardagh Metal Packaging S.A.
1500412,AMBQ,"Ambiq Micro, Inc."
1697818,AMBR,Amber International Holding Ltd
1411579,AMC,"AMC ENTERTAINMENT HOLDINGS, INC."
1937891,AMCI,AMC Robotics Corp
1748790,AMCR,Amcor plc
1514991,AMCX,AMC Global Media Inc.
2488,AMD,ADVANCED MICRO DEVICES INC
1037868,AME,AMETEK INC/
2129284,AMEGF,American Eagle Gold Corp.
96664,AMFN,"American Fusion, Inc."
1004434,AMG,"AFFILIATED MANAGERS GROUP, INC."
318154,AMGN,AMGEN INC
1562401,AMH,American Homes 4 Rent
1562401,AMH-PG,American Homes 4 Rent
1562401,AMH-PH,American Homes 4 Rent
1617867,AMIX,"Autonomix Medical, Inc."
19617,AMJB,JPMORGAN CHASE & CO
1047127,AMKR,"AMKOR TECHNOLOGY, INC."
1699880,AMLIF,American Lithium Corp.
1356371,AMLM,"AMERICAN LITHIUM MINERALS, INC."
1658551,AMLX,"Amylyx Pharmaceuticals, Inc."
1142750,AMN,AMN HEALTHCARE SERVICES INC
1862463,AMOD,"ALPHA MODUS HOLDINGS, INC."
1862463,AMODW,"ALPHA MODUS HOLDINGS, INC."
820027,AMP,AMERIPRISE FINANCIAL INC
1518461,AMPG,"AmpliTech Group, Inc."
1518461,AMPGR,"AmpliTech Group, Inc."
1518461,AMPGZ,"AmpliTech Group, Inc."
1297184,AMPH,"Amphastar Pharmaceuticals, Inc."
1866692,AMPL,"Amplitude, Inc."
2049323,AMPM,AM PM Group Ltd
1899287,AMPX,"Amprius Technologies, Inc."
1899287,AMPX-WT,"Amprius Technologies, Inc."
1533924,AMPY,Amplify Energy Corp.
1704715,AMR,"Alpha Metallurgical Resources, Inc."
1488139,AMRC,"Ameresco, Inc."
897448,AMRN,AMARIN CORP PLC\UK
2076631,AMRQF,AMAROQ LTD.
1723128,AMRX,"Amneal Pharmaceuticals, Inc."
2035989,AMRZ,Amrize Ltd
744825,AMS,AMERICAN SHARED HOSPITAL SERVICES
880807,AMSC,AMERICAN SUPERCONDUCTOR CORP /DE/
1018979,AMSF,AMERISAFE INC
1851491,AMSS,AMASS BRANDS
1807166,AMST,Amesite Inc.
1053507,AMT,AMERICAN TOWER CORP /MA/
1734342,AMTB,Amerant Bancorp Inc.
1769731,AMTD,AMTD IDEA GROUP
2011286,AMTM,"Amentum Holdings, Inc."
2078570,AMTU,"AMATUHI HOLDINGS, INC."
738214,AMTX,"AEMETIS, INC"
1114446,AMUB,UBS AG
2085236,AMVOY,AUMOVIO SE
1393584,AMWL,American Well Corp
1129137,AMX,AMERICA MOVIL SAB DE CV/
1880343,AMZE,"AMAZE HOLDINGS, INC."
1018724,AMZN,AMAZON COM INC
350698,AN,"AUTONATION, INC."
1370053,ANAB,"ANAPTYSBIO, INC"
821026,ANDE,"Andersons, Inc."
2065708,ANDG,Andersen Group Inc.
1815974,ANEB,"Anebulo Pharmaceuticals, Inc."
1596532,ANET,"Arista Networks, Inc."
1018840,ANF,ABERCROMBIE & FITCH CO /DE/
1039828,ANG-PD,American National Group Inc.
1871983,ANGH,Anghami Inc
1871983,ANGHW,Anghami Inc
1705110,ANGI,Angi Inc.
1275187,ANGO,ANGIODYNAMICS INC
1865200,ANGX,"Angel Studios, Inc."
898437,ANIK,"Anika Therapeutics, Inc."
1023024,ANIP,ANI PHARMACEUTICALS INC
715446,ANIX,Anixa Biosciences Inc
2098397,ANJFY,"Anjoy Foods Group Co., Ltd./ADR"
1944552,ANL,Adlai Nortye Ltd.
1845123,ANNA,"AleAnna, Inc."
1845123,ANNAW,"AleAnna, Inc."
1528115,ANNX,"Annexon, Inc."
2031688,ANPA,Rich Sparkle Holdings Ltd
1999480,ANRO,"Alto Neuroscience, Inc."
1854149,ANSC,Agriculture & Natural Solutions Acquisition Corp
1854149,ANSCU,Agriculture & Natural Solutions Acquisition Corp
1854149,ANSCW,Agriculture & Natural Solutions Acquisition Corp
2044255,ANTA,Antalpha Platform Holding Co
1880438,ANTX,"AN2 Therapeutics, Inc."
1570132,ANVI,"ANVI GLOBAL HOLDINGS, INC."
1477845,ANVS,"Annovis Bio, Inc."
1591956,ANY,Sphere 3D Corp.
1379400,AOD,abrdn Total Dynamic Dividend Fund
1766478,AOMD,"Angel Oak Mortgage REIT, Inc."
1766478,AOMN,"Angel Oak Mortgage REIT, Inc."
1766478,AOMR,"Angel Oak Mortgage REIT, Inc."
315293,AON,Aon plc
784199,AORT,"ARTIVION, INC."
91142,AOS,SMITH A O CORP
1387467,AOSL,ALPHA & OMEGA SEMICONDUCTOR Ltd
1808997,AOUT,"American Outdoor Brands, Inc."
352991,AOXY,ADVANCED OXYGEN TECHNOLOGIES INC
6176,AP,AMPCO PITTSBURGH CORP
1841666,APA,APA Corp
1419336,APAAF,Appia Rare Earths & Uranium Corp.
2043630,APAC,StoneBridge Acquisition II Corp
2043630,APACR,StoneBridge Acquisition II Corp
2043630,APACU,StoneBridge Acquisition II Corp
1517302,APAM,Artisan Partners Asset Management Inc.
2114463,APBD,AParadise II Acquisition Corp.
2080921,APC,ARKO Petroleum Corp.
1070050,APCX,AppTech Payments Corp.
2969,APD,"Air Products & Chemicals, Inc."
1201792,APEI,AMERICAN PUBLIC EDUCATION INC
2069858,APEX,APEX Global Solutions Ltd
1796209,APG,APi Group Corp
1974640,APGE,"Apogee Therapeutics, Inc."
1811931,APGOF,Apollo Silver Corp
820313,APH,AMPHENOL CORP /DE/
1771995,APHP,American Picture House Corp
1802883,API,"Agora, Inc."
1144879,APLD,Applied Digital Corp.
1418121,APLE,"Apple Hospitality REIT, Inc."
1944885,APLM,Apollomics Inc.
1944885,APLMW,Apollomics Inc.
1734005,APM,Aptorum Group Ltd
2101393,APMC,AmperCap Acquisition Co
1628935,APMCF,MORIEN RESOURCES CORP.
2101393,APMCR,AmperCap Acquisition Co
2101393,APMCU,AmperCap Acquisition Co
2085795,APNA,APEIRON ACQUISITION VEHICLE I
1858681,APO,"Apollo Global Management, Inc."
1858681,APO-PA,"Apollo Global Management, Inc."
6845,APOG,"APOGEE ENTERPRISES, INC."
1858681,APOS,"Apollo Global Management, Inc."
1751008,APP,AppLovin Corp
1433195,APPF,APPFOLIO INC
1441683,APPN,APPIAN CORP
317788,APPS,"Digital Turbine, Inc."
1781983,APRE,"Aprea Therapeutics, Inc."
1553264,APSI,AQUA POWER SYSTEMS INC.
884269,APT,ALPHA PRO TECH LTD
882361,APTOF,Aptose Biosciences Inc.
1521332,APTV,Aptiv PLC
2093524,APUR,Aperture AC
2093524,APURR,Aperture AC
1894525,APUS,"Apimeds Pharmaceuticals US, Inc."
1671584,APVO,Aptevo Therapeutics Inc.
1026980,APWC,ASIA PACIFIC WIRE & CABLE CORP LTD
2079253,APXT,Apex Treasury Corp
2079253,APXTU,Apex Treasury Corp
2079253,APXTW,Apex Treasury Corp
719135,APYX,Apyx Medical Corp
1603978,AQB,AQUABOUNTY TECHNOLOGIES INC
1621832,AQMS,"Aqua Metals, Inc."
1174169,AQN,ALGONQUIN POWER & UTILITIES CORP.
1174169,AQNB,ALGONQUIN POWER & UTILITIES CORP.
1398733,AQST,"Aquestive Therapeutics, Inc."
1433270,AR,ANTERO RESOURCES Corp
1818274,ARAI,Arrive AI Inc.
1138723,ARAY,ACCURAY INC
1930179,ARBB,ARB IOT Group Ltd
1861841,ARBE,Arbe Robotics Ltd.
1861841,ARBEW,Arbe Robotics Ltd.
1841675,ARBK,Argo Blockchain Plc
894405,ARCB,ARCBEST CORP /DE/
1287750,ARCC,ARES CAPITAL CORP
2083910,ARCI,Archimedes Tech SPAC Partners III Co.
2083910,ARCIU,Archimedes Tech SPAC Partners III Co.
2083910,ARCIW,Archimedes Tech SPAC Partners III Co.
2073515,ARCL,ARC Group Acquisition I Corp.
2073515,ARCLR,ARC Group Acquisition I Corp.
2073515,ARCLU,ARC Group Acquisition I Corp.
2073515,ARCLW,ARC Group Acquisition I Corp.
1508478,ARCO,Arcos Dorados Holdings Inc.
1768224,ARCT,Arcturus Therapeutics Holdings Inc.
1515324,ARDC,"Ares Dynamic Credit Allocation Fund, Inc."
1756655,ARDT,"Ardent Health, Inc."
1437402,ARDX,"ARDELYX, INC."
1035443,ARE,"ALEXANDRIA REAL ESTATE EQUITIES, INC."
1648087,AREB,AMERICAN REBEL HOLDINGS INC
1590715,AREC,American Resources Corp
894871,AREN,"Arena Group Holdings, Inc."
1176948,ARES,Ares Management Corp
1176948,ARES-PB,Ares Management Corp
1697862,ARGX,ARGENX SE
1875444,ARHS,"Arhaus, Inc."
1467760,ARI,"Apollo Commercial Real Estate Finance, Inc."
1964504,ARIS,Aris Mining Corp
1869699,ARKB,Ark 21Shares Bitcoin ETF
1823794,ARKO,ARKO Corp.
779544,ARKR,ARK RESTAURANTS CORP
1102238,ARL,AMERICAN REALTY INVESTORS INC
1736946,ARLO,"Arlo Technologies, Inc."
1086600,ARLP,ALLIANCE RESOURCE PARTNERS LP
1852354,ARLSF,ARGO GRAPHENE SOLUTIONS CORP.
1973239,ARM,ARM HOLDINGS PLC /UK
1584509,ARMK,Aramark
921114,ARMP,"Armata Pharmaceuticals, Inc."
1719117,ARNNY,ASR Nederland N.V./ADR
1389050,AROC,"Archrock, Inc."
717538,AROW,ARROW FINANCIAL CORP
1515156,ARQ,"Arq, Inc."
1859690,ARQQ,Arqit Quantum Inc.
1859690,ARQQW,Arqit Quantum Inc.
1787306,ARQT,"Arcutis Biotherapeutics, Inc."
1428205,ARR,"Armour Residential REIT, Inc."
1428205,ARR-PC,"Armour Residential REIT, Inc."
1855743,ARRKF,ARRAS MINERALS CORP.
1530425,ARRT,"Artisan Consumer Goods, Inc."
1820721,ARRY,"Array Technologies, Inc."
1804792,ARSMF,ARES STRATEGIC MINING INC.
2044984,ARSTY,Ariston Holding N.V./ADR
2086545,ARTC,Art Technology Acquisition Corp.
2086545,ARTCU,Art Technology Acquisition Corp.
2086545,ARTCW,Art Technology Acquisition Corp.
1621221,ARTL,"ARTELO BIOSCIENCES, INC."
863110,ARTNA,ARTESIAN RESOURCES CORP
1817241,ARTV,"Artiva Biotherapeutics, Inc."
7623,ARTW,ARTS WAY MANUFACTURING CO INC
1655759,ARVN,"ARVINAS, INC."
7536,ARW,"ARROW ELECTRONICS, INC."
879407,ARWR,"ARROWHEAD PHARMACEUTICALS, INC."
1997350,ARX,Accelerant Holdings
2093536,ARXS,"Arxis, Inc."
1988894,AS,"Amer Sports, Inc."
1230869,ASA,ASA Gold & Precious Metals Ltd
1477720,ASAN,"Asana, Inc."
7789,ASB,ASSOCIATED BANC-CORP
7789,ASB-PE,ASSOCIATED BANC-CORP
7789,ASB-PF,ASSOCIATED BANC-CORP
7789,ASBA,ASSOCIATED BANC-CORP
2055337,ASBHY,"Asahi Group Holdings, Ltd./ADR"
1847345,ASBP,"Aspire Biopharma Holdings, Inc."
1847345,ASBPW,"Aspire Biopharma Holdings, Inc."
1577437,ASC,Ardmore Shipping Corp
1716885,ASCIX,Angel Oak Strategic Credit Fund
1828748,ASFH,ASIAFIN HOLDINGS CORP.
1651992,ASFT,"Appsoft Technologies, Inc."
786035,ASG,LIBERTY ALL STAR GROWTH FUND INC.
1793855,ASGI,abrdn Global Infrastructure Income Fund
1674862,ASH,ASHLAND INC.
2040491,ASIC,Ategrity Specialty Insurance Co Holdings
1673985,ASIX,AdvanSix Inc.
2078895,ASKRY,Asker Healthcare Group AB/ADR
1754170,ASLE,AerSale Corp
316888,ASM,AVINO SILVER & GOLD MINES LTD
1426800,ASMB,"ASSEMBLY BIOSCIENCES, INC."
937966,ASML,ASML HOLDING NV
937966,ASMLF,ASML HOLDING NV
1612042,ASND,Ascendis Pharma A/S
1141284,ASNS,ACTELIS NETWORKS INC
1817358,ASO,"Academy Sports & Outdoors, Inc."
1890361,ASPC,ASPAC III Acquisition Corp.
1890361,ASPCR,ASPAC III Acquisition Corp.
1890361,ASPCU,ASPAC III Acquisition Corp.
1921865,ASPI,ASP Isotopes Inc.
1145986,ASPN,ASPEN AEROGELS INC
1462418,ASPS,ALTISOURCE PORTFOLIO SOLUTIONS S.A.
1462418,ASPSW,ALTISOURCE PORTFOLIO SOLUTIONS S.A.
1462418,ASPSZ,ALTISOURCE PORTFOLIO SOLUTIONS S.A.
1123452,ASR,SOUTHEAST AIRPORT GROUP
707605,ASRV,AMERISERV FINANCIAL INC /PA/
1920406,ASST,"Strive, Inc."
1001907,ASTC,ASTROTECH Corp
792987,ASTE,ASTEC INDUSTRIES INC
1083446,ASTH,"Astrana Health, Inc."
1350102,ASTI,"Ascent Solar Technologies, Inc."
1860805,ASTL,Algoma Steel Group Inc.
1860805,ASTLW,Algoma Steel Group Inc.
1780312,ASTS,"AST SpaceMobile, Inc."
884144,ASUR,ASURE SOFTWARE INC
1122411,ASX,"ASE Technology Holding Co., Ltd."
720500,ASYS,AMTECH SYSTEMS INC
2135163,ATAC,Albatross Acquisition Corp
2081043,ATAI,AtaiBeckley Inc.
1853717,ATAT,Atour Lifestyle Holdings Ltd
2127653,ATAYY,American Tungsten & Antimony Ltd
1963088,ATCH,"AtlasClear Holdings, Inc."
1567663,ATCMF,ATICO MINING Corp
1684688,ATCX,ATLAS CRITICAL MINERALS Corp
1068689,ATDS,"Data443 Risk Mitigation, Inc."
1350653,ATEC,"Alphatec Holdings, Inc."
1580808,ATEN,"A10 Networks, Inc."
1757715,ATER,"Aterian, Inc."
1304492,ATEX,Anterix Inc.
1158838,ATEYY,ADVANTEST CORP
1967621,ATGL,Alpha Technology Group Ltd
1527469,ATH-PA,Athene Holding Ltd.
1527469,ATH-PB,Athene Holding Ltd.
1527469,ATH-PD,Athene Holding Ltd.
1527469,ATH-PE,Athene Holding Ltd.
1131343,ATHE,ALTERITY THERAPEUTICS LTD
1527636,ATHM,Autohome Inc.
2026353,ATHR,"Aether Holdings, Inc."
1527469,ATHS,Athene Holding Ltd.
1018963,ATI,ATI INC
2028516,ATII,Archimedes Tech SPAC Partners II Co.
2028516,ATIIU,Archimedes Tech SPAC Partners II Co.
2028516,ATIIW,Archimedes Tech SPAC Partners II Co.
1666138,ATKR,Atkore Inc.
1464343,ATLC,Atlanticus Holdings Corp
1464343,ATLCL,Atlanticus Holdings Corp
1464343,ATLCP,Atlanticus Holdings Corp
1464343,ATLCZ,Atlanticus Holdings Corp
1605888,ATLN,CIRCLE8 GROUP INC
1132651,ATLO,AMES NATIONAL CORP
1540684,ATLX,Atlas Lithium Corp
1484674,ATMH,"ALL THINGS MOBILE ANALYTIC, INC."
312070,ATMP,BARCLAYS BANK PLC
1921963,ATMU,Atmus Filtration Technologies Inc.
879585,ATNI,"ATN International, Inc."
1388320,ATNM,"Actinium Pharmaceuticals, Inc."
731802,ATO,ATMOS ENERGY CORP
1420520,ATOM,Atomera Inc
1488039,ATOS,"ATOSSA THERAPEUTICS, INC."
1713210,ATPC,Agape ATP Corp
896622,ATR,"APTARGROUP, INC."
1604464,ATRA,"Atara Biotherapeutics, Inc."
1323885,ATRC,"AtriCure, Inc."
8063,ATRO,ASTRONICS CORP
8063,ATROB,ASTRONICS CORP
1394832,ATS,ATS Corp /ATS
1530185,ATVK,"Globaltek Ventures, Inc."
1650101,ATXG,ADDENTAX GROUP CORP.
1644963,ATXI,"AVENUE THERAPEUTICS, INC."
1339970,ATYR,aTYR PHARMA INC
1973832,AU,AngloGold Ashanti PLC
883948,AUB,Atlantic Union Bankshares Corp
883948,AUB-PA,Atlantic Union Bankshares Corp
750574,AUBN,"AUBURN NATIONAL BANCORPORATION, INC"
1755058,AUC,ATIF Holdings Ltd
1086434,AUDC,AUDIOCODES LTD
1839290,AUGCF,AU Gold Corp.
1468642,AUGO,Aura Minerals Inc.
1534154,AUID,authID Inc.
1011509,AUMN,Golden Minerals Co
1799207,AUNA,AUNA S.A.
1600620,AUPH,Aurinia Pharmaceuticals Inc.
1828108,AUR,"Aurora Innovation, Inc."
1501796,AURA,"Aura Biosciences, Inc."
1765850,AURE,Aurelion Inc.
1864597,AURFF,Tincorp Metals Inc.
1828108,AUROW,"Aurora Innovation, Inc."
1091596,AURX,"Nuo Therapeutics, Inc."
826253,AUSI,AURA SYSTEMS INC
1817740,AUST,Austin Gold Corp.
1730463,AUTL,Autolus Therapeutics plc
1554818,AUUD,AUDDIA INC.
1725603,AUXXF,A2 Gold Corp.
104918,AVA,AVISTA CORP
2111009,AVAC,American Ventures Acquisition Corp. I
1832332,AVAH,"Aveanna Healthcare Holdings, Inc."
1740797,AVAI,"AVAI BIO, INC."
1504764,AVAL,Grupo Aval Acciones Y Valores S.A.
2092446,AVAT,Avalanche Treasury Corp
1368622,AVAV,AeroVironment Inc
915912,AVB,AVALONBAY COMMUNITIES INC
2058758,AVBC,"Avidia Bancorp, Inc."
1443575,AVBH,"Avidbank Holdings, Inc."
1868279,AVBP,"ArriVent BioPharma, Inc."
1355736,AVCRF,Avricore Health Inc.
5981,AVD,AMERICAN VANGUARD CORP
2096300,AVEX,AEVEX Corp.
1730168,AVGO,Broadcom Inc.
1593899,AVIR,"Atea Pharmaceuticals, Inc."
1219120,AVK,ADVENT CONVERTIBLE & INCOME FUND
1540171,AVLN,Avalyn Pharma Inc.
1362898,AVLNF,Avalon Advanced Materials Inc.
1113313,AVNI,ARVANA INC
1606498,AVNS,"AVANOS MEDICAL, INC."
1122976,AVNT,AVIENT CORP
1377789,AVNW,"AVIAT NETWORKS, INC."
1802974,AVO,"Mission Produce, Inc."
1445467,AVPMF,AVRUPA MINERALS LTD.
1777921,AVPT,"AvePoint, Inc."
2011514,AVR,Anteris Technologies Global Corp.
8858,AVT,AVNET INC
1722482,AVTR,"Avantor, Inc."
1534120,AVTX,"Avalo Therapeutics, Inc."
2082141,AVVSY,Avio S.p.A./ADR
1826397,AVX,AVAX ONE TECHNOLOGY LTD.
1314052,AVXL,ANAVEX LIFE SCIENCES CORP.
8818,AVY,Avery Dennison Corp
2092258,AWATY,Air Water Inc./ADR
1021917,AWCA,"Awaysis Capital, Inc."
906013,AWF,ALLIANCEBERNSTEIN GLOBAL HIGH INCOME FUND INC
926617,AWHL,Aspira Women's Health Inc.
7431,AWI,ARMSTRONG WORLD INDUSTRIES INC
1410636,AWK,"American Water Works Company, Inc."
1866034,AWLIF,Ameriwest Critical Metals Inc.
1390195,AWP,abrdn Global Premier Properties Fund
1056903,AWR,AMERICAN STATES WATER CO
1015739,AWRE,AWARE INC /MA/
1061069,AWX,AVALON HOLDINGS CORP
1299709,AX,"Axos Financial, Inc."
1959224,AXG,"Solowin Holdings, Ltd."
805928,AXGN,"Axogen, Inc."
1439124,AXIA,AXIA Energia S.A.
1439124,AXIA-PC,AXIA Energia S.A.
1718500,AXIL,"Axil Brands, Inc."
1514946,AXIM,"AXIM BIOTECHNOLOGIES, INC."
2057030,AXIN,Axiom Intelligence Acquisition Corp 1
2057030,AXINR,Axiom Intelligence Acquisition Corp 1
2057030,AXINU,Axiom Intelligence Acquisition Corp 1
1069183,AXON,"AXON ENTERPRISE, INC."
4962,AXP,AMERICAN EXPRESS CO
6207,AXR,AMREP CORP.
1175596,AXREF,AMARC RESOURCES LTD
1214816,AXS,AXIS CAPITAL HOLDINGS LTD
1214816,AXS-PE,AXIS CAPITAL HOLDINGS LTD
1579428,AXSM,"Axsome Therapeutics, Inc."
1616862,AXTA,Axalta Coating Systems Ltd.
1051627,AXTI,AXT INC
1826836,AYA,Aya Gold & Silver Inc.
1144215,AYI,ACUITY INC. (DE)
1362988,AYR,Aircastle LTD
1847462,AYRWF,Ayr Wellness Inc.
1385818,AYTU,"AYTU BIOPHARMA, INC"
1866030,AZ,A2Z CUST2MATE SOLUTIONS CORP.
1701599,AZASF,Arizona Gold & Silver Inc.
2108185,AZBLY,Azbil Corporation/ADR
1959726,AZI,Autozi Internet Technology (Global) Ltd.
901832,AZN,ASTRAZENECA PLC
866787,AZO,AUTOZONE INC
933974,AZTA,"Azenta, Inc."
1701478,AZTR,"Azitra, Inc."
1432364,AZUL,AZUL SA
8947,AZZ,AZZ INC
1706404,AZZTF,Aztec Minerals Corp.
756894,B,BARRICK MINING CORP
12927,BA,BOEING CO
12927,BA-PA,BOEING CO
1577552,BABA,Alibaba Group Holding Ltd
1123596,BABB,"BAB, INC."
1807936,BABYF,Else Nutrition Holdings Inc.
70858,BAC,BANK OF AMERICA CORP /DE/
70858,BAC-PB,BANK OF AMERICA CORP /DE/
70858,BAC-PE,BANK OF AMERICA CORP /DE/
70858,BAC-PK,BANK OF AMERICA CORP /DE/
70858,BAC-PL,BANK OF AMERICA CORP /DE/
70858,BAC-PM,BANK OF AMERICA CORP /DE/
70858,BAC-PN,BANK OF AMERICA CORP /DE/
70858,BAC-PO,BANK OF AMERICA CORP /DE/
70858,BAC-PP,BANK OF AMERICA CORP /DE/
70858,BAC-PQ,BANK OF AMERICA CORP /DE/
70858,BAC-PS,BANK OF AMERICA CORP /DE/
2059654,BACC,Blue Acquisition Corp/Cayman
2059654,BACCR,Blue Acquisition Corp/Cayman
2059654,BACCU,Blue Acquisition Corp/Cayman
1941536,BAER,"Bridger Aerospace Group Holdings, Inc."
1941536,BAERW,"Bridger Aerospace Group Holdings, Inc."
895564,BAESF,BAE SYSTEMS PLC /FI/
895564,BAESY,BAE SYSTEMS PLC /FI/
1649739,BAFN,BayFirst Financial Corp.
2115027,BAGZ,Cryptex Digital Market Cap ETF
1443646,BAH,Booz Allen Hamilton Holding Corp
1071438,BAK,BRASKEM SA
9389,BALL,BALL Corp
1747079,BALY,Bally's Corp
1937926,BAM,Brookfield Asset Management Ltd.
1446250,BAMXF,Bayerische Motoren Werke AG/ADR
1169770,BANC,"BANC OF CALIFORNIA, INC."
1169770,BANC-PF,"BANC OF CALIFORNIA, INC."
1514416,BAND,Bandwidth Inc.
760498,BANF,BANCFIRST CORP /OK/
760498,BANFP,BANCFIRST CORP /OK/
1914805,BANL,CBL International Ltd
946673,BANR,BANNER CORP
1578987,BANX,ArrowMark Financial Corp.
1811216,BAOS,Baosheng Media Group Holdings Ltd
1001290,BAP,CREDICORP LTD
1690437,BAR,GraniteShares Gold Trust
1819574,BARK,"Bark, Inc."
1448705,BASA,"BASANITE, INC."
1282648,BATL,BATTALION OIL CORP
1958140,BATRA,"Atlanta Braves Holdings, Inc."
1958140,BATRK,"Atlanta Braves Holdings, Inc."
2086017,BAVA,Bitwise Avalanche ETF
1968385,BAWAY,BAWAG Group AG/ADR
10456,BAX,BAXTER INTERNATIONAL INC
1969475,BAYA,Bayview Acquisition Corp
1969475,BAYAR,Bayview Acquisition Corp
1969475,BAYAU,Bayview Acquisition Corp
1070235,BB,BLACKBERRY Ltd
1836981,BBAI,"BigBear.ai Holdings, Inc."
1836981,BBAI-WT,"BigBear.ai Holdings, Inc."
913059,BBAR,Banco BBVA Argentina S.A.
1829809,BBBMF,Lux Metals Corp.
1548958,BBBXF,Brixton Metals Corp
1130713,BBBY,"BED BATH & BEYOND, INC."
1130713,BBBY-WT,"BED BATH & BEYOND, INC."
1703956,BBCP,"Concrete Pumping Holdings, Inc."
2088295,BBCQ,Bleichroeder Acquisition Corp. II
2088295,BBCQU,Bleichroeder Acquisition Corp. II
2088295,BBCQW,Bleichroeder Acquisition Corp. II
1160330,BBD,BANK BRADESCO
1379785,BBDC,"Barings BDC, Inc."
1160330,BBDO,BANK BRADESCO
1099160,BBGI,BEASLEY BROADCAST GROUP INC
1743881,BBIO,"BridgeBio Pharma, Inc."
1419554,BBLG,Bone Biologics Corp
1419554,BBLGW,Bone Biologics Corp
1873722,BBLR,Bubblr Inc.
1493683,BBN,BlackRock Taxable Municipal Bond Trust
1674632,BBNX,"Beta Bionics, Inc."
1869105,BBOT,"BridgeBio Oncology Therapeutics, Inc."
902791,BBSI,BARRETT BUSINESS SERVICES INC
1108134,BBT,Beacon Financial Corp
1654795,BBUC,Brookfield Business Corp
842180,BBVA,"BANCO BILBAO VIZCAYA ARGENTARIA, S.A."
1113809,BBW,BUILD-A-BEAR WORKSHOP INC
701985,BBWI,"Bath & Body Works, Inc."
764478,BBY,BEST BUY CO INC
14930,BC,BRUNSWICK CORP
14930,BC-PC,BRUNSWICK CORP
1826892,BCAB,"BioAtla, Inc."
1795815,BCAL,California BanCorp \ CA
2065779,BCAR,D. Boral ARC Acquisition I Corp.
2065779,BCARU,D. Boral ARC Acquisition I Corp.
2065779,BCARW,D. Boral ARC Acquisition I Corp.
1809541,BCAT,BlackRock Capital Allocation Term Trust
2023658,BCAX,Bicara Therapeutics Inc.
1228454,BCBP,BCB BANCORP INC
1328581,BCC,BOISE CASCADE Co
2128045,BCCQ,Bleichroeder Acquisition Corp. III
2128045,BCCQU,Bleichroeder Acquisition Corp. III
925741,BCDA,"BioCardia, Inc."
891478,BCDRF,"Banco Santander, S.A."
718940,BCE,BCE INC
1953984,BCG,"Binah Capital Group, Inc."
1953984,BCGWW,"Binah Capital Group, Inc."
1161125,BCH,BANK OF CHILE
1732409,BCHG,Grayscale Bitcoin Cash Trust (BCH)
1968378,BCHMY,Bachem Holding AG/ADR
728385,BCHT,Birchtech Corp.
1372807,BCIC,BCP Investment Corp
2127862,BCLGY,BALTIC CLASSIFIEDS GROUP PLC/ADR
1137883,BCLI,BRAINSTORM CELL THERAPEUTICS INC.
1730984,BCML,BayCom Corp
78890,BCO,BRINKS CO
1847360,BCOW,"1895 Bancorp of Wisconsin, Inc. /MD/"
9326,BCPC,BALCHEM CORP
1496690,BCRD,"BlueOne Technologies, Inc."
882796,BCRX,BIOCRYST PHARMACEUTICALS INC
312069,BCS,BARCLAYS PLC
1655050,BCSF,"Bain Capital Specialty Finance, Inc."
2064355,BCSS,Bain Capital GSS Investment Corp.
2064355,BCSS-UN,Bain Capital GSS Investment Corp.
2064355,BCSS-WT,Bain Capital GSS Investment Corp.
1610820,BCTX,BriaCell Therapeutics Corp.
1610820,BCTXL,BriaCell Therapeutics Corp.
1610820,BCTXZ,BriaCell Therapeutics Corp.
1477201,BCUFF,Bell Copper Corp
9521,BCV,BANCROFT FUND LTD
9521,BCV-PA,BANCROFT FUND LTD
1506289,BCX,BlackRock Resources & Commodities Strategy Trust
1761612,BCYC,BICYCLE THERAPEUTICS PLC
913142,BDC,BELDEN INC.
2042292,BDCI,BTC Development Corp.
2042292,BDCIU,BTC Development Corp.
2042292,BDCIW,BTC Development Corp.
793306,BDCO,BLUE DOLPHIN ENERGY CO
1576159,BDCTF,BuildDirect.com Technologies Inc.
1114446,BDCX,UBS AG
1114446,BDCZ,UBS AG
2133836,BDDD,Bridge III Acquisition Ltd
1332283,BDJ,BlackRock Enhanced Equity Dividend Trust
12040,BDL,FLANIGANS ENTERPRISES INC
1982444,BDMD,Baird Medical Investment Holdings Ltd
1982444,BDMDW,Baird Medical Investment Holdings Ltd
790816,BDN,BRANDYWINE REALTY TRUST
1575142,BDPT,"BIOADAPTIVES, INC."
1643918,BDRX,Biodexa Pharmaceuticals Plc
1610940,BDRY,Amplify Commodity Trust
1439725,BDSX,BIODESIX INC
1701541,BDTX,"Black Diamond Therapeutics, Inc."
10795,BDX,BECTON DICKINSON & CO
1664703,BE,Bloom Energy Corp
1852207,BEAG,Bold Eagle Acquisition Corp.
1852207,BEAGR,Bold Eagle Acquisition Corp.
1852207,BEAGU,Bold Eagle Acquisition Corp.
1745999,BEAM,Beam Therapeutics Inc.
1779372,BEAT,"HeartBeam, Inc."
1779372,BEATW,"HeartBeam, Inc."
2079933,BEBE,TGE Value Creative Solutions Corp
2079933,BEBE-UN,TGE Value Creative Solutions Corp
2079933,BEBE-WT,TGE Value Creative Solutions Corp
1398805,BEEM,Beam Global
1847874,BEEP,Mobile Infrastructure Corp
1809587,BEKE,KE Holdings Inc.
729580,BELFA,BEL FUSE INC /NJ
729580,BELFB,BEL FUSE INC /NJ
2137137,BEMPY,Bangkok Expressway & Metro Public Co Limited/ADR
38777,BEN,FRANKLIN RESOURCES INC
1775734,BENF,Beneficient
1775734,BENFW,Beneficient
1480170,BEOB,BEO BANCORP
1533232,BEP,Brookfield Renewable Partners L.P.
1533232,BEP-PA,Brookfield Renewable Partners L.P.
1791863,BEPC,Brookfield Renewable Corp
1533232,BEPH,Brookfield Renewable Partners L.P.
1533232,BEPI,Brookfield Renewable Partners L.P.
1533232,BEPJ,Brookfield Renewable Partners L.P.
927971,BERZ,BANK OF MONTREAL /CAN/
1066764,BESS,Bimergen Energy Corp
1066764,BESS-WT,Bimergen Energy Corp
1784570,BETA,"BETA Technologies, Inc."
1835856,BETR,Better Home & Finance Holding Co
1464165,BETRF,BetterLife Pharma Inc.
1835856,BETRW,Better Home & Finance Holding Co
1113152,BEWFF,BEWHERE HOLDINGS INC
14693,BF-A,BROWN FORMAN CORP
14693,BF-B,BROWN FORMAN CORP
1437578,BFAM,BRIGHT HORIZONS FAMILY SOLUTIONS INC.
1746109,BFC,Bank First Corp
1395005,BFCH,"UNLOCKD, Inc."
1101215,BFH,"BREAD FINANCIAL HOLDINGS, INC."
1101215,BFH-PA,"BREAD FINANCIAL HOLDINGS, INC."
1101215,BFH-PB,"BREAD FINANCIAL HOLDINGS, INC."
1804176,BFLY,"Butterfly Network, Inc."
1310488,BFNH,"BIOFORCE NANOSCIENCES HOLDINGS, INC."
1829247,BFRG,"BullFrog AI Holdings, Inc."
1829247,BFRGW,"BullFrog AI Holdings, Inc."
1858685,BFRI,Biofrontera Inc.
1858685,BFRIW,Biofrontera Inc.
907254,BFS,"SAUL CENTERS, INC."
907254,BFS-PD,"SAUL CENTERS, INC."
907254,BFS-PE,"SAUL CENTERS, INC."
1624322,BFST,"Business First Bancshares, Inc."
1996862,BG,Bunge Global SA
1500620,BGAVF,Bravada Gold Corp
1546429,BGB,Blackstone Strategic Credit 2027 Term Fund
1094831,BGC,"BGC Group, Inc."
1218683,BGDE,"Big Digital Energy, Inc."
1521404,BGH,BARINGS GLOBAL SHORT DURATION HIGH YIELD FUND
1179821,BGI,BIRKS GROUP INC.
1945565,BGIN,BGIN BLOCKCHAIN Ltd
2019435,BGL,Blue Gold Ltd
1737523,BGLC,BioNexus Gene Lab Corp
2019435,BGLWW,Blue Gold Ltd
1779578,BGM,BGM Group Ltd.
1130166,BGMS,"Bio Green Med Solution, Inc."
1306550,BGR,BlackRock Energy & Resources Trust
1278027,BGS,"B&G Foods, Inc."
1474903,BGSF,"BGSF, INC."
2091467,BGSI,Boyd Group Services Inc.
1287480,BGT,BLACKROCK FLOATING RATE INCOME TRUST
1504234,BGX,Blackstone Long-Short Credit Income Fund
1393299,BGY,BlackRock Enhanced International Dividend Trust
1726173,BH,Biglari Holdings Inc.
1726173,BH-A,Biglari Holdings Inc.
1759136,BHATF,Blue Hat Interactive Entertainment Technology
2097288,BHAV,BHAV Acquisition Corp
2097288,BHAVR,BHAV Acquisition Corp
2097288,BHAVU,BHAV Acquisition Corp
743367,BHB,BAR HARBOR BANKSHARES
885590,BHC,Bausch Health Companies Inc.
863436,BHE,BENCHMARK ELECTRONICS INC
1685040,BHF,"Brighthouse Financial, Inc."
1685040,BHFAL,"Brighthouse Financial, Inc."
1685040,BHFAM,"Brighthouse Financial, Inc."
1685040,BHFAN,"Brighthouse Financial, Inc."
1685040,BHFAO,"Brighthouse Financial, Inc."
1685040,BHFAP,"Brighthouse Financial, Inc."
1784440,BHIC,"BioScience Health Innovations, Inc."
1160864,BHK,BLACKROCK CORE BOND TRUST
1407583,BHLL,Bunker Hill Mining Corp.
1903382,BHM,"Bluerock Homes Trust, Inc."
811809,BHP,BHP Group Ltd
811809,BHPLF,BHP Group Ltd
1574085,BHR,Braemar Hotels & Resorts Inc.
1574085,BHR-PB,Braemar Hotels & Resorts Inc.
1574085,BHR-PD,Braemar Hotels & Resorts Inc.
1964333,BHRB,Burke & Herbert Financial Services Corp.
1432588,BHSIF,BAYHORSE SILVER INC.
1723464,BHST,BIOHARVEST SCIENCES INC.
2125951,BHTGY,"Beijing Haizhi Technology Group Co., Ltd./ADR"
1169034,BHV,BLACKROCK VIRGINIA MUNICIPAL BOND TRUST
1935979,BHVN,Biohaven Ltd.
2088139,BHYP,Bitwise Hyperliquid ETF
1712762,BIAF,"bioAffinity Technologies, Inc."
1712762,BIAFW,"bioAffinity Technologies, Inc."
1443863,BICX,BioCorRx Inc.
2094919,BID,Tribeca Strategic Acquisition Corp.
1329099,BIDU,"Baidu, Inc."
2094919,BIDWU,Tribeca Strategic Acquisition Corp.
875045,BIIB,BIOGEN INC.
2087087,BIII,Black Spade Acquisition III Co
2087087,BIII-UN,Black Spade Acquisition III Co
2087087,BIII-WT,Black Spade Acquisition III Co
1723690,BILI,Bilibili Inc.
1786352,BILL,"BILL Holdings, Inc."
1499961,BINI,"BOLLINGER INNOVATIONS, INC."
12208,BIO,"BIO-RAD LABORATORIES, INC."
12208,BIO-B,"BIO-RAD LABORATORIES, INC."
1709941,BIOA,"BioAge Labs, Inc."
1549145,BIOF,"BLUE BIOFUELS, INC."
1769484,BIOX,Bioceres Crop Solutions Corp.
1406234,BIP,Brookfield Infrastructure Partners L.P.
1406234,BIP-PA,Brookfield Infrastructure Partners L.P.
1406234,BIP-PB,Brookfield Infrastructure Partners L.P.
1788348,BIPC,Brookfield Infrastructure Corp
1406234,BIPH,Brookfield Infrastructure Partners L.P.
1406234,BIPI,Brookfield Infrastructure Partners L.P.
1406234,BIPJ,Brookfield Infrastructure Partners L.P.
1653909,BIRD,"Smartbird, Inc."
2073268,BIREY,Birchcliff Energy Ltd./ADR
1977102,BIRK,Birkenstock Holding plc
1562818,BIT,BlackRock Multi-Sector Income Trust
2089969,BITA,iShares Bitcoin Premium Income ETF
1763415,BITB,Bitwise Bitcoin ETF
1028357,BITTF,BITTERROOT RESOURCES LTD
1723788,BITW,Bitwise 10 Crypto Index ETF
1580149,BIVI,BIOVIE INC.
1580149,BIVIW,BIOVIE INC.
2082542,BIXI,Bitcoin Infrastructure Acquisition Corp Ltd
2082542,BIXIU,Bitcoin Infrastructure Acquisition Corp Ltd
2082542,BIXIW,Bitcoin Infrastructure Acquisition Corp Ltd
1445815,BIXT,"BIOXYTRAN, INC"
1944712,BIYA,Baiya International Group Inc.
1531152,BJ,"BJ's Wholesale Club Holdings, Inc."
1704287,BJDX,"Bluejay Diagnostics, Inc."
2098425,BJGPY,"Beijing Geekplus Technology Co., Ltd./ADR"
1013488,BJRI,BJs RESTAURANTS INC
1332349,BKD,Brookdale Senior Living Inc.
885245,BKE,BUCKLE INC
1130464,BKH,BLACK HILLS CORP /SD/
2000775,BKHA,Black Hawk Acquisition Corp
2000775,BKHAR,Black Hawk Acquisition Corp
2000775,BKHAU,Black Hawk Acquisition Corp
1820302,BKKT,"Bakkt, Inc."
1820302,BKKT-WT,"Bakkt, Inc."
1075531,BKNG,Booking Holdings Inc.
2075877,BKPOY,Bank Pekao S.A./ADR
1701605,BKR,Baker Hughes Co
1007273,BKSC,BANK OF SOUTH CAROLINA CORP
1753539,BKSY,BlackSky Technology Inc.
1753539,BKSY-WT,BlackSky Technology Inc.
832327,BKT,"BLACKROCK INCOME TRUST, INC."
1144392,BKTH,MEGOLA INC
2186,BKTI,BK Technologies Corp
1504008,BKU,"BankUnited, Inc."
1463978,BKUCF,BLUE SKY URANIUM CORP.
1838406,BKV,BKV Corp
1019034,BKYI,BIO KEY INTERNATIONAL INC
1459334,BKZHY,Santander Bank Polska SA/ADR
1666134,BL,"BLACKLINE, INC."
1589526,BLBD,Blue Bird Corp
1860742,BLCO,Bausch & Lomb Corp
1633931,BLD,"QXO Insulation, LLC"
2097508,BLDC,"Blockfusion Digital Infrastructure, Inc."
1453015,BLDP,Ballard Power Systems Inc.
1316835,BLDR,"Builders FirstSource, Inc."
1506721,BLFBY,Balfour Beatty plc/ADR
834365,BLFS,BIOLIFE SOLUTIONS INC
880242,BLGO,"BIOLARGO, INC."
1378590,BLIN,"Bridgeline Digital, Inc."
1703625,BLIS,"NAPC Defense, Inc."
1982448,BLIV,BeLive Holdings
2012383,BLK,"BlackRock, Inc."
1280058,BLKB,BLACKBAUD INC
2070849,BLLN,"BillionToOne, Inc."
1996210,BLMH,"BLUM HOLDINGS, INC."
1546417,BLMN,"Bloomin' Brands, Inc."
2109234,BLMOY,BELIMO Holding AG/ADR
1632121,BLNC,"Balance Labs, Inc."
1855747,BLND,"Blend Labs, Inc."
1534708,BLNE,"Beeline Holdings, Inc."
1429764,BLNK,Blink Charging Co.
2081532,BLRK,Bluerock Acquisition Corp.
2081532,BLRKU,Bluerock Acquisition Corp.
2081532,BLRKW,Bluerock Acquisition Corp.
1498403,BLRX,BioLineRx Ltd.
1872195,BLSH,Bullish
1889109,BLTE,"BELITE BIO, INC"
2045873,BLTG,BOUNDLESS GROUP
1487718,BLTH,"AMERICAN BATTERY MATERIALS, INC."
2050501,BLUW,Blue Water Acquisition Corp. III
2050501,BLUWU,Blue Water Acquisition Corp. III
2050501,BLUWW,Blue Water Acquisition Corp. III
1233681,BLW,BLACKROCK Ltd DURATION INCOME TRUST
890541,BLX,"FOREIGN TRADE BANK OF LATIN AMERICA, INC."
1462056,BLZE,"Backblaze, Inc."
2075310,BLZR,Trailblazer Acquisition Corp.
2075310,BLZRU,Trailblazer Acquisition Corp.
2075310,BLZRW,Trailblazer Acquisition Corp.
1347426,BMA,Macro Bank Inc.
1830043,BMBL,Bumble Inc.
804563,BMBN,BENCHMARK BANKSHARES INC
1002788,BMDPF,BANCA MONTE DEI PASCHI DI SIENA SPA
1314966,BME,BlackRock Health Sciences Trust
1840439,BMEA,"Biomea Fusion, Inc."
1785971,BMEZ,BlackRock Health Sciences Term Trust
2004489,BMGL,Basel Medical Group Ltd
2027815,BMHL,Bluemount Holdings Ltd
9092,BMI,BADGER METER INC
70858,BML-PG,BANK OF AMERICA CORP /DE/
70858,BML-PH,BANK OF AMERICA CORP /DE/
70858,BML-PJ,BANK OF AMERICA CORP /DE/
70858,BML-PL,BANK OF AMERICA CORP /DE/
1732379,BMM,Blue Moon Metals Inc.
1832871,BMN,BlackRock 2037 Municipal Target Term Trust
1275477,BMNM,"BIMINI CAPITAL MANAGEMENT, INC."
1829311,BMNP,"BITMINE IMMERSION TECHNOLOGIES, INC."
1829311,BMNR,"BITMINE IMMERSION TECHNOLOGIES, INC."
927971,BMO,BANK OF MONTREAL /CAN/
2071607,BMOK,BM Acquisition Corp.
1130781,BMPA,"BMP AI Technologies, Inc."
1899005,BMR,Beamr Imaging Ltd.
73290,BMRA,BIOMERICA INC
1403475,BMRC,Bank of Marin Bancorp
1048477,BMRN,BIOMARIN PHARMACEUTICAL INC
1671235,BMRRY,B&M European Value Retail S.A./ADR
1568385,BMTM,"Bright Mountain Media, Inc."
1446250,BMWKY,Bayerische Motoren Werke AG/ADR
1122993,BMXI,BROOKMOUNT EXPLORATIONS INC
14272,BMY,BRISTOL MYERS SQUIBB CO
1001085,BN,BROOKFIELD Corp /ON/
1838163,BNAI,Brand Engagement Network Inc.
1838163,BNAIW,Brand Engagement Network Inc.
744452,BNBX,BNB PLUS CORP.
1482541,BNC,CEA Industries Inc.
1482541,BNCWW,CEA Industries Inc.
1482541,BNCWZ,CEA Industries Inc.
1634117,BNED,"Barnes & Noble Education, Inc."
875729,BNET,BION ENVIRONMENTAL TECHNOLOGIES INC
1411690,BNGO,"Bionano Genomics, Inc."
1001085,BNH,BROOKFIELD Corp /ON/
1001085,BNJ,BROOKFIELD Corp /ON/
927971,BNKD,BANK OF MONTREAL /CAN/
1760903,BNKK,"BONK, INC."
927971,BNKU,BANK OF MONTREAL /CAN/
1424182,BNL,"Broadstone Net Lease, Inc."
1472494,BNO,"United States Brent Oil Fund, LP"
1792267,BNR,Burning Rock Biotech Ltd
1901215,BNRG,Brenmiller Energy Ltd.
9631,BNS,BANK OF NOVA SCOTIA
1837429,BNT,Brookfield Wealth Solutions Ltd.
1808898,BNTC,Benitec Biopharma Inc.
1776985,BNTX,BioNTech SE
1390777,BNY,Bank of New York Mellon Corp
1390777,BNY-PK,Bank of New York Mellon Corp
1826011,BNZI,"Banzai International, Inc."
1826011,BNZIW,"Banzai International, Inc."
2085187,BOBS,"Bob's Discount Furniture, Inc."
1494582,BOC,BOSTON OMAHA Corp
1826889,BODI,"Beachbody Company, Inc."
1320375,BOE,BlackRock Enhanced Global Dividend Trust
1962481,BOF,BranchOut Food Inc.
46195,BOH,BANK OF HAWAII CORP
46195,BOH-PA,BANK OF HAWAII CORP
46195,BOH-PB,BANK OF HAWAII CORP
1415311,BOIL,ProShares Trust II
875357,BOKF,BOK FINANCIAL CORP
1782303,BOLD,"Boundless Bio, Inc."
1641281,BOLT,"Bolt Biotherapeutics, Inc."
1816815,BON,Bon Natural Life Ltd
1544770,BONXF,BONTERRA RESOURCES INC.
34067,BOOM,DMC Global Inc.
1610250,BOOT,"Boot Barn Holdings, Inc."
2097461,BORAY,"Bora Pharmaceuticals Co., Ltd./ADR"
1715497,BORR,Borr Drilling Ltd
1005516,BOSC,BOS BETTER ONLINE SOLUTIONS LTD
2081119,BOT,"RoboStrategy, Inc."
1275101,BOTJ,BANK OF THE JAMES FINANCIAL GROUP INC
1643721,BOTX,DATZ WORLD HOLDINGS CORP.
1407704,BOTY,"LINGERIE FIGHTING CHAMPIONSHIPS, INC."
2002473,BOW,Bowhead Specialty Holdings Inc.
1372612,BOX,BOX INC
1624512,BOXL,Boxlight Corp
313807,BP,BP PLC
2064177,BPAC,Blueport Acquisition Ltd
2064177,BPACR,Blueport Acquisition Ltd
2064177,BPACU,Blueport Acquisition Ltd
763901,BPOP,"POPULAR, INC."
763901,BPOPM,"POPULAR, INC."
1551047,BPRE,Bluerock Private Real Estate Fund
1913971,BPRN,"Princeton Bancorp, Inc."
1133818,BPTH,"BIO-PATH HOLDINGS, INC."
1545772,BPYPM,Brookfield Property Partners L.P.
1545772,BPYPN,Brookfield Property Partners L.P.
1545772,BPYPO,Brookfield Property Partners L.P.
1545772,BPYPP,Brookfield Property Partners L.P.
1815021,BQ,Boqii Holding Ltd
1383312,BR,"BROADRIDGE FINANCIAL SOLUTIONS, INC."
1867834,BRAG,Bragg Gaming Group Inc.
2076975,BRAI,Braiin Ltd
1976870,BRBF,BRB Foods Inc.
2058601,BRBI,BRBI BR Partners S.A.
1772016,BRBR,"BELLRING BRANDS, INC."
842717,BRBS,"BLUE RIDGE BANKSHARES, INC."
746598,BRC,BRADY CORP
2068577,BRCB,"Black Rock Coffee Bar, Inc."
1891101,BRCC,BRC Inc.
1158399,BRCNF,Burcon NutraScience Corp
2018463,BRELY,Brazilian Rare Earths Limited/ADR
2095443,BREZ,Breeze Acquisition Corp. II
2095443,BREZR,Breeze Acquisition Corp. II
1487197,BRFH,BARFRESH FOOD GROUP INC.
1593184,BRGX,"BIOREGENX, INC."
2000230,BRIA,BrilliA Inc
14177,BRID,BRIDGFORD FOODS CORP
1067983,BRK-A,BERKSHIRE HATHAWAY INC
1067983,BRK-B,BERKSHIRE HATHAWAY INC
1019742,BRKCF,BARKSDALE RESOURCES CORP.
2098707,BRKH,Burtech Acquisition Corp II
2098707,BRKHU,Burtech Acquisition Corp II
1109354,BRKR,BRUKER CORP
1109354,BRKRP,BRUKER CORP
1631463,BRLL,Barrel Energy Inc.
1852973,BRLS,Borealis Foods Inc.
1852973,BRLSW,Borealis Foods Inc.
1866757,BRLT,"Brilliant Earth Group, Inc."
10048,BRN,BARNWELL INDUSTRIES INC
1828185,BRNS,Barinthus Biotherapeutics plc.
79282,BRO,"BROWN & BROWN, INC."
1866581,BROS,Dutch Bros Inc.
1854526,BRQL,DYNAMIC AEROSPACE SYSTEMS Corp
1650575,BRQSF,"Borqs Technologies, Inc."
2076163,BRR,"ProCap Financial, Inc."
1841175,BRRR,CoinShares Bitcoin ETF
2076163,BRRWW,"ProCap Financial, Inc."
1619762,BRSL,Brightstar Lottery PLC
1717547,BRSP,"BrightSpire Capital, Inc."
14846,BRT,BRT Apartments Corp.
1505497,BRTX,"BioRestorative Therapies, Inc."
2090646,BRUN,Boost Run Inc.
2090646,BRUNW,Boost Run Inc.
1913288,BRVMF,Bravo Mining Corp.
1444839,BRVO,Bravo Multinational Inc.
826020,BRW,Saba Capital Income & Opportunities Fund
1873213,BRWC,Birdie Win Corp
1581068,BRX,Brixmor Property Group Inc.
1676238,BRZE,"Braze, Inc."
2051587,BSAA,BEST SPAC I Acquisition Corp.
2051587,BSAAR,BEST SPAC I Acquisition Corp.
2051587,BSAAU,BEST SPAC I Acquisition Corp.
1027552,BSAC,BANCO SANTANDER CHILE
1416090,BSAI,BLUSKY AI INC.
1787414,BSBK,Bogota Financial Corp.
1471055,BSBR,Banco Santander (Brasil) S.A.
1658678,BSEM,"BioStem Technologies, Inc."
10329,BSET,BASSETT FURNITURE INDUSTRIES INC
1730773,BSFC,Blue Star Foods Corp.
101594,BSIN,BIG SKY INDUSTRIAL INC.
1486298,BSL,Blackstone Senior Floating Rate 2027 Term Fund
1841125,BSLK,"Bolt Projects Holdings, Inc."
1621434,BSM,"Black Stone Minerals, L.P."
2045872,BSOL,Bitwise Solana Staking ETF
2004711,BSP,Bending Spoons S.p.A.
2094107,BSPA,"Ballston Spa Bancorp, Inc."
1409197,BSPK,"Bespoke Extracts, Inc."
1130144,BSRR,SIERRA BANCORP
1616678,BST,BlackRock Science & Technology Trust
2083583,BSTR,"BSTR Holdings, Inc."
1768666,BSTZ,BlackRock Science & Technology Term Trust
1746129,BSVN,Bank7 Corp.
885725,BSX,BOSTON SCIENTIFIC CORP
1031308,BSY,BENTLEY SYSTEMS INC
1303523,BTAFF,British American Tobacco p.l.c.
1720893,BTAI,"BioXcel Therapeutics, Inc."
1718224,BTBD,"BT Brands, Inc."
1718224,BTBDW,"BT Brands, Inc."
1710350,BTBT,"Bit Digital, Inc"
2015034,BTC,Grayscale Bitcoin Mini Trust ETF
1471824,BTCK,Teucrium Commodity Trust
1855781,BTCO,Invesco Galaxy Bitcoin ETF
1436229,BTCS,BTCS Inc.
1796514,BTCT,BTC Digital Ltd.
1850391,BTCW,WisdomTree Bitcoin Fund
1630113,BTCY,BIOTRICITY INC.
1516324,BTDPY,Barratt Developments PLC/ADR
1899123,BTDR,Bitdeer Technologies Group
1279495,BTE,BAYTEX ENERGY CORP.
2086775,BTECH,BTECH Corp
1429937,BTG,B2GOLD CORP
1740604,BTGO,"BITGO HOLDINGS, INC."
1303523,BTI,British American Tobacco p.l.c.
1901799,BTMCQ,Bitcoin Depot Inc.
1819253,BTMD,biote Corp.
925683,BTO,JOHN HANCOCK FINANCIAL OPPORTUNITIES FUND
1972529,BTOC,Armlogi Holding Corp.
1735556,BTOG,BIT ORIGIN Ltd
1821866,BTQ,BTQ Technologies Corp.
1865782,BTSG,"BrightSpring Health Services, Inc."
1865782,BTSGU,"BrightSpring Health Services, Inc."
1528437,BTT,BlackRock Municipal 2030 Target Term Trust
2034400,BTTC,Black Titan Corp
1064728,BTU,PEABODY ENERGY CORP
1836057,BTX,BlackRock Technology & Private Equity Term Trust
1379384,BTZ,BLACKROCK CREDIT ALLOCATION INCOME TRUST
1668717,BUD,Anheuser-Busch InBev SA/NV
2079720,BUDA,"BUDA JUICE, INC."
1393772,BUDZ,"WEED, INC."
1547870,BUHPY,Bumrungrad Hospital Public Co Limited/ADR
1528988,BUI,"BlackRock Utilities, Infrastructure & Power Opportunities Trust"
15847,BUKS,BUTLER NATIONAL CORP
1866364,BULL,Webull Corp
1866364,BULLW,Webull Corp
927971,BULZ,BANK OF MONTREAL /CAN/
1714174,BUR,Burford Capital Ltd
1579298,BURL,"Burlington Stores, Inc."
1814215,BURU,"Nuburu, Inc."
314489,BUSE,FIRST BUSEY CORP /NV/
314489,BUSEP,FIRST BUSEY CORP /NV/
2047273,BUUU,BUUU Group Ltd
1734713,BV,"BrightView Holdings, Inc."
1882559,BVAXF,BioVaxys Technology Corp.
1785680,BVC,BitVentures Ltd
2095292,BVENY,Brava Energia S.A.
1302387,BVFL,"BV Financial, Inc."
2127839,BVGLY,Bellevue Gold Ltd./ADR
1013131,BVN,BUENAVENTURA MINING CO INC
1665988,BVS,Bioventus Inc.
1630805,BW,"Babcock & Wilcox Enterprises, Inc."
1630805,BW-PA,"Babcock & Wilcox Enterprises, Inc."
908255,BWA,BORGWARNER INC
1505065,BWAY,Brainsway Ltd.
1341317,BWB,Bridgewater Bancshares Inc
1341317,BWBBP,Bridgewater Bancshares Inc
1120370,BWEN,"BROADWIND, INC."
1610940,BWET,Amplify Commodity Trust
1505732,BWFG,"Bankwell Financial Group, Inc."
1504545,BWG,BrandywineGLOBAL-Global Income Opportunities Fund Inc
1781755,BWIN,"Baldwin Insurance Group, Inc."
2082847,BWIV,Blue Water Acquisition Corp. IV
2082847,BWIV-UN,Blue Water Acquisition Corp. IV
2082847,BWIV-WT,Blue Water Acquisition Corp. IV
1649313,BWLP,BW LPG Ltd
1847590,BWMN,Bowman Consulting Group Ltd.
1788257,BWMX,"BETTERWARE DE MEXICO, S.A.P.I. DE C.V"
1630805,BWNB,"Babcock & Wilcox Enterprises, Inc."
2053791,BWOW,Bitwise Dogecoin ETF
1486957,BWXT,"BWX Technologies, Inc."
1393818,BX,Blackstone Inc.
1301787,BXC,BlueLinx Holdings Inc.
2100161,BXDC,Blackstone Digital Infrastructure Trust Inc.
1061630,BXMT,"BLACKSTONE MORTGAGE TRUST, INC."
1037540,BXP,"BXP, Inc."
2056450,BXRLY,Boxer Retail Limited/ADR
1736035,BXSL,Blackstone Secured Lending Fund
1059213,BXSY,BEXIL INVESTMENT TRUST
1702750,BY,"BYLINE BANCORP, INC."
1986247,BYAH,"Park Ha Biological Technology Co., Ltd."
906553,BYD,BOYD GAMING CORP
1001171,BYFC,BROADWAY FINANCIAL CORP \DE\
1655210,BYND,"BEYOND MEAT, INC."
1801417,BYNO,byNordic Acquisition Corp
1354866,BYRN,Byrna Technologies Inc.
1677940,BYSI,BeyondSpring Inc.
1842827,BZ,Kanzhun Ltd
1871638,BZAI,"Blaize Holdings, Inc."
1871638,BZAIW,"Blaize Holdings, Inc."
1527038,BZDLF,KINCORA COPPER LTD
1828972,BZFD,"BuzzFeed, Inc."
1828972,BZFDW,"BuzzFeed, Inc."
915840,BZH,BEAZER HOMES USA INC
1072397,BZLFY,BUNZL PLC
1765826,BZRD,"Blubuzzard, Inc."
1625414,BZUN,Baozun Inc.
724445,BZYR,BURZYNSKI RESEARCH INSTITUTE INC
831001,C,CITIGROUP INC
831001,C-PN,CITIGROUP INC
831001,C-PR,CITIGROUP INC
1717393,CAAP,CORPORACION AMERICA AIRPORTS S.A.
2037400,CAAS,"China Automotive Systems, Inc."
1759138,CABA,"Cabaletta Bio, Inc."
1632127,CABO,"Cable One, Inc."
2020737,CABR,"Caring Brands, Inc."
750686,CAC,CAMDEN NATIONAL CORP
885550,CACC,CREDIT ACCEPTANCE CORP
16058,CACI,CACI INTERNATIONAL INC /DE/
1841387,CADL,"Candel Therapeutics, Inc."
1173382,CAE,CAE INC
2087965,CAES,"Cantor Equity Partners VII, Inc."
1368493,CAF,"Morgan Stanley China A Share Fund, Inc."
23217,CAG,CONAGRA BRANDS INC.
721371,CAH,CARDINAL HEALTH INC
1678105,CAHO,Caro Holdings Inc.
2019410,CAI,"Caris Life Sciences, Inc."
2115404,CAII,Collective Acquisition Corp. II
2115404,CAIIU,Collective Acquisition Corp. II
2115404,CAIIW,Collective Acquisition Corp. II
16988,CAJPY,CANON INC
887596,CAKE,CHEESECAKE FACTORY INC
14707,CAL,CALERES INC
1534133,CALC,"CalciMedica, Inc."
16160,CALM,CAL-MAINE FOODS INC
1406666,CALX,"CALIX, INC"
837465,CALY,Callaway Golf Co
1736730,CAMP,Camp4 Therapeutics Corp
1109138,CAMT,CAMTEK LTD
1407582,CAMVF,Cambria Gold Mines Inc.
1780652,CAN,Canaan Inc.
1471824,CANE,Teucrium Commodity Trust
1536196,CANF,Can-Fite BioPharma Ltd.
1725123,CANG,Cango Inc.
1477009,CANN,TREES Corp (Colorado)
814926,CAPC,"CAPSTONE COMPANIES, INC."
2066925,CAPI,"CAPSTONE 72, INC."
1538849,CAPL,CrossAmerica Partners LP
2024203,CAPN,Cayson Acquisition Corp
2024203,CAPNR,Cayson Acquisition Corp
2024203,CAPNU,Cayson Acquisition Corp
1133869,CAPR,"CAPRICOR THERAPEUTICS, INC."
887151,CAPS,Capstone Holding Corp.
2100125,CAQ,Cambridge Acquisition Corp.
2100125,CAQUU,Cambridge Acquisition Corp.
2100125,CAQUW,Cambridge Acquisition Corp.
723612,CAR,"AVIS BUDGET GROUP, INC."
927971,CARD,BANK OF MONTREAL /CAN/
1829576,CARE,"Carter Bankshares, Inc."
1494259,CARG,"CarGurus, Inc."
1794546,CARL,"CARLSMED, INC."
1783180,CARR,CARRIER GLOBAL Corp
1683606,CARS,Cars.com Inc.
1579091,CART,Maplebear Inc.
927971,CARU,BANK OF MONTREAL /CAN/
1016178,CARV,CARVER BANCORP INC
907471,CASH,"PATHWARD FINANCIAL, INC."
1962738,CASIF,"CASI Pharmaceuticals, Inc."
708781,CASS,CASS INFORMATION SYSTEMS INC
1633369,CAST,"FreeCast, Inc."
726958,CASY,CASEYS GENERAL STORES INC
18230,CAT,CATERPILLAR INC
18255,CATO,CATO CORP
728387,CATX,"Perspective Therapeutics, Inc."
861842,CATY,CATHAY GENERAL BANCORP
1639438,CAVA,"CAVA GROUP, INC."
2074220,CAZGF,Catapult Group International Ltd
896159,CB,Chubb Ltd
2138373,CBAGY,Carabao Group Public Co Limited/ADR
2082729,CBAI,Coolbit Technologies Ltd
711669,CBAN,COLONY BANKCORP INC
2086841,CBAT,CBAK Energy Technology Ltd
2065601,CBC,"Central Bancompany, Inc."
1776073,CBDL,CBD Life Sciences Inc.
1877461,CBDW,1606 CORP.
1586554,CBDY,Target Group Inc.
1605301,CBFV,"CB Financial Services, Inc."
1411057,CBIH,"Cannabis Bioscience International Holdings, Inc."
1253689,CBIO,"CRESCENT BIOPHARMA, INC."
1981546,CBK,"Commercial Bancgroup, Inc."
1006830,CBKM,CONSUMERS BANCORP INC /OH/
910612,CBL,CBL & ASSOCIATES PROPERTIES INC
1861107,CBLL,"Ceribell, Inc."
1882781,CBLO,"C2 Blockchain, Inc."
1452583,CBMJ,"CONSERVATIVE BROADCAST MEDIA & PUBLISHING, INC."
1392272,CBNA,CHAIN BRIDGE BANCORP INC
1419536,CBNK,Capital Bancorp Inc
1374310,CBOE,"Cboe Global Markets, Inc."
1856491,CBPHF,"Clover Biopharmaceuticals, Ltd."
1138118,CBRE,"CBRE GROUP, INC."
1067294,CBRL,"CRACKER BARREL OLD COUNTRY STORE, INC"
2021728,CBRS,Cerebras Systems Inc.
22356,CBSH,COMMERCE BANCSHARES INC /MO/
16040,CBT,CABOT CORP
723188,CBU,"COMMUNITY FINANCIAL SYSTEM, INC."
1705843,CBUS,"Cibus, Inc."
944148,CBZ,"CBIZ, Inc."
1627223,CC,Chemours Co
1633336,CCAP,"Crescent Capital BDC, Inc."
2041047,CCAQ,COLLECTIVE ACQUISITION CORP.
2041047,CCAQU,COLLECTIVE ACQUISITION CORP.
2041047,CCAQW,COLLECTIVE ACQUISITION CORP.
1437958,CCB,COASTAL FINANCIAL CORP
726601,CCBG,CAPITAL CITY BANK GROUP INC
1818201,CCC,CCC Intelligent Solutions Holdings Inc.
1662579,CCCC,"C4 Therapeutics, Inc."
2123471,CCCT,Columbus Circle Capital Corp III
2123471,CCCTU,Columbus Circle Capital Corp III
1602584,CCD,Calamos Dynamic Convertible & Income Fund
1392326,CCEC,Capital Clean Energy Carriers Corp.
862692,CCEL,CRYO CELL INTERNATIONAL INC
1650107,CCEP,COCA-COLA EUROPACIFIC PARTNERS plc
1992604,CCEYF,CanCambria Energy Corp.
731122,CCFN,MUNCY COLUMBIA FINANCIAL Corp
1965473,CCG,Cheche Group Inc.
1965473,CCGWW,Cheche Group Inc.
2074123,CCHH,CCH Holdings Ltd
1051470,CCI,CROWN CASTLE INC.
1517767,CCID,Carlyle Credit Income Fund
1517767,CCIF,Carlyle Credit Income Fund
2064683,CCII,Cohen Circle Acquisition Corp. II
2064683,CCIIU,Cohen Circle Acquisition Corp. II
2064683,CCIIW,Cohen Circle Acquisition Corp. II
2083945,CCIL,CALM Chain International Ltd
2006291,CCIX,Churchill Capital Corp IX/Cayman
2006291,CCIXU,Churchill Capital Corp IX/Cayman
2006291,CCIXW,Churchill Capital Corp IX/Cayman
1009001,CCJ,CAMECO CORP
1219601,CCK,"CROWN HOLDINGS, INC."
815097,CCL,Carnival Corp Ltd.
1582982,CCLD,"CareCloud, Inc."
2027982,CCLV,"C2 Capital Group, Inc."
1472072,CCM,Concord Medical Services Holdings Ltd
1437213,CCNB,"Coastal Carolina Bancshares, Inc."
736772,CCNE,CNB FINANCIAL CORP/PA
736772,CCNEP,CNB FINANCIAL CORP/PA
1334978,CCO,"Clear Channel Outdoor Holdings, Inc."
1158324,CCOI,"COGENT COMMUNICATIONS HOLDINGS, INC."
1853599,CCOOF,CORE SILVER CORP.
1141103,CCRN,CROSS COUNTRY HEALTHCARE INC
1576940,CCS,"Century Communities, Inc."
1866633,CCSI,"Consensus Cloud Solutions, Inc."
1931717,CCTG,CCSC Technology International Holdings Ltd
888746,CCU,UNITED BREWERIES CO INC
2074973,CCXI,Churchill Capital Corp XI
2074973,CCXIU,Churchill Capital Corp XI
2074973,CCXIW,Churchill Capital Corp XI
1166691,CCZ,COMCAST CORP
1527762,CD,Chaince Digital Holdings Inc.
1851909,CDAQF,Compass Digital Acquisition Corp.
215466,CDE,"Coeur Mining, Inc."
1870144,CDIO,"Cardio Diagnostics Holdings, Inc."
1870144,CDIOW,"Cardio Diagnostics Holdings, Inc."
811222,CDIX,Cardiff Lexington Corp
1978867,CDLR,Cadeler A/S
1666071,CDLX,"Cardlytics, Inc."
1217234,CDNA,"CareDx, Inc."
2079999,CDNL,Cardinal Infrastructure Group Inc.
813672,CDNS,CADENCE DESIGN SYSTEMS INC
860546,CDP,COPT DEFENSE PROPERTIES
2046223,CDPMF,Cerro de Pasco Resources Inc.
761648,CDR-PB,"CEDAR REALTY TRUST, INC."
761648,CDR-PC,"CEDAR REALTY TRUST, INC."
1860543,CDRE,"Cadre Holdings, Inc."
1866782,CDRO,"Codere Online Luxembourg, S.A."
1866782,CDROW,"Codere Online Luxembourg, S.A."
946112,CDSG,"China Dongsheng International, Inc."
1896212,CDT,CDT Equity Inc.
1793895,CDTG,CDT Environmental Technology Investment Holdings Ltd
2091663,CDTHY,CONDUIT HOLDINGS LTD/ADR
1896212,CDTTW,CDT Equity Inc.
1402057,CDW,CDW Corp
1200375,CDXS,"CODEXIS, INC."
727273,CDZI,CADIZ INC
727273,CDZIP,CADIZ INC
1306830,CE,Celanese Corp
3197,CECO,CECO ENVIRONMENTAL CORP
860489,CEE,"CENTRAL & EASTERN EUROPE FUND, INC."
1726122,CEF,Sprott Physical Gold & Silver Trust
1114446,CEFD,UBS AG
1868275,CEG,Constellation Energy Corp
1309082,CEIN,"CAMBER ENERGY, INC."
1603454,CELC,Celcuity Inc.
14272,CELG-RI,BRISTOL MYERS SQUIBB CO
1341766,CELH,"Celsius Holdings, Inc."
1752828,CELU,Celularity Inc
1752828,CELUW,Celularity Inc
1187953,CELZ,"CREATIVE MEDICAL TECHNOLOGY HOLDINGS, INC."
1707919,CENN,Cenntro Inc.
887733,CENT,CENTRAL GARDEN & PET CO
887733,CENTA,CENTRAL GARDEN & PET CO
949157,CENX,CENTURY ALUMINUM CO
2034267,CEPF,"Cantor Equity Partners IV, Inc."
1009759,CEPL,"Capstone Energy Plus, Inc."
2027708,CEPO,"Cantor Equity Partners I, Inc."
2089536,CEPS,"Cantor Equity Partners VI, Inc."
2034269,CEPT,"Cantor Equity Partners II, Inc."
1717161,CEPU,CENTRAL PUERTO S.A.
2034266,CEPV,"Cantor Equity Partners V, Inc."
1870404,CERO,"CERO THERAPEUTICS HOLDINGS, INC."
1020214,CERS,CERUS CORP
1827090,CERT,"Certara, Inc."
18748,CET,CENTRAL SECURITIES CORP
1935092,CETI,"Cyber Enviro-Tech, Inc."
1435064,CETX,CEMTREX INC
1329606,CETY,"Clean Energy Technologies, Inc."
1074692,CEV,Eaton Vance California Municipal Income Trust
1173489,CEVA,CEVA INC
1836503,CEXYF,GIANT MINING CORP.
1324404,CF,"CF Industries Holdings, Inc."
1070680,CFBK,CF BANKSHARES INC.
913341,CFFI,C & F FINANCIAL CORP
1490906,CFFN,"Capitol Federal Financial, Inc."
759944,CFG,CITIZENS FINANCIAL GROUP INC/RI
759944,CFG-PE,CITIZENS FINANCIAL GROUP INC/RI
759944,CFG-PH,CITIZENS FINANCIAL GROUP INC/RI
759944,CFG-PI,CITIZENS FINANCIAL GROUP INC/RI
803016,CFNB,CALIFORNIA FIRST LEASING CORP
2044327,CFND,C1 Fund Inc.
1310630,CFOO,China Foods Holdings Ltd.
39263,CFR,"CULLEN/FROST BANKERS, INC."
39263,CFR-PB,"CULLEN/FROST BANKERS, INC."
1621888,CFSU,Complete Financial Solutions Inc.
1666244,CFTR-PA,"Cantor Fitzgerald Income Trust, Inc."
1527166,CG,Carlyle Group Inc.
1527166,CGABL,Carlyle Group Inc.
1854640,CGAU,Centerra Gold Inc.
1544206,CGBD,"Carlyle Secured Lending, Inc."
1737927,CGC,Canopy Growth Corp
2126043,CGCF,Cartesian Growth Corp IV
2126043,CGCFU,Cartesian Growth Corp IV
1342325,CGDCF,Carlin Gold Corp
1479480,CGDXF,XALI GOLD CORP.
1009759,CGEH,"Capstone Energy Plus, Inc."
1789972,CGEM,"Cullinan Therapeutics, Inc."
1119774,CGEN,COMPUGEN LTD
1934387,CGL,CGL Logistics Holdings Ltd
1824814,CGNT,Cognyte Software Ltd.
851205,CGNX,COGNEX CORP
1285650,CGO,CALAMOS GLOBAL TOTAL RETURN FUND
1991792,CGON,"CG Oncology, Inc."
1967822,CGTL,Creative Global Technology Holdings Ltd
1455365,CGTX,COGNITION THERAPEUTICS INC
2013649,CHA,Chagee Holdings Ltd.
1649009,CHAI,"Core AI Holdings, Inc."
2024459,CHAR,Charlton Aria Acquisition Corp
2024459,CHARR,Charlton Aria Acquisition Corp
2024459,CHARU,Charlton Aria Acquisition Corp
1299969,CHCI,"Comstock Holding Companies, Inc."
726854,CHCO,CITY HOLDING CO
1631569,CHCT,Community Healthcare Trust Inc
313927,CHD,CHURCH & DWIGHT CO INC /DE/
20212,CHDN,Churchill Downs Inc
19584,CHE,CHEMED CORP
2047177,CHEC,Chenghe Acquisition III Co.
2047177,CHECU,Chenghe Acquisition III Co.
2047177,CHECW,Chenghe Acquisition III Co.
1517175,CHEF,"Chefs' Warehouse, Inc."
1459188,CHEV,Charging Robotics Inc.
1364954,CHGG,"CHEGG, INC"
1046311,CHH,CHOICE HOTELS INTERNATIONAL INC /DE
1171471,CHI,CALAMOS CONVERTIBLE OPPORTUNITIES & INCOME FUND
1015922,CHKP,CHECK POINT SOFTWARE TECHNOLOGIES LTD
1524769,CHKR,CHESAPEAKE GRANITE WASH TRUST
1885110,CHLSY,Chocoladefabriken Lindt & Spruengli AG/ADR
763563,CHMG,CHEMUNG FINANCIAL CORP
1571776,CHMI,Cherry Hill Mortgage Investment Corp
1571776,CHMI-PA,Cherry Hill Mortgage Investment Corp
1571776,CHMI-PB,Cherry Hill Mortgage Investment Corp
793628,CHNR,CHINA NATURAL RESOURCES INC
2095150,CHON,ChainOn Group Ltd
2041829,CHOW,ChowChow Cloud International Holdings Ltd
2024460,CHPG,ChampionsGate Acquisition Corp
1394189,CHPGF,Chesapeake Gold Corp
2024460,CHPGR,ChampionsGate Acquisition Corp
2024460,CHPGU,ChampionsGate Acquisition Corp
1777393,CHPT,"ChargePoint Holdings, Inc."
1738758,CHR,"Cheer Holding, Inc."
1486159,CHRD,Chord Energy Corp
1549084,CHRN,ChronoScale Holdings Corp
1512762,CHRS,"Coherus Oncology, Inc."
1043277,CHRW,"C. H. ROBINSON WORLDWIDE, INC."
823277,CHSCL,CHS INC
823277,CHSCM,CHS INC
823277,CHSCN,CHS INC
823277,CHSCO,CHS INC
823277,CHSCP,CHS INC
1825349,CHSN,Chanson International Holding
1132924,CHT,CHUNGHWA TELECOM CO LTD
1091667,CHTR,"CHARTER COMMUNICATIONS, INC. /MO/"
1134765,CHUC,"Charlie's Holdings, Inc."
1396277,CHW,Calamos Global Dynamic Income Fund
1766502,CHWY,"Chewy, Inc."
1222719,CHY,CALAMOS CONVERTIBLE & HIGH INCOME FUND
1795586,CHYM,"Chime Financial, Inc."
1739940,CI,Cigna Group
24090,CIA,"CITIZENS, INC."
2058897,CIB,Grupo Cibest S.A.
1534254,CICB,CION Investment Corp
1534254,CICC,CION Investment Corp
936395,CIEN,CIENA CORP
1819989,CIFR,Cipher Digital Inc.
1157557,CIG,ENERGY CO OF MINAS GERAIS
1157557,CIG-C,ENERGY CO OF MINAS GERAIS
913353,CIGI,Colliers International Group Inc.
1278895,CII,"BlackRock Enhanced Large Cap Core Fund, Inc."
1557798,CIIT,"Tianci International, Inc."
810766,CIK,"CREDIT SUISSE ASSET MANAGEMENT INCOME FUND, INC."
1409493,CIM,CHIMERA INVESTMENT CORP
1409493,CIM-PA,CHIMERA INVESTMENT CORP
1409493,CIM-PB,CHIMERA INVESTMENT CORP
1409493,CIM-PC,CHIMERA INVESTMENT CORP
1409493,CIM-PD,CHIMERA INVESTMENT CORP
1527613,CIMG,CIMG Inc.
1409493,CIMN,CHIMERA INVESTMENT CORP
1409493,CIMO,CHIMERA INVESTMENT CORP
1409493,CIMP,CHIMERA INVESTMENT CORP
20286,CINF,CINCINNATI FINANCIAL CORP
1862150,CING,Cingulate Inc.
1862150,CINGW,Cingulate Inc.
1868995,CINT,CI&T Inc
1534254,CION,CION Investment Corp
1605888,CIRC,CIRCLE8 GROUP INC
813716,CIRX,CIRTRAN CORP
1777319,CISO,"CISO Global, Inc."
1951067,CISS,C3is Inc.
894556,CITR,CitroTech Inc.
944745,CIVB,"CIVISTA BANCSHARES, INC."
1049606,CIX,COMPX INTERNATIONAL INC
1075706,CIZN,CITIZENS HOLDING CO /MS/
2032545,CJMB,CALLAN JMB INC.
352955,CKX,"CKX LANDS, INC."
21665,CL,COLGATE PALMOLIVE CO
913277,CLAR,Clarus Corp
1958086,CLB,Core Laboratories Inc. /DE/
1723596,CLBK,"Columbia Financial, Inc."
2091024,CLBR,Colombier Acquisition Corp. III
2091024,CLBR-UN,Colombier Acquisition Corp. III
2091024,CLBR-WT,Colombier Acquisition Corp. III
1854587,CLBT,Cellebrite DI Ltd.
2050338,CLBZ,Collab Z Inc.
2125750,CLCHF,Clinch Resources Ltd.
1855485,CLDI,"Calidi Biotherapeutics, Inc."
1476045,CLDT,Chatham Lodging Trust
1476045,CLDT-PA,Chatham Lodging Trust
1971260,CLDVF,Cloud3 Ventures Inc.
744218,CLDX,"Celldex Therapeutics, Inc."
1414382,CLEV,Concrete Leveling Systems Inc
764065,CLF,CLEVELAND-CLIFFS INC.
796505,CLFD,"Clearfield, Inc."
1631487,CLGN,CollPlant Biotechnologies Ltd
822818,CLH,CLEAN HARBORS INC
2020027,CLIK,Click Holdings Ltd.
1434524,CLIR,ClearSign Technologies Corp
1627281,CLLS,Cellectis S.A.
814083,CLM,"Cornerstone Strategic Investment Fund, Inc."
945983,CLMB,"Climb Global Solutions, Inc."
2013745,CLMT,"Calumet, Inc. /DE"
1368265,CLNE,Clean Energy Fuels Corp.
2082889,CLNK,Bitwise Chainlink ETF
1822791,CLNN,Clene Inc.
1391426,CLNV,Clean Vision Corp
1437517,CLOQ,"CYBERLOQ TECHNOLOGIES, INC."
1801170,CLOV,"CLOVER HEALTH INVESTMENTS, CORP. /DE"
1619227,CLOW,"Cloudweb, Inc."
1649096,CLPR,Clipper Realty Inc.
1724542,CLPS,CLPS Inc
1285550,CLPT,"ClearPoint Neuro, Inc."
1279704,CLRB,"Cellectar Biosciences, Inc."
1903392,CLRCF,ClimateRock
1362516,CLRI,"Cleartronic, Inc."
2063231,CLRLY,Central Retail Corp Public Co Limited/ADR
840715,CLRO,CLEARONE INC
1030894,CLS,CELESTICA INC
1539029,CLSDQ,"Clearside Biomedical, Inc."
827876,CLSK,"CLEANSPARK, INC."
827876,CLSKW,"CLEANSPARK, INC."
1849867,CLST,"Catalyst Bancorp, Inc."
1290877,CLVLY,Clinuvel Pharmaceuticals Ltd
1764046,CLVT,CLARIVATE PLC
1441236,CLW,Clearwater Paper Corp
1026662,CLWT,EURO TECH HOLDINGS CO LTD
21076,CLX,CLOROX CO /DE/
2094256,CLYD,"BEACON TOPCO, INC."
1768446,CLYM,"Climb Bio, Inc."
1045520,CM,CANADIAN IMPERIAL BANK OF COMMERCE /CAN/
1738177,CMBMF,Cambium Networks Corp
1604481,CMBT,CMB.TECH NV
22444,CMC,COMMERCIAL METALS Co
766011,CMCL,Caledonia Mining Corp Plc
1597835,CMCM,Cheetah Mobile Inc.
1005229,CMCO,COLUMBUS MCKINNON CORP
1166691,CMCSA,COMCAST CORP
908311,CMCT,Creative Media & Community Trust Corp
2033535,CMDB,Costamare Bulkers Holdings Ltd
1156375,CME,CME GROUP INC.
1058090,CMG,CHIPOTLE MEXICAN GRILL INC
1169760,CMGHF,CHAODA MODERN AGRICULTURE HOLDINGS LTD /FI
1889352,CMHSF,COMPREHENSIVE HEALTHCARE SYSTEMS INC. (CANADA)
26172,CMI,CUMMINS INC
2088805,CMII,Columbus Circle Capital Corp II
2088805,CMIIU,Columbus Circle Capital Corp II
2088805,CMIIW,Columbus Circle Capital Corp II
1058623,CMLS,CUMULUS MEDIA INC
1058623,CMLSQ,CUMULUS MEDIA INC
1534248,CMMB,Chemomab Therapeutics Ltd.
1892500,CMND,Clearmind Medicine Inc.
1227654,CMP,COMPASS MINERALS INTERNATIONAL INC
2117197,CMPLY,Com7 PCL/ADR
1262976,CMPR,CIMPRESS plc
1816590,CMPS,COMPASS Pathways plc
1738021,CMPX,"Compass Therapeutics, Inc."
1626450,CMRC,"Commerce.com, Inc."
1503584,CMRE,Costamare Inc.
1503584,CMRE-PB,Costamare Inc.
1503584,CMRE-PC,Costamare Inc.
1503584,CMRE-PD,Costamare Inc.
1498547,CMRF,"CIM GROUP, INC."
811156,CMS,CMS ENERGY CORP
201533,CMS-PB,CONSUMERS ENERGY CO
811156,CMS-PC,CMS ENERGY CORP
811156,CMSA,CMS ENERGY CORP
811156,CMSC,CMS ENERGY CORP
811156,CMSD,CMS ENERGY CORP
1026655,CMT,CORE MOLDING TECHNOLOGIES INC
1666291,CMTG,"Claros Mortgage Trust, Inc."
23197,CMTL,COMTECH TELECOMMUNICATIONS CORP /DE/
718413,CMTV,COMMUNITY BANCORP /VT
21175,CNA,CNA FINANCIAL CORP
1343009,CNBX,CNBX Pharmaceuticals Inc.
1071739,CNC,CENTENE CORP
1913847,CNCK,Coincheck Group N.V.
1913847,CNCKW,Coincheck Group N.V.
1851959,CNDA,Concord Acquisition Corp II
1677703,CNDT,CONDUENT Inc
1376321,CNET,ZW Data Action Technologies Inc.
1780785,CNEY,CN ENERGY GROUP. INC.
1733868,CNF,CNFinance Holdings Ltd.
1352952,CNFN,CFN Enterprises Inc.
1567094,CNH,CNH Industrial N.V.
16868,CNI,CANADIAN NATIONAL RAILWAY CO
1385280,CNK,"Cinemark Holdings, Inc."
1953575,CNL,Collective Mining Ltd.
1856525,CNM,"Core & Main, Inc."
816956,CNMD,CONMED Corp
1704720,CNNE,"Cannae Holdings, Inc."
1224608,CNO,"CNO Financial Group, Inc."
1224608,CNO-PA,"CNO Financial Group, Inc."
712771,CNOB,"ConnectOne Bancorp, Inc."
712771,CNOBP,"ConnectOne Bancorp, Inc."
1130310,CNP,CENTERPOINT ENERGY INC
1017413,CNQ,CANADIAN NATURAL RESOURCES Ltd
1710366,CNR,"Core Natural Resources, Inc."
1996586,CNRCF,Canter Resources Corp.
1284812,CNS,"COHEN & STEERS, INC."
1729427,CNSP,"CNS Pharmaceuticals, Inc."
1835268,CNTB,Connect Biopharma Holdings Ltd
1895249,CNTM,"ConnectM Technology Solutions, Inc."
1758124,CNTMF,Fluent Corp.
1861657,CNTN,"Canton Strategic Holdings, Inc."
1842952,CNTX,Context Therapeutics Inc.
911147,CNTY,CENTURY CASINOS INC /CO/
1173204,CNVS,Cineverse Corp.
1070412,CNX,CNX Resources Corp
1803599,CNXC,Concentrix Corp
1050377,CNXN,PC CONNECTION INC
2066836,CNXU,Conexeu Sciences Inc.
2114044,COAG,"Hemab Therapeutics Holdings, Inc."
1727255,COBA,Chilean Cobalt Corp.
1840877,COCH,"Envoy Medical, Inc."
1840877,COCHW,"Envoy Medical, Inc."
1482981,COCO,"Vita Coco Company, Inc."
1412486,COCP,"Cocrystal Pharma, Inc."
1334325,CODA,"Coda Octopus Group, Inc."
1345126,CODI,Compass Diversified Holdings
1345126,CODI-PA,Compass Diversified Holdings
1345126,CODI-PB,Compass Diversified Holdings
1345126,CODI-PC,Compass Diversified Holdings
1692415,CODX,"Co-Diagnostics, Inc."
1659494,COE,51Talk Online Education Group
927628,COF,CAPITAL ONE FINANCIAL CORP
927628,COF-PI,CAPITAL ONE FINANCIAL CORP
927628,COF-PJ,CAPITAL ONE FINANCIAL CORP
927628,COF-PK,CAPITAL ONE FINANCIAL CORP
927628,COF-PL,CAPITAL ONE FINANCIAL CORP
927628,COF-PN,CAPITAL ONE FINANCIAL CORP
803164,COFS,CHOICEONE FINANCIAL SERVICES INC
1557440,COGDF,Compass Gold Corp
1622229,COGT,"Cogent Biosciences, Inc."
1270436,COHN,Cohen & Co Inc.
820318,COHR,COHERENT CORP.
21535,COHU,COHU INC
1679788,COIN,"Coinbase Global, Inc."
317540,COKE,"Coca-Cola Consolidated, Inc."
2028201,COLA,Columbus Acquisition Corp/Cayman Islands
2028201,COLAR,Columbus Acquisition Corp/Cayman Islands
2028201,COLAU,Columbus Acquisition Corp/Cayman Islands
887343,COLB,"COLUMBIA BANKING SYSTEM, INC."
1455863,COLD,AMERICOLD REALTY TRUST
1267565,COLL,"COLLEGIUM PHARMACEUTICAL, INC"
1050797,COLM,COLUMBIA SPORTSWEAR CO
1563190,COMP,"Compass, Inc."
2014596,CON,"Concentra Group Holdings Parent, Inc."
790273,CONC,CONECTISYS CORP
2103884,CONE,"Compass Sub North, Inc."
711404,COO,"COOPER COMPANIES, INC."
1857853,COOK,"Traeger, Inc."
1959994,COOT,Australian Oilseeds Holdings Ltd
1959994,COOTW,Australian Oilseeds Holdings Ltd
1163165,COP,CONOCOPHILLIPS
1420049,COPAF,COPAUR MINERALS INC.
2045473,COPL,Copley Acquisition Corp
2045473,COPL-UN,Copley Acquisition Corp
2045473,COPL-WT,Copley Acquisition Corp
1263364,COPR,Idaho Copper Corp
1263364,COPR-WT,Idaho Copper Corp
1140859,COR,"Cencora, Inc."
1471824,CORN,Teucrium Commodity Trust
1088856,CORT,CORCEPT THERAPEUTICS INC
1839341,CORZ,"Core Scientific, Inc./tx"
1839341,CORZW,"Core Scientific, Inc./tx"
1839341,CORZZ,"Core Scientific, Inc./tx"
1474167,COSM,Cosmos Health Inc.
1297107,COSO,"CoastalSouth Bancshares, Inc."
909832,COST,COSTCO WHOLESALE CORP /NEW
1024305,COTY,COTY INC.
1651562,COUR,"Coursera, Inc."
1835022,COYA,"Coya Therapeutics, Inc."
16875,CP,CANADIAN PACIFIC KANSAS CITY LTD/CN
1345105,CPA,"Copa Holdings, S.A."
1221029,CPAC,CEMENTOS PACASMAYO SAA
1175454,CPAY,"CORPAY, INC."
16732,CPB,CAMPBELL'S Co
1979332,CPBI,"Central Plains Bancshares, Inc."
1868050,CPCPF,CopperCorp Resources Inc.
1479247,CPER,United States Commodity Index Funds Trust
701347,CPF,CENTRAL PACIFIC FINANCIAL CORP
1672909,CPHC,Canterbury Park Holding Corp
1106644,CPHI,"CHINA PHARMA HOLDINGS, INC."
1712294,CPIVF,CAPTIVA VERDE WELLNESS CORP.
1087294,CPIX,CUMBERLAND PHARMACEUTICALS INC
19745,CPK,CHESAPEAKE UTILITIES CORP
847538,CPKF,CHESAPEAKE FINANCIAL SHARES INC
1081938,CPMD,"CANNAPHARMARX, INC."
836564,CPMV,Mosaic ImmunoEngineering Inc.
1834584,CPNG,"Coupang, Inc."
1807389,CPOP,"Pop Culture Group Co., Ltd"
1551468,CPPBY,Central Pattana Public Co Limited/ADR
1691710,CPPKF,Faraday Copper Corp.
1530721,CPRI,Capri Holdings Ltd
900075,CPRT,COPART INC
1369568,CPRX,"CATALYST PHARMACEUTICALS, INC."
1320461,CPS,Cooper-Standard Holdings Inc.
814676,CPSH,CPS TECHNOLOGIES CORP/DE/
889609,CPSS,"CONSUMER PORTFOLIO SERVICES, INC."
906345,CPT,CAMDEN PROPERTY TRUST
1967478,CPTAF,Captivision Inc.
2071911,CPXXY,Capital Power Corp/ADR
1717457,CPZ,Calamos Long/Short Equity & Dynamic Income Trust
1383650,CQP,"Cheniere Energy Partners, L.P."
1944013,CR,Crane Co
2070887,CRAC,Crown Reserve Acquisition Corp. I
2070887,CRACR,Crown Reserve Acquisition Corp. I
2070887,CRACU,Crown Reserve Acquisition Corp. I
2070887,CRACW,Crown Reserve Acquisition Corp. I
1053706,CRAI,"CRA INTERNATIONAL, INC."
2081358,CRAN,Crane Harbor Acquisition Corp. II
2081358,CRANR,Crane Harbor Acquisition Corp. II
2081358,CRANU,Crane Harbor Acquisition Corp. II
2058359,CRAQ,Cal Redwood Acquisition Corp.
2058359,CRAQR,Cal Redwood Acquisition Corp.
2058359,CRAQU,Cal Redwood Acquisition Corp.
2094687,CRAUY,"Chery Automobile Co., Ltd./ADR"
1889539,CRBD,"Corebridge Financial, Inc."
1889539,CRBG,"Corebridge Financial, Inc."
1595097,CRBP,"Corbus Pharmaceuticals Holdings, Inc."
1619856,CRBU,"Caribou Biosciences, Inc."
1609253,CRC,California Resources Corp
1911467,CRCE,"Circle Energy, Inc./NV"
1876042,CRCL,"Circle Internet Group, Inc."
1828962,CRCT,"Cricut, Inc."
868822,CRCUF,Canagold Resources Ltd.
1688126,CRCW,Crypto Co
25475,CRD-A,CRAWFORD & CO
25475,CRD-B,CRAWFORD & CO
1213037,CRDF,"Cardiff Oncology, Inc."
1702123,CRDL,Cardiol Therapeutics Inc.
1807794,CRDO,Credo Technology Group Holding Ltd
2003977,CRE,Cre8 Enterprise Ltd
721693,CREG,Smart Powerr Corp.
1034957,CRESY,CRESUD INC
1356093,CREX,"CREATIVE REALITIES, INC."
33934,CRF,CORNERSTONE TOTAL RETURN FUND INC
1927719,CRGO,Freightos Ltd
1927719,CRGOW,Freightos Ltd
1958489,CRGT,"Cortigent, Inc."
1866175,CRGY,Crescent Energy Co
849395,CRH,CRH PUBLIC LTD CO
1060822,CRI,CARTERS INC
1108205,CRIS,CURIS INC
23194,CRK,COMSTOCK RESOURCES INC
1100682,CRL,"CHARLES RIVER LABORATORIES INTERNATIONAL, INC."
1832928,CRLBF,Cresco Labs Inc.
1108524,CRM,"Salesforce, Inc."
1410098,CRMD,CorMedix Inc.
1951089,CRML,Critical Metals Corp.
1951089,CRMLW,Critical Metals Corp.
799850,CRMT,AMERICAS CARMART INC
315958,CRMZ,CREDITRISKMONITOR COM INC
1768267,CRNC,Cerence Inc.
1119769,CRNT,CERAGON NETWORKS LTD
1658247,CRNX,"Crinetics Pharmaceuticals, Inc."
1656472,CRON,Cronos Group Inc.
1334036,CROX,"Crocs, Inc."
17843,CRS,CARPENTER TECHNOLOGY CORP
924396,CRSF,Crisp Momentum Inc.
1674416,CRSP,CRISPR Therapeutics AG
1743759,CRSR,"Corsair Gaming, Inc."
881787,CRT,CROSS TIMBERS ROYALTY TRUST
1576427,CRTO,Criteo S.A.
1734427,CRUCF,Colibri Resource Corp
772406,CRUS,"CIRRUS LOGIC, INC."
874866,CRVL,CORVEL CORP
1053691,CRVO,CervoMed Inc.
1626971,CRVS,"Corvus Pharmaceuticals, Inc."
1377149,CRVW,CareView Communications Inc
1535527,CRWD,"CrowdStrike Holdings, Inc."
1103833,CRWE,"Crown Equity Holdings, Inc."
25895,CRWS,CROWN CRAFTS INC
1769628,CRWV,"CoreWeave, Inc."
1709628,CSAI,"CLOUDASTRUCTURE, INC."
1430162,CSAN,Cosan S.A.
880417,CSBB,"CSB Bancorp, Inc."
771856,CSBR,"CHAMPIONS ONCOLOGY, INC."
2075918,CSCCY,Capstone Copper Corp./ADR
1113423,CSCIF,COSCIENS Biopharma Inc.
2136449,CSCM,Crestone Strategic Capital Acquisition Corp
858877,CSCO,"CISCO SYSTEMS, INC."
1106861,CSDX,CS DIAGNOSTICS CORP.
1057352,CSGP,"COSTAR GROUP, INC."
2087587,CSHR,CoinShares PLC
2087587,CSHRW,CoinShares PLC
1375877,CSIQ,Canadian Solar Inc.
790051,CSL,CARLISLE COMPANIES INC
1274152,CSLLY,CSL LTD
356037,CSPI,CSP INC /MA/
1275214,CSQ,CALAMOS STRATEGIC TOTAL RETURN FUND
2105398,CSQR,"Csquare, Inc."
798359,CSR,CENTERSPACE
1834032,CSTAF,Constellation Acquisition Corp I
1504379,CSTE,Caesarstone Ltd.
1447362,CSTL,CASTLE BIOSCIENCES INC
1563411,CSTM,CONSTELLIUM SE
1680132,CSUI,CANNABIS SUISSE CORP.
1016281,CSV,CARRIAGE SERVICES INC
1624794,CSW,"CSW INDUSTRIALS, INC."
17313,CSWC,CAPITAL SOUTHWEST CORP
277948,CSX,CSX CORP
30554,CTA-PA,"EIDP, Inc."
30554,CTA-PB,"EIDP, Inc."
2094073,CTAA,Clearthink 1 Acquisition Corp.
2094073,CTAAR,Clearthink 1 Acquisition Corp.
2094073,CTAAU,Clearthink 1 Acquisition Corp.
723254,CTAS,CINTAS CORP
350852,CTBI,COMMUNITY TRUST BANCORP INC /KY/
1793229,CTEV,Claritev Corp
68622,CTGG,QWEST CORP
1498067,CTGL,SKYTECH ORION GLOBAL CORP.
1502377,CTGO,Contango Silver & Gold Inc.
68622,CTHH,QWEST CORP
1831915,CTKB,"Cytek Biosciences, Inc."
1877939,CTM,"Castellum, Inc."
1501989,CTMX,"CytomX Therapeutics, Inc."
1855175,CTNM,"Contineum Therapeutics, Inc."
1951667,CTNT,CHEETAH NET SUPPLY CHAIN SERVICE INC.
23795,CTO,"CTO Realty Growth, Inc."
23795,CTO-PA,"CTO Realty Growth, Inc."
1851484,CTOR,"CITIUS ONCOLOGY, INC."
1709682,CTOS,"Custom Truck One Source, Inc."
1590717,CTRE,"CareTrust REIT, Inc."
1981599,CTRI,"Centuri Holdings, Inc."
1720161,CTRM,Castor Maritime Inc.
1318484,CTRN,Citi Trends Inc
26058,CTS,CTS CORP
1058290,CTSH,COGNIZANT TECHNOLOGY SOLUTIONS CORP
1175151,CTSO,Cytosorbents Corp
1035422,CTTH,"CTT PHARMACEUTICAL HOLDINGS, INC."
1755672,CTVA,"Corteva, Inc."
2047148,CTW,CTW Cayman
1958928,CTWO,COTWO ADVISORS PHYSICAL EUROPEAN CARBON ALLOWANCE TRUST
1506251,CTXR,"Citius Pharmaceuticals, Inc."
1737319,CUAUF,C3 Metals Inc.
2015955,CUB,Lionheart Holdings
1488813,CUBB,"Customers Bancorp, Inc."
1298675,CUBE,CubeSmart
1488813,CUBI,"Customers Bancorp, Inc."
1400271,CUBT,Curative Biotechnology Inc
2015955,CUBWU,Lionheart Holdings
2015955,CUBWW,Lionheart Holdings
1645460,CUE,"Cue Biopharma, Inc."
1424657,CUEN,Cuentas Inc.
1845799,CULL,"Cullman Bancorp, Inc. /MD/"
723603,CULP,CULP INC
2021989,CUPPF,Super Copper Corp.
1995704,CUPR,Cuprina Holdings (Cayman) LTD
2027317,CURB,Curbline Properties Corp.
1776909,CURI,CuriosityStream Inc.
1756770,CURLD,"Curaleaf Holdings, Inc."
1756770,CURLF,"Curaleaf Holdings, Inc."
1862935,CURR,Currenc Group Inc.
1792781,CURV,Torrid Holdings Inc.
2025942,CURX,Curanex Pharmaceuticals Inc
1290877,CUVL,Clinuvel Pharmaceuticals Ltd
25232,CUZ,COUSINS PROPERTIES INC
1378325,CV,"CapsoVision, Inc"
1376793,CVAT,"Cavitation Technologies, Inc."
354647,CVBF,CVB FINANCIAL CORP
278166,CVCO,"CAVCO INDUSTRIES, INC."
2120046,CVCPY,CVC Capital Partners plc/ADR
1475260,CVE,CENOVUS ENERGY INC.
1590584,CVEO,Civeo Corp
1290900,CVGI,"Commercial Vehicle Group, Inc."
1376139,CVI,CVR ENERGY INC
1937993,CVKD,"Cadrenal Therapeutics, Inc."
928658,CVLG,"COVENANT LOGISTICS GROUP, INC."
1169561,CVLT,COMMVAULT SYSTEMS INC
725363,CVM,CEL SCI CORP
1690820,CVNA,CARVANA CO.
19871,CVR,CHICAGO RIVET & MACHINE CO
1235912,CVRX,"CVRx, Inc."
64803,CVS,CVS HEALTH Corp
730464,CVSA,Covista Inc.
1510964,CVSI,"CV Sciences, Inc."
889348,CVU,CPI AEROSTRUCTURES INC
766792,CVV,CVD EQUIPMENT CORP
1023109,CVVUF,CANALASKA URANIUM LTD
93410,CVX,CHEVRON CORP
26324,CW,CURTISS WRIGHT CORP
1127371,CWBC,Community West Bancshares
1750155,CWBHF,"Charlotte's Web Holdings, Inc."
928340,CWCO,Consolidated Water Co. Ltd.
1627282,CWD,CaliberCos Inc.
1567683,CWEN,"Clearway Energy, Inc."
1562151,CWGL,"Crimson Wine Group, Ltd"
1669779,CWH,"Camping World Holdings, Inc."
1628369,CWK,Cushman & Wakefield Ltd.
1741220,CWPE,CW Petroleum Corp
911177,CWST,CASELLA WASTE SYSTEMS INC
1035201,CWT,CALIFORNIA WATER SERVICE GROUP
1076378,CX,CEMEX SAB DE CV
1820875,CXAI,CXApp Inc.
1820875,CXAIW,CXApp Inc.
1075736,CXDO,"Crexendo, Inc."
2114227,CXII,Churchill Capital Corp XII
2114227,CXIIU,Churchill Capital Corp XII
2114227,CXIIW,Churchill Capital Corp XII
1569345,CXM,"Sprinklr, Inc."
25445,CXT,"Crane NXT, Co."
1070985,CXW,"CoreCivic, Inc."
831609,CXXIF,C21 Investments Inc.
2032341,CYAB,"CYABRA, INC."
768408,CYAN,CYANOTECH CORP
2070829,CYATY,"Contemporary Amperex Technology Co., Limited/ADR"
1755237,CYCN,"Cyclerion Therapeutics, Inc."
1868419,CYCU,"Cycurion, Inc."
1868419,CYCUW,"Cycurion, Inc."
932695,CYD,CHINA YUCHAI INTERNATIONAL LTD
1394039,CYDVF,Century Lithium Corp.
1388994,CYDX,"CYduct Diagnostics, Inc."
1175680,CYDY,CytoDyn Inc.
1108109,CYH,COMMUNITY HEALTH SYSTEMS INC
1874097,CYN,Cyngn Inc.
1509745,CYPH,CYPHERPUNK TECHNOLOGIES INC.
1124524,CYRX,"Cryoport, Inc."
1061983,CYTK,CYTOKINETICS INC
1601936,CYTOF,Altamira Therapeutics Ltd.
739421,CZFS,CITIZENS FINANCIAL SERVICES INC
810958,CZNC,CITIZENS & NORTHERN CORP
1590895,CZR,"Caesars Entertainment, Inc."
1367859,CZWI,Citizens Community Bancorp Inc.
715957,D,"DOMINION ENERGY, INC"
2052162,DAAQ,Digital Asset Acquisition Corp.
2052162,DAAQU,Digital Asset Acquisition Corp.
2052162,DAAQW,Digital Asset Acquisition Corp.
1369241,DAC,Danaos Corp
2033770,DAIC,"CID Holdco, Inc."
2033770,DAICW,"CID Holdco, Inc."
351998,DAIO,DATA I/O CORP
915779,DAKT,DAKTRONICS INC /SD/
27904,DAL,"DELTA AIR LINES, INC."
26780,DAN,DANA Inc
1781753,DAO,"Youdao, Inc."
916540,DAR,DARLING INGREDIENTS INC.
1401914,DARE,"Dare Bioscience, Inc."
1792789,DASH,"DoorDash, Inc."
1656081,DAVA,Endava plc
1841408,DAVE,Dave Inc./DE
1841408,DAVEW,Dave Inc./DE
2039072,DAVI,DAVION HEALTHCARE PLC
1159508,DB,DEUTSCHE BANK AKTIENGESELLSCHAFT
1383082,DBA,INVESCO DB AGRICULTURE FUND
1383084,DBB,INVESCO DB BASE METALS FUND
1328237,DBC,Invesco DB Commodity Index Tracking Fund
2095161,DBCA,D. Boral Acquisition I Corp.
2095161,DBCAU,D. Boral Acquisition I Corp.
2095161,DBCAW,D. Boral Acquisition I Corp.
28823,DBD,"DIEBOLD NIXDORF, Inc"
1383062,DBE,Invesco DB Energy Fund
1668010,DBGI,"Digital Brands Group, Inc."
1319947,DBI,Designer Brands Inc.
1525201,DBL,DoubleLine Opportunistic Credit Fund
1127475,DBMM,"Digital Brand Media & Marketing Group, Inc."
1383058,DBO,Invesco DB Oil Fund
1383057,DBP,Invesco DB Precious Metals Fund
1679688,DBRG,"DigitalBridge Group, Inc."
1679688,DBRG-PH,"DigitalBridge Group, Inc."
1679688,DBRG-PI,"DigitalBridge Group, Inc."
1679688,DBRG-PJ,"DigitalBridge Group, Inc."
1613780,DBVT,DBV Technologies S.A.
1467623,DBX,"DROPBOX, INC."
1852353,DC,Dakota Gold Corp.
846617,DCBG,"Dime Commercial Bancshares, Inc. /NY/"
1829959,DCBO,Docebo Inc.
1630745,DCFBS,"DCFC Holdings, LLC"
1822359,DCGO,DocGo Inc.
1062231,DCH,Dauch Corp
29644,DCI,DONALDSON Co INC
30305,DCO,DUCOMMUN INC /DE/
846617,DCOM,"Dime Commercial Bancshares, Inc. /NY/"
846617,DCOM-P,"Dime Commercial Bancshares, Inc. /NY/"
1615219,DCOY,Decoy Therapeutics Inc.
872912,DCTH,"DELCATH SYSTEMS, INC."
1957413,DCX,Digital Currency X Technology Inc.
1666700,DD,"DuPont de Nemours, Inc."
1808110,DDC,DDC Enterprise Ltd
910638,DDD,3D SYSTEMS CORP
1453122,DDDX,"3DX Industries, Inc."
2034300,DDHLY,Digital Domain Holdings Limited/ADR
1799567,DDI,"DoubleDown Interactive Co., Ltd."
1854545,DDL,Dingdong (Cayman) Ltd
1561550,DDOG,"Datadog, Inc."
28917,DDS,"DILLARD'S, INC."
28917,DDT,"DILLARD'S, INC."
315189,DE,DEERE & CO
1622194,DEA,"Easterly Government Properties, Inc."
1922446,DEC,Diversified Energy Co
910521,DECK,DECKERS OUTDOOR CORP
1874907,DEFG,Grayscale Decentralized Finance (DeFi) Fund LLC
1985840,DEFI,Hashdex Commodities Trust
1888274,DEFT,"Defi Technologies, Inc."
1364250,DEI,Douglas Emmett Inc
1571996,DELL,Dell Technologies Inc.
835403,DEO,DIAGEO PLC
1867066,DERM,Journey Medical Corp
1919776,DETX,"LIBERTY DEFENSE HOLDINGS, LTD."
1854480,DEVSF,DevvStream Corp.
1805526,DFDV,DeFi Development Corp.
1805526,DFDVW,DeFi Development Corp.
1825088,DFH,"Dream Finders Homes, Inc."
1669811,DFIN,"Donnelley Financial Solutions, Inc."
1847986,DFLI,Dragonfly Energy Holdings Corp.
1847986,DFLIW,Dragonfly Energy Holdings Corp.
1787518,DFNS,T3 Defense Inc.
1787518,DFNSW,T3 Defense Inc.
1559991,DFP,Flaherty & Crumrine Dynamic Preferred & Income Fund Inc
1889823,DFSC,DEFSEC Technologies Inc.
1889823,DFSCW,DEFSEC Technologies Inc.
2038919,DFSLY,Defeng Solife Holdings Limited/ADR
1813814,DFTX,"Definium Therapeutics, Inc."
29534,DG,DOLLAR GENERAL CORP
2111038,DGAC,DISCIPLINED GROWTH ACQUISITION Corp
2111038,DGAC-UN,DISCIPLINED GROWTH ACQUISITION Corp
1809267,DGCOF,Daura Capital Corp.
800457,DGICA,DONEGAL GROUP INC
800457,DGICB,DONEGAL GROUP INC
854775,DGII,DIGI INTERNATIONAL INC
2010499,DGNX,Diginex Ltd
1159508,DGP,DEUTSCHE BANK AKTIENGESELLSCHAFT
1978151,DGTEF,Eat & Beyond Global Holdings Inc.
1022079,DGX,QUEST DIAGNOSTICS INC
1854368,DGXX,Digi Power X Inc.
1159508,DGZ,DEUTSCHE BANK AKTIENGESELLSCHAFT
1861795,DH,Definitive Healthcare Corp.
1075415,DHC,DIVERSIFIED HEALTHCARE TRUST
1075415,DHCNI,DIVERSIFIED HEALTHCARE TRUST
1075415,DHCNL,DIVERSIFIED HEALTHCARE TRUST
1057861,DHF,BNY MELLON HIGH YIELD STRATEGIES FUND
882184,DHI,HORTON D R INC /DE/
313616,DHR,DANAHER CORP /DE/
1331284,DHT,"DHT Holdings, Inc."
725394,DHTI,"Dalrada Technology Group, Inc."
1393883,DHX,"DHI GROUP, INC."
1061353,DHY,CREDIT SUISSE HIGH YIELD CREDIT FUND
1041130,DIA,SPDR DOW JONES INDUSTRIAL AVERAGE ETF TRUST
1600641,DIBS,"1stdibs.com, Inc."
1764757,DIDIY,DiDi Global Inc.
49754,DIN,"Dine Brands Global, Inc."
1915657,DINO,HF Sinclair Corp
29002,DIOD,DIODES INC /DEL/
1744489,DIS,Walt Disney Co
928465,DIT,AMCON DISTRIBUTING CO
783412,DJCO,DAILY JOURNAL CORP
312070,DJP,BARCLAYS BANK PLC
1849635,DJT,Trump Media & Technology Group Corp.
1849635,DJTWW,Trump Media & Technology Group Corp.
1694426,DK,"Delek US Holdings, Inc."
2058584,DKI,DarkIris Inc.
1552797,DKL,"Delek Logistics Partners, LP"
1883685,DKNG,DraftKings Inc.
1089063,DKS,"DICK'S SPORTING GOODS, INC."
1049724,DLAKY,DEUTSCHE LUFTHANSA A G /FI
1308547,DLB,"Dolby Laboratories, Inc."
785557,DLHC,DLH Holdings Corp.
2073893,DLMAY,Dollarama Inc./ADR
1578453,DLNG,Dynagas LNG Partners LP
1578453,DLNG-PA,Dynagas LNG Partners LP
1846832,DLO,dLocal Ltd
1282224,DLPN,"Dolphin Entertainment, Inc."
1297996,DLR,"DIGITAL REALTY TRUST, INC."
1297996,DLR-PJ,"DIGITAL REALTY TRUST, INC."
1297996,DLR-PK,"DIGITAL REALTY TRUST, INC."
1297996,DLR-PL,"DIGITAL REALTY TRUST, INC."
1649744,DLTH,DULUTH HOLDINGS INC.
935703,DLTR,"DOLLAR TREE, INC."
27996,DLX,DELUXE CORP
2025218,DLXY,Delixy Holdings Ltd
1788399,DLY,DoubleLine Yield Opportunities Fund
1523289,DMA,Destra Multi-Alternative Fund
2028614,DMAA,Drugs Made In America Acquisition Corp.
2028614,DMAAR,Drugs Made In America Acquisition Corp.
2028614,DMAAU,Drugs Made In America Acquisition Corp.
1401040,DMAC,DiaMedica Therapeutics Inc.
1565381,DMB,"BNY Mellon Municipal Bond Infrastructure Fund, Inc."
1047340,DMC,DEL MONTE CORP
2040475,DMII,Drugs Made In America Acquisition II Corp.
2040475,DMIIR,Drugs Made In America Acquisition II Corp.
2040475,DMIIU,Drugs Made In America Acquisition II Corp.
1172358,DMLP,"DORCHESTER MINERALS, L.P."
1478102,DMO,Western Asset Mortgage Opportunity Fund Inc.
1800315,DMRA,"Damora Therapeutics, Inc."
2119322,DMRC,Digimarc Corp
1830214,DNA,"Ginkgo Bioworks Holdings, Inc."
2065660,DNCLY,"DeNA Co., Ltd./ADR"
1714899,DNLI,Denali Therapeutics Inc.
2081125,DNMX,Dynamix Corp III
2081125,DNMXU,Dynamix Corp III
2081125,DNMXW,Dynamix Corp III
1063259,DNN,DENISON MINES CORP.
1599617,DNOW,DNOW Inc.
806628,DNP,DNP SELECT INCOME FUND INC
1690585,DNTH,"Dianthus Therapeutics, Inc. /DE/"
1857154,DNUT,"Krispy Kreme, Inc."
765880,DOC,"HEALTHPEAK PROPERTIES, INC."
1582961,DOCN,"DigitalOcean Holdings, Inc."
1516513,DOCS,"Doximity, Inc."
1261333,DOCU,"DOCUSIGN, INC."
1360442,DOGP,"Dogecoin Cash, Inc."
1707303,DOGZ,Dogness (International) Corp
1857475,DOLE,Dole plc
12239,DOMH,Dominari Holdings Inc.
1505952,DOMO,"DOMO, INC."
1748797,DOO,BRP Inc.
868780,DORM,"Dorman Products, Inc."
1878897,DOUG,Douglas Elliman Inc.
29905,DOV,DOVER Corp
1751788,DOW,DOW INC.
1062579,DOX,AMDOCS LTD
1762417,DOYU,DouYu International Holdings Ltd
2107018,DPC,DPC Holdings Ltd
2094201,DPDSY,DPC DASH LTD/ADR
1515671,DPG,Duff & Phelps Utility & Infrastructure Fund Inc.
866439,DPLS,"DarkPulse, Inc."
1786286,DPRO,Draganfly Inc.
1791929,DPUI,"DISCOUNT PRINT USA, INC."
1286681,DPZ,DOMINOS PIZZA INC
1477641,DQ,DAQO NEW ENERGY CORP.
1652561,DQWS,DSwiss Inc
1880613,DRCT,"Direct Digital Holdings, Inc."
1023512,DRD,DRDGOLD LTD
2032528,DRDB,Roman DBDR Acquisition Corp. II
2032528,DRDBU,Roman DBDR Acquisition Corp. II
2032528,DRDBW,Roman DBDR Acquisition Corp. II
1298946,DRH,DiamondRock Hospitality Co
940944,DRI,DARDEN RESTAURANTS INC
1533998,DRIO,DarioHealth Corp.
1853816,DRMA,"Dermata Therapeutics, Inc."
1853816,DRMAW,"Dermata Therapeutics, Inc."
1282980,DROR,"Dror Ortho-Design, Inc."
1833756,DRS,"Leonardo DRS, Inc."
1671541,DRSHF,DroneShield Ltd
1871321,DRTS,Alpha Tau Medical Ltd.
1871321,DRTSW,Alpha Tau Medical Ltd.
1340476,DRTTF,DIRTT ENVIRONMENTAL SOLUTIONS LTD
1827401,DRUG,BRIGHT MINDS BIOSCIENCES INC.
1804745,DRVN,Driven Brands Holdings Inc.
2006413,DRYGF,Dryden Gold Corp.
2082149,DSAC,Daedalus Special Acquisition Corp.
2082149,DSACU,Daedalus Special Acquisition Corp.
2082149,DSACW,Daedalus Special Acquisition Corp.
1966041,DSC,DSC Holdings Ltd.
1481045,DSEEY,Daiwa Securities Group Inc.
1807120,DSGN,"Design Therapeutics, Inc."
703604,DSGR,"Distribution Solutions Group, Inc."
1050140,DSGX,DESCARTES SYSTEMS GROUP INC
1566388,DSL,DoubleLine Income Solutions Fund
855887,DSM,"BNY MELLON STRATEGIC MUNICIPAL BOND FUND, INC."
1099369,DSNY,DESTINY MEDIA TECHNOLOGIES INC
1828791,DSP,Viant Technology Inc.
1544088,DSRNY,DiaSorin SpA/ADR
771999,DSS,"DSS, INC."
1051003,DSU,"BLACKROCK DEBT STRATEGIES FUND, INC."
946936,DSWL,DESWELL INDUSTRIES INC
1318885,DSX,DIANA SHIPPING INC.
1318885,DSX-PB,DIANA SHIPPING INC.
1318885,DSX-WT,DIANA SHIPPING INC.
1999297,DSY,Big Tree Cloud Holdings Ltd
1999297,DSYWW,Big Tree Cloud Holdings Ltd
1773383,DT,"Dynatrace, Inc."
936340,DTB,DTE ENERGY CO
1949478,DTCKF,DAVIS COMMODITIES Ltd
1853825,DTCX,"Datacentrex, Inc."
936340,DTE,DTE ENERGY CO
946770,DTEGY,DEUTSCHE TELEKOM AG
879535,DTF,DTF TAX-FREE INCOME 2028 TERM FUND INC
936340,DTG,DTE ENERGY CO
1014052,DTGI,"Digerati Technologies, Inc."
1884516,DTI,Drilling Tools International Corp
1533357,DTII,DEFENSE TECHNOLOGIES INTERNATIONAL CORP.
1357874,DTIL,PRECISION BIOSCIENCES INC
936340,DTK,DTE ENERGY CO
1842022,DTM,"DT Midstream, Inc."
2127860,DTRSY,DATELINE RESOURCES LTD/ADR
2017950,DTSQ,DT Cloud Star Acquisition Corp
2017950,DTSQR,DT Cloud Star Acquisition Corp
2017950,DTSQU,DT Cloud Star Acquisition Corp
2110423,DTSS,Datasea Intelligent Technology Ltd.
1419951,DTST,Data Storage Corp
936340,DTW,DTE ENERGY CO
1326160,DUK,Duke Energy CORP
1326160,DUK-PA,Duke Energy CORP
1326160,DUKB,Duke Energy CORP
1638911,DUKR,DUKE Robotics Corp.
1638911,DUKRW,DUKE Robotics Corp.
927971,DULL,BANK OF MONTREAL /CAN/
1750593,DUO,Fangdd Network Group Ltd.
1562088,DUOL,"Duolingo, Inc."
1396536,DUOT,"DUOS TECHNOLOGIES GROUP, INC."
1819928,DV,"DoubleVerify Holdings, Inc."
927066,DVA,DAVITA INC.
1682149,DVLT,Datavault AI Inc.
1090012,DVN,DEVON ENERGY CORP/DE
1394638,DWAY,"Driveitaway Holdings, Inc."
927719,DWNX,DELHI BANK CORP
799165,DWSN,DAWSON GEOPHYSICAL CO
1818844,DWTX,"Dogwood Therapeutics, Inc."
826675,DX,DYNEX CAPITAL INC
826675,DX-PC,DYNEX CAPITAL INC
1688568,DXC,DXC Technology Co
1093557,DXCM,DEXCOM INC
1499494,DXF,Eason Technology Ltd
813298,DXLG,"DESTINATION XL GROUP, INC."
1020710,DXPE,DXP ENTERPRISES INC
27367,DXR,DAXOR CORP
1958133,DXST,Decent Holding Inc.
29332,DXYN,DIXIE GROUP INC
1843974,DXYZ,Destiny Tech100 Inc.
67215,DY,DYCOM INDUSTRIES INC
1213809,DYAI,DYADIC INTERNATIONAL INC
2085208,DYBTY,Duality Biotherapeutics Inc/ADR
1818794,DYN,"Dyne Therapeutics, Inc."
2028699,DYNC,Dynamix Corp
2028699,DYNCU,Dynamix Corp
2028699,DYNCW,Dynamix Corp
1111741,DYNR,"DYNARESOURCE, INC."
2079292,DYOR,Insight Digital Partners II
2079292,DYORU,Insight Digital Partners II
2079292,DYORW,Insight Digital Partners II
1159508,DZZ,DEUTSCHE BANK AKTIENGESELLSCHAFT
1002242,E,ENI SPA
712515,EA,ELECTRONIC ARTS INC.
784539,EACO,EACO CORP
1210123,EAD,ALLSPRING INCOME OPPORTUNITIES FUND
931148,EAF,GRAFTECH INTERNATIONAL LTD
7323,EAI,"ENTERGY ARKANSAS, LLC"
1560672,EARN,Ellington Credit Co
703351,EAT,"BRINKER INTERNATIONAL, INC"
832370,EAXR,"Ealixir, Inc."
1065088,EBAY,EBAY INC
1810546,EBC,"Eastern Bankshares, Inc."
1969796,EBCRY,Embracer Group AB/ADR
33002,EBF,"ENNIS, INC."
2123531,EBGCY,Eastroc Beverage Group Co. Ltd/ADR
1478454,EBMT,"Eagle Bancorp Montana, Inc."
1799290,EBON,Ebang International Holdings Inc.
1533082,EBOSY,EBOS Group Limited/ADR
1367644,EBS,Emergent BioSolutions Inc.
1730869,EBZT,"Everything Blockchain, Inc."
1444406,EC,ECOPETROL S.A.
1864843,ECAT,BlackRock ESG Capital Allocation Term Trust
1914605,ECBK,"ECB Bancorp, Inc. /MD/"
1604174,ECC,Eagle Point Credit Co
1604174,ECC-PD,Eagle Point Credit Co
1604174,ECCC,Eagle Point Credit Co
1604174,ECCU,Eagle Point Credit Co
1604174,ECCV,Eagle Point Credit Co
793040,ECF,ELLSWORTH GROWTH & INCOME FUND LTD
793040,ECF-PA,ELLSWORTH GROWTH & INCOME FUND LTD
2015845,ECG,"Everus Construction Group, Inc."
1415404,ECHO,EchoStar CORP
31462,ECL,ECOLAB INC.
1964954,ECO,Okeanis Eco Tankers Corp.
1560258,ECOR,"electroCore, Inc."
1084961,ECPG,ENCORE CAPITAL GROUP INC
1356914,ECPL,ECOPLUS INC
2089161,ECR,Encore Inc.
1487798,ECTM,ECA Marcellus Trust I
1708035,ECVT,Ecovyst Inc.
1861974,ECX,ECARX Holdings Inc.
1861974,ECXWW,ECARX Holdings Inc.
1047862,ED,CONSOLIDATED EDISON INC
1809750,EDBL,Edible Garden AG Inc
1809750,EDBLW,Edible Garden AG Inc
1388141,EDD,"Morgan Stanley Emerging Markets Domestic Debt Fund, Inc."
1501103,EDF,Virtus Stone Harbor Emerging Markets Income Fund
1652958,EDGM,"Edgemode, Inc."
2024876,EDHL,Everbright Digital Holding Ltd.
1650664,EDIT,"Editas Medicine, Inc."
1395213,EDN,EDENOR
1039610,EDPFY,EDP ENERGIAS DE PORTUGAL SA
1516534,EDRVY,EDP Renewables S.A./ADR
1731388,EDRY,EuroDry Ltd.
1540159,EDSA,"Edesa Biotech, Inc."
1782309,EDTK,Skillful Craftsman Education Technology Ltd
1372920,EDU,New Oriental Education & Technology Group Inc.
31667,EDUC,EDUCATIONAL DEVELOPMENT CORP
1917599,EDVR,Endeavor Bancorp
1888447,EE,"Excelerate Energy, Inc."
791718,EEA,"EUROPEAN EQUITY FUND, INC / MD"
1029199,EEFT,"EURONET WORLDWIDE, INC."
1043150,EEGI,"Eline Entertainment Group, Inc."
1781397,EEIQ,EpicQuest Education Group International Ltd
1579214,EEX,"Emerald Holding, Inc."
1411342,EFC,Ellington Financial Inc.
1411342,EFC-PB,Ellington Financial Inc.
1411342,EFC-PC,Ellington Financial Inc.
1411342,EFC-PD,Ellington Financial Inc.
2104943,EFGH,Embed Financial Group Holdings
924168,EFOI,"ENERGY FOCUS, INC/DE"
890564,EFOR,Everforth Inc
1258623,EFR,Eaton Vance Senior Floating-Rate Trust
1025835,EFSC,ENTERPRISE FINANCIAL SERVICES CORP
1025835,EFSCP,ENTERPRISE FINANCIAL SERVICES CORP
880641,EFSI,EAGLE FINANCIAL SERVICES INC
1288992,EFT,Eaton Vance Floating-Rate Income Trust
2058349,EFTY,"ETOILES CAPITAL GROUP CO., LTD"
33185,EFX,EQUIFAX INC
1904856,EFXT,Enerflex Ltd.
1095073,EG,"EVEREST GROUP, LTD."
1066194,EGAN,EGAIN Corp
1050441,EGBN,EAGLE BANCORP INC
1982961,EGG,ENIGMATIG LTD
2052547,EGHA,EGH Acquisition Corp.
2052547,EGHAR,EGH Acquisition Corp.
2052547,EGHAU,EGH Acquisition Corp.
1023731,EGHT,8X8 INC /DE/
1854233,EGLXF,Enthusiast Gaming Holdings Inc. / Canada
1199392,EGMCF,EMERGENT METALS CORP.
918608,EGO,ELDORADO GOLD CORP /FI
49600,EGP,EASTGROUP PROPERTIES INC
894627,EGY,VAALCO ENERGY INC /DE/
1759783,EH,EHang Holdings Ltd
785161,EHC,Encompass Health Corp
1879754,EHGO,EShallGo Inc.
1228509,EHI,WESTERN ASSET GLOBAL HIGH INCOME FUND INC.
2032779,EHLD,Euroholdings Ltd.
1089815,EHSI,Elite Health Systems Inc.
1333493,EHTH,"eHealth, Inc."
1653606,EHVVF,"Ehave, Inc."
1754836,EIC,Eagle Point Income Co Inc.
1754836,EICA,Eagle Point Income Co Inc.
1379041,EIG,"Employers Holdings, Inc."
1896036,EIIA,Eagle Point Institutional Income Fund
1861123,EIKN,"Eikon Therapeutics, Inc."
1176984,EIM,Eaton Vance Municipal Bond Fund
827052,EIX,EDISON INTERNATIONAL
1769768,EJH,E-Home Household Service Holdings Ltd
1001250,EL,ESTEE LAUDER COMPANIES INC
701719,ELA,Envela Corp
1840563,ELAB,PMGC Holdings Inc.
1739104,ELAN,Elanco Animal Health Inc
1907184,ELBM,Electra Battery Materials Corp
1348952,ELC,"ENTERGY LOUISIANA, LLC"
1404281,ELDN,"Eledon Pharmaceuticals, Inc."
2086771,ELE,Elemental Royalty Corp
1817083,ELECF,Electric Royalties Ltd.
1600033,ELF,"e.l.f. Beauty, Inc."
2073615,ELFTY,Element Fleet Management Corp./ADR
1560672,ELLA,Ellington Credit Co
946394,ELLO,Ellomay Capital Ltd.
1488917,ELMD,"Electromed, Inc."
104894,ELME,Elme Communities
2101698,ELMT,Elmet Group Co.
2013320,ELOG,Eastern International Ltd.
1035354,ELOX,"Eloxx Pharmaceuticals, Inc."
1041792,ELPC,ENERGY CO OF PARANA
2015691,ELPW,Elong Power Holding Ltd.
1438461,ELRE,Yinfu Gold Corp.
895417,ELS,EQUITY LIFESTYLE PROPERTIES INC
351789,ELSE,ELECTRO SENSORS INC
1024672,ELTK,ELTEK LTD
1053369,ELTP,ELITE PHARMACEUTICALS INC /NV/
1601485,ELTX,"Elicio Therapeutics, Inc."
1708527,ELUT,ELUTIA INC.
1156039,ELV,"Elevance Health, Inc."
1844450,ELVA,Electrovaya Inc.
1741489,ELVG,"Elvictor Group, Inc."
1672619,ELVN,"Enliven Therapeutics, Inc."
1739016,ELVR,Elevra Lithium Ltd
2063863,ELWT,"Elauwit Connection, Inc."
1127248,EMA,EMERA INC
1866226,EMAT,Evolution Metals & Technologies Corp.
1872789,EMBC,Embecta Corp.
1355444,EMBJ,EMBRAER S.A.
1487615,EMBYF,Nexera Energy Inc.
1869601,EMCGF,Embrace Change Acquisition Corp.
1227862,EMD,WESTERN ASSET EMERGING MARKETS DEBT FUND INC.
105634,EME,"EMCOR Group, Inc."
809708,EMF,TEMPLETON EMERGING MARKETS FUND
1790607,EMGDF,Eminent Gold Corp.
1838003,EMI,"Encore Medical, Inc."
2075816,EMIS,Emmis Acquisition Corp.
2075816,EMISR,Emmis Acquisition Corp.
31107,EML,EASTERN CO
822370,EMMA,"Emmaus Life Sciences, Inc."
915389,EMN,EASTMAN CHEMICAL CO
1517518,EMO,ClearBridge Energy Midstream Opportunity Fund Inc.
66901,EMP,"ENTERGY MISSISSIPPI, LLC"
1829794,EMPD,Empery Digital Inc.
2005569,EMPG,Empro Group Inc.
32604,EMR,EMERSON ELECTRIC CO
1300306,EMRH,EMERGING HOLDINGS INC
1449794,EMYB,"Embassy Bancorp, Inc."
895728,ENB,ENBRIDGE INC
1437479,ENBP,ENB Financial Corp
1524326,ENDMF,Enduro Metals Corp.
1528172,ENDV,"ENDONOVO THERAPEUTICS, INC."
1980845,ENGN,enGene Therapeutics Inc.
1980845,ENGNW,enGene Therapeutics Inc.
1971828,ENGS,Energys Group Ltd
1956439,ENHA,Enhanced Group Inc.
1659939,ENIC,Enel Chile S.A.
71508,ENJ,"ENTERGY NEW ORLEANS, LLC"
1922641,ENLT,Enlight Renewable Energy Ltd.
1596812,ENLV,Enlivex Ltd.
71508,ENO,"ENTERGY NEW ORLEANS, LLC"
1420800,ENOV,Enovis CORP
1463101,ENPH,"Enphase Energy, Inc."
1632790,ENR,"ENERGIZER HOLDINGS, INC."
2095096,ENRD,Einride AB
2095096,ENRDW,Einride AB
1346022,ENRT,Enertopia Corp.
1289308,ENS,EnerSys
1716947,ENSC,"Ensysce Biosciences, Inc."
1125376,ENSG,"ENSIGN GROUP, INC"
2028464,ENT,"ENTRATA, INC."
1177648,ENTA,ENANTA PHARMACEUTICALS INC
1101302,ENTG,ENTEGRIS INC
1638097,ENTX,Entera Bio Ltd.
1529864,ENVA,"Enova International, Inc."
890821,ENVB,"Enveric Biosciences, Inc."
1828318,ENVX,Enovix Corp
727510,ENZN,"Viskase Holdings, Inc."
1386067,EOD,ALLSPRING GLOBAL DIVIDEND OPPORTUNITY FUND
821189,EOG,EOG RESOURCES INC
1300391,EOI,Eaton Vance Enhanced Equity Income Fund
1570562,EOLS,"Evolus, Inc."
1136808,EONGY,E.ON SE
1842556,EONR,EON Resources Inc.
1842556,EONR-WT,EON Resources Inc.
1308335,EOS,Eaton Vance Enhanced Equity Income Fund II
1805077,EOSE,"Eos Energy Enterprises, Inc."
1805077,EOSER,"Eos Energy Enterprises, Inc."
1454741,EOT,Eaton Vance National Municipal Opportunities Trust
887396,EP,EMPIRE PETROLEUM CORP
1506307,EP-PC,"KINDER MORGAN, INC."
6955,EPAC,ENERPAC TOOL GROUP CORP
1352010,EPAM,"EPAM Systems, Inc."
1096752,EPC,EDGEWELL PERSONAL CARE Co
1061219,EPD,ENTERPRISE PRODUCTS PARTNERS L.P.
1006655,EPM,EVOLUTION PETROLEUM CORP
1780731,EPOW,E-Power Inc.
1045450,EPR,EPR PROPERTIES
1045450,EPR-PC,EPR PROPERTIES
1045450,EPR-PE,EPR PROPERTIES
1045450,EPR-PG,EPR PROPERTIES
1728951,EPRT,"ESSENTIAL PROPERTIES REALTY TRUST, INC."
1581178,EPRX,EUPRAXIA PHARMACEUTICALS INC.
1883437,EPSM,Epsium Enterprise Ltd
1726126,EPSN,Epsilon Energy Ltd.
1900720,EPWKF,EPWK Holdings Ltd.
1746466,EQ,"Equillium, Inc."
1227500,EQBK,EQUITY BANCSHARES INC
1333986,EQH,"Equitable Holdings, Inc."
1333986,EQH-PA,"Equitable Holdings, Inc."
1333986,EQH-PC,"Equitable Holdings, Inc."
1101239,EQIX,EQUINIX INC
1140625,EQNR,EQUINOR ASA
1693736,EQPT,EquipmentShare.com Inc
906107,EQR,EQUITY RESIDENTIAL
878932,EQS,"EQUUS TOTAL RETURN, INC."
33213,EQT,EQT Corp
1635729,EQTRF,Altamira Gold Corp.
1756607,EQX,Equinox Gold Corp.
1761918,ERAS,"Erasca, Inc."
1227073,ERC,ALLSPRING MULTI-SECTOR INCOME FUND
1454144,ERELY,Eregli Demir ve Celik Fabrikalari TAS/ADR
1279014,ERH,ALLSPRING UTILITIES & HIGH INCOME FUND
717826,ERIC,ERICSSON LM TELEPHONE CO
922621,ERIE,ERIE INDEMNITY CO
1421517,ERII,"Energy Recovery, Inc."
1271554,ERLFF,Entree Resources Ltd.
748592,ERNA,Ernexa Therapeutics Inc.
748592,ERNAW,Ernexa Therapeutics Inc.
1853860,ERO,Ero Copper Corp.
2110029,EROC,"ERock, Inc."
2104882,EROK,"EagleRock Land, LLC"
72741,ES,EVERSOURCE ENERGY
1877322,ESAB,ESAB Corp
1657800,ESAUF,ESGold Corp.
1553079,ESBA,"Empire State Realty OP, L.P."
33488,ESCA,ESCALADE INC
866706,ESE,ESCO TECHNOLOGIES INC
1341170,ESEA,EUROSEAS LTD.
1883835,ESGH,ESG Inc.
1907622,ESHSF,Eddy Smart Home Solutions Ltd.
1590714,ESI,Element Solutions Inc
1844417,ESLA,"Estrella Immunopharma, Inc."
1844417,ESLAW,"Estrella Immunopharma, Inc."
1027664,ESLT,ELBIT SYSTEMS LTD
862668,ESMC,ESCALON MEDICAL CORP
1448893,ESNT,Essent Group Ltd.
1357971,ESOA,Energy Services of America CORP
33533,ESP,ESPEY MFG & ELECTRONICS CORP
1434868,ESPR,"Esperion Therapeutics, Inc."
1531031,ESQ,"Esquire Financial Holdings, Inc."
1541401,ESRT,"Empire State Realty Trust, Inc."
920522,ESS,"ESSEX PROPERTY TRUST, INC."
1490873,ESSI,"ECO SCIENCE SOLUTIONS, INC."
1688757,ESTA,ESTABLISHMENT LABS HOLDINGS INC.
1707753,ESTC,Elastic N.V.
1470419,ESYJY,easyJet plc
1276187,ET,Energy Transfer LP
1276187,ET-PI,Energy Transfer LP
1308927,ETB,Eaton Vance Tax-Managed Buy-Write Income Fund
1705181,ETCG,Grayscale Ethereum Classic Trust (ETC)
896156,ETD,ETHAN ALLEN INTERIORS INC
1270523,ETG,Eaton Vance Tax-Advantaged Global Dividend Income Fund
2020455,ETH,Grayscale Ethereum Staking Mini ETF
2000638,ETHA,iShares Ethereum Trust ETF
2099103,ETHB,iShares Staked Ethereum Trust ETF
1725210,ETHE,Grayscale Ethereum Staking ETF
1860788,ETHV,VanEck Ethereum ETF
2013744,ETHW,Bitwise Ethereum ETF
1427437,ETI-P,"ENTERGY TEXAS, INC."
1395325,ETJ,Eaton Vance Risk-Managed Diversified Equity Income Fund
1551182,ETN,Eaton Corp plc
1281926,ETO,Eaton Vance Tax-Advantaged Global Dividend Opportunities Fund
1710340,ETON,"Eton Pharmaceuticals, Inc."
1493318,ETOR,eToro Group Ltd.
65984,ETR,ENTERGY CORP /DE/
2053641,ETS,Elite Express Holding Inc.
2085932,ETSS,Energy Transition Special Opportunities
2085932,ETSS-UN,Energy Transition Special Opportunities
2085932,ETSS-WT,Energy Transition Special Opportunities
1538495,ETST,"Earth Science Tech, Inc."
1370637,ETSY,ETSY INC
1877430,ETUGF,E2Gold Inc.
1322436,ETV,Eaton Vance Tax-Managed Buy-Write Opportunities Fund
1322435,ETW,Eaton Vance Tax-Managed Global Buy-Write Opportunities Fund
1563696,ETX,Eaton Vance Municipal Income 2028 Term Trust
1340736,ETY,Eaton Vance Tax-Managed Diversified Equity Income Fund
1500881,EU,enCore Energy Corp.
1171326,EUBG,ENTREPRENEUR UNIVERSE BRIGHT GROUP
1847846,EUDA,EUDA Health Holdings Ltd
1847846,EUDAW,EUDA Health Holdings Ltd
1993599,EUEMF,European Energy Metals Corp.
2127859,EULLY,EUROPEAN LITHIUM LTD/ADR
1415311,EUO,ProShares Trust II
2000410,EURK,Eureka Acquisition Corp
2000410,EURKR,Eureka Acquisition Corp
2000410,EURKU,Eureka Acquisition Corp
2042902,EVAC,EQV Ventures Acquisition Corp. II
2042902,EVAC-UN,EQV Ventures Acquisition Corp. II
2042902,EVAC-WT,EQV Ventures Acquisition Corp. II
1828253,EVAX,Evaxion A/S
1109116,EVC,ENTRAVISION COMMUNICATIONS CORP
1853145,EVCM,EverCommerce Inc.
1640428,EVER,"EverQuote, Inc."
1823652,EVEX,"Eve Holding, Inc."
1823652,EVEX-WT,"Eve Holding, Inc."
1070732,EVF,Eaton Vance Senior Income Trust
1618835,EVFM,"Evofem Biosciences, Inc."
1287498,EVG,Eaton Vance Short Duration Diversified Income Fund
1574565,EVGN,Evogene Ltd.
1821159,EVGO,EVgo Inc.
1821159,EVGOW,EVgo Inc.
1628908,EVH,"Evolent Health, Inc."
65312,EVI,"EVI INDUSTRIES, INC."
1805385,EVLV,"Evolv Technologies Holdings, Inc."
1805385,EVLVW,"Evolv Technologies Holdings, Inc."
2044725,EVMN,"Evommune, Inc."
1074540,EVN,Eaton Vance Municipal Income Trust
1412558,EVO,Evotec SE
1700844,EVOH,EvoAir Holdings Inc.
2075036,EVON,EvoNexus Group LTD
2077954,EVOX,Evolution Global Acquisition Corp
2077954,EVOXU,Evolution Global Acquisition Corp
2077954,EVOXW,Evolution Global Acquisition Corp
1360901,EVR,Evercore Inc.
1711269,EVRG,"Evergy, Inc."
1253327,EVT,Eaton Vance Tax-Advantaged Dividend Income Fund
1559865,EVTC,"EVERTEC, Inc."
1867102,EVTL,Vertical Aerospace Ltd.
1563568,EVTV,"Envirotech Vehicles, Inc."
1222922,EVV,Eaton Vance Ltd Duration Income Fund
1099800,EW,Edwards Lifesciences Corp
2100704,EWAV,East West Ave Acquisition Corp.
1069157,EWBC,EAST WEST BANCORP INC
2013792,EWSB,"EWSB Bancorp, Inc. /MD/"
1710072,EWTX,"Edgewise Therapeutics, Inc."
1109357,EXC,EXELON CORP
2088688,EXCBF,Excalibur Metals Corp.
895126,EXE,EXPAND ENERGY Corp
939767,EXEL,"EXELIXIS, INC."
1476840,EXFY,"Expensify, Inc."
1379438,EXG,Eaton Vance Tax-Managed Global Diversified Equity Income Fund
1277866,EXK,ENDEAVOUR SILVER CORP
1297989,EXLS,"ExlService Holdings, Inc."
1821534,EXOD,"Exodus Movement, Inc."
2010788,EXOZ,EXOZYMES INC.
918646,EXP,EAGLE MATERIALS INC
746515,EXPD,EXPEDITORS INTERNATIONAL OF WASHINGTON INC
1324424,EXPE,"Expedia Group, Inc."
851520,EXPO,EXPONENT INC
1289490,EXR,Extra Space Storage Inc.
1078271,EXTR,EXTREME NETWORKS INC
1960355,EXYN,"Exyn Technologies, Inc."
1960355,EXYNW,"Exyn Technologies, Inc."
1710155,EYE,"National Vision Holdings, Inc."
1314102,EYPT,"EyePoint, Inc."
1562294,EYUBY,Electricity Generating Public Co Limited/ADR
1992870,EZBC,Franklin Templeton Digital Holdings Trust
2011535,EZET,Franklin Ethereum Trust
1806904,EZGO,EZGO Technologies Ltd.
876523,EZPW,EZCORP INC
2033807,EZPZ,Franklin Crypto Trust
1812727,EZRA,"Reliance Global Group, Inc."
37996,F,FORD MOTOR CO
37996,F-PB,FORD MOTOR CO
37996,F-PC,FORD MOTOR CO
37996,F-PD,FORD MOTOR CO
1210677,FA,FIRST ADVANTAGE CORP
1086745,FABC,"Fabric.AI, Inc."
2049662,FAC,Factorial Energy Inc.
2028935,FACT,FACT II Acquisition Corp.
2028935,FACTU,FACT II Acquisition Corp.
2028935,FACTW,FACT II Acquisition Corp.
2049662,FACWW,Factorial Energy Inc.
1472787,FAF,First American Financial Corp
1701261,FAMI,"Farmmi, Inc."
1539838,FANG,"Diamondback Energy, Inc."
1731854,FASLF,First Andes Silver Ltd.
815556,FAST,FASTENAL CO
1705012,FATAQ,"Fat Brands, Inc"
1434316,FATE,FATE THERAPEUTICS INC
1993400,FATN,Fatpipe Inc/UT
790500,FAX,"ABRDN ASIA-PACIFIC INCOME FUND, INC."
1370816,FBCD,"FBC Holding, Inc."
1892704,FBDT,"First Breach, Inc."
1938534,FBGL,FBS Global Ltd
1519751,FBIN,"Fortune Brands Innovations, Inc."
1429260,FBIO,"Fortress Biotech, Inc."
1429260,FBIOP,"Fortress Biotech, Inc."
1521951,FBIZ,"FIRST BUSINESS FINANCIAL SERVICES, INC."
1649749,FBK,FB Financial Corp
2013639,FBLA,"FB Bancorp, Inc. /MD/"
1958777,FBLG,"FibroBiologics, Inc."
811589,FBNC,FIRST BANCORP /NC/
1057706,FBP,FIRST BANCORP /PR/
1562528,FBRT,"Franklin BSP Realty Trust, Inc."
1562528,FBRT-PE,"Franklin BSP Realty Trust, Inc."
1419041,FBRX,"Forte Biosciences, Inc."
912967,FBSI,FIRST BANCSHARES INC /MO/
1852317,FBTC,Fidelity Wise Origin Bitcoin Fund
1937987,FBYD,"Falcon's Beyond Global, Inc."
1937987,FBYDP,"Falcon's Beyond Global, Inc."
1937987,FBYDW,"Falcon's Beyond Global, Inc."
886206,FC,FRANKLIN COVEY CO
1070296,FCAP,FIRST CAPITAL INC
859070,FCBC,FIRST COMMUNITY BANKSHARES INC /VA/
1531193,FCBM,"First Carolina Financial Services, Inc."
1807689,FCCI,"FAST CASUAL CONCEPTS, INC."
1131903,FCCN,SPECTRAL CAPITAL Corp
932781,FCCO,FIRST COMMUNITY CORP /SC/
886128,FCEL,FUELCELL ENERGY INC
712537,FCF,FIRST COMMONWEALTH FINANCIAL CORP /PA/
840489,FCFS,"FirstCash Holdings, Inc."
2048847,FCHDF,Fairchild Gold Corp.
2023796,FCHL,Fitness Champs Holdings Ltd
1416876,FCHS,"First Choice Healthcare Solutions, Inc."
887936,FCN,"FTI CONSULTING, INC"
798941,FCNCA,FIRST CITIZENS BANCSHARES INC /DE/
798941,FCNCB,FIRST CITIZENS BANCSHARES INC /DE/
798941,FCNCN,FIRST CITIZENS BANCSHARES INC /DE/
798941,FCNCO,FIRST CITIZENS BANCSHARES INC /DE/
798941,FCNCP,FIRST CITIZENS BANCSHARES INC /DE/
1650132,FCPT,"Four Corners Property Trust, Inc."
2074697,FCRS,FutureCrest Acquisition Corp.
2074697,FCRS-UN,FutureCrest Acquisition Corp.
2074697,FCRS-WT,FutureCrest Acquisition Corp.
1282850,FCT,FIRST TRUST SENIOR FLOATING RATE INCOME FUND II
1590418,FCUV,FOCUS UNIVERSAL INC.
831259,FCX,FREEPORT-MCMORAN INC
1098151,FDBC,FIDELITY D & D BANCORP INC
1722731,FDCT,"FDCTECH, INC."
2129659,FDMM,Freedom Metals Acquisition Corp.
2129659,FDMMU,Freedom Metals Acquisition Corp.
1650648,FDMT,"4D Molecular Therapeutics, Inc."
1013237,FDS,FACTSET RESEARCH SYSTEMS INC
2012726,FDSB,"Fifth District Bancorp, Inc."
1513363,FDUS,FIDUS INVESTMENT Corp
1048911,FDX,FEDEX CORP
2082247,FDXF,"FedEx Freight Holding Company, Inc."
1970125,FDXTF,FENDX TECHNOLOGIES INC.
1031296,FE,FIRSTENERGY CORP
1888654,FEAM,"5E Advanced Materials, Inc."
1957001,FEBO,Fenbo Holdings Ltd
849997,FECOF,FEC Resources Inc.
1709819,FEDU,Four Seasons Education (Cayman) Inc.
1326706,FEED,"ENvue Medical, Inc."
39020,FEIM,FREQUENCY ELECTRONICS INC
38725,FELE,FRANKLIN ELECTRIC CO INC
1339005,FEMY,FEMASYS INC
1211583,FENC,FENNEC PHARMACEUTICALS INC.
1509646,FENG,Phoenix New Media Ltd
1468522,FER,Ferrovial N.V.
2025401,FERA,Fifth Era Acquisition Corp I
2025401,FERAR,Fifth Era Acquisition Corp I
2025401,FERAU,Fifth Era Acquisition Corp I
2011641,FERG,Ferguson Enterprises Inc. /DE/
1401257,FET,"FORUM ENERGY TECHNOLOGIES, INC."
2000046,FETH,Fidelity Ethereum Fund
1337298,FF,FutureFuel Corp.
1291334,FFA,FIRST TRUST ENHANCED EQUITY INCOME FUND
1805521,FFAI,FARADAY FUTURE INTELLIGENT ELECTRIC INC.
1805521,FFAIW,FARADAY FUTURE INTELLIGENT ELECTRIC INC.
708955,FFBC,FIRST FINANCIAL BANCORP /OH/
1174164,FFC,Flaherty & Crumrine PREFERRED & INCOME SECURITIES FUND INC
2102972,FFGG,FF Global Holdings Ltd
36029,FFIN,FIRST FINANCIAL BANKSHARES INC
1048695,FFIV,"F5, INC."
1543652,FFLO,"Free Flow USA, Inc."
1641229,FFMGF,First Mining Gold Corp.
1934850,FG,"F&G Annuities & Life, Inc."
1408534,FGBI,"First Guaranty Bancshares, Inc."
1408534,FGBIP,"First Guaranty Bancshares, Inc."
1858258,FGDL,Franklin Templeton Holdings Trust
786298,FGFH,FORESIGHT FINANCIAL GROUP INC
1864943,FGI,FGI Industries Ltd.
2090452,FGII,FG Imperii Acquisition Corp.
2090452,FGIIU,FG Imperii Acquisition Corp.
2090452,FGIIW,FG Imperii Acquisition Corp.
1864943,FGIWW,FGI Industries Ltd.
1989930,FGL,Founder Group Ltd
1906364,FGMC,FG Merger II Corp.
1906364,FGMCR,FG Merger II Corp.
1906364,FGMCU,FG Merger II Corp.
1934850,FGN,"F&G Annuities & Life, Inc."
1591890,FGNX,FG Nexus Inc.
1591890,FGNXP,FG Nexus Inc.
1064052,FGOVF,FREEGOLD VENTURES LTD
922358,FGPR,FERRELLGAS PARTNERS L P
1934850,FGSN,"F&G Annuities & Life, Inc."
36377,FHB,"FIRST HAWAIIAN, INC."
2082876,FHFFY,Foshan Haitian Flavouring & Food Co Ltd./ADR
1056288,FHI,"FEDERATED HERMES, INC."
36966,FHN,FIRST HORIZON CORP
36966,FHN-PE,FIRST HORIZON CORP
36966,FHN-PF,FIRST HORIZON CORP
36966,FHN-PH,FIRST HORIZON CORP
1822462,FHTX,Foghorn Therapeutics Inc.
860413,FIBK,FIRST INTERSTATE BANCSYSTEM INC
814547,FICO,FAIR ISAAC CORP
1467761,FIEE,"FiEE, Inc."
1579878,FIG,"Figma, Inc."
2064124,FIGR,"Figure Technology Solutions, Inc."
1846576,FIGS,"FIGS, Inc."
2059033,FIGX,FIGX Capital Acquisition Corp.
2059033,FIGXU,FIGX Capital Acquisition Corp.
2059033,FIGXW,FIGX Capital Acquisition Corp.
1852039,FILG,Grayscale Filecoin Trust (FIL)
1745059,FINS,Angel Oak Financial Strategies Income Term Trust
1691445,FINV,FinVolution Group
1856365,FINW,Finwise Bancorp
1899883,FIP,FTAI Infrastructure Inc.
1801661,FIRY,Firy Inc.
1136893,FIS,"Fidelity National Information Services, Inc."
862831,FISI,FINANCIAL INSTITUTIONS INC
1553079,FISK,"Empire State Realty OP, L.P."
1918102,FISN,"DEEP FISSION, INC."
798354,FISV,FISERV INC
35527,FITB,FIFTH THIRD BANCORP
35527,FITB-PA,FIFTH THIRD BANCORP
35527,FITB-PI,FIFTH THIRD BANCORP
35527,FITB-PK,FIFTH THIRD BANCORP
35527,FITB-PM,FIFTH THIRD BANCORP
1177609,FIVE,"FIVE BELOW, INC"
1288847,FIVN,"Five9, Inc."
1035983,FIX,COMFORT SYSTEMS USA INC
69891,FIZZ,NATIONAL BEVERAGE CORP
1947016,FJET,"Starfighters Space, Inc."
722572,FKWL,FRANKLIN WIRELESS CORP
737875,FKYS,FIRST KEYSTONE CORP
1245648,FLC,FLAHERTY & CRUMRINE TOTAL RETURN FUND INC
1889123,FLD,"Fold Holdings, Inc."
1889123,FLDDW,"Fold Holdings, Inc."
866374,FLEX,FLEX LTD.
910073,FLG,"FLAGSTAR BANK, NATIONAL ASSOCIATION"
910073,FLG-PA,"FLAGSTAR BANK, NATIONAL ASSOCIATION"
910073,FLG-PU,"FLAGSTAR BANK, NATIONAL ASSOCIATION"
1674930,FLGT,"Fulgent Genetics, Inc."
891482,FLL,FULL HOUSE RESORTS INC
1069530,FLNA,"FILANA THERAPEUTICS, INC."
1868941,FLNC,"Fluence Energy, Inc."
1772253,FLNG,Flex LNG Ltd.
1460329,FLNT,"Fluent, Inc."
1128928,FLO,FLOWERS FOODS INC
2035149,FLOC,Flowco Holdings Inc.
1124198,FLR,FLUOR CORP
30625,FLS,FLOWSERVE CORP
1635327,FLUT,Flutter Entertainment plc
1083743,FLUX,"Flux Power Holdings, Inc."
1084869,FLWS,1 800 FLOWERS COM INC
1858724,FLX,BingEx Ltd
37472,FLXS,FLEXSTEEL INDUSTRIES INC
1860160,FLY,Firefly Aerospace Inc.
927971,FLYD,BANK OF MONTREAL /CAN/
1975940,FLYE,"Fly-E Group, Inc."
927971,FLYU,BANK OF MONTREAL /CAN/
1580560,FLYW,Flywire Corp
1843973,FLYX,FLYEXCLUSIVE INC.
1843973,FLYX-WT,FLYEXCLUSIVE INC.
1706524,FLZH,"Flash Sports & Media Holdings, Inc."
2099232,FMAC,Future Money Acquisition Corp
2099232,FMACR,Future Money Acquisition Corp
2099232,FMACU,Future Money Acquisition Corp
792966,FMAO,FARMERS & MERCHANTS BANCORP INC
700565,FMBH,"FIRST MID BANCSHARES, INC."
740806,FMBM,F&M BANK CORP
37785,FMC,FMC CORP
1085913,FMCB,FARMERS & MERCHANTS BANCORP
1026214,FMCC,FEDERAL HOME LOAN MORTGAGE CORP
2024656,FMFC,Kandal M Venture Ltd
1698022,FMFG,"Farmers & Merchants Bancshares, Inc."
1811999,FMHS,"FARMHOUSE, INC. /NV"
1199004,FMN,Federated Hermes Premier Municipal Income Fund
709337,FMNB,FARMERS NATIONAL BANC CORP /OH/
1333141,FMS,Fresenius Medical Care AG
1935418,FMST,Foremost Clean Energy Ltd.
1935418,FMSTW,Foremost Clean Energy Ltd.
1888151,FMTOF,Femto Technologies Inc.
1061736,FMX,MEXICAN ECONOMIC DEVELOPMENT INC
1319183,FMY,FIRST TRUST MORTGAGE INCOME FUND
1408710,FN,Fabrinet
37808,FNB,FNB CORP/PA/
1507079,FND,"Floor & Decor Holdings, Inc."
1331875,FNF,"Fidelity National Financial, Inc."
1065823,FNFI,FIRST NILES FINANCIAL INC
927971,FNGD,BANK OF MONTREAL /CAN/
927971,FNGO,BANK OF MONTREAL /CAN/
1602409,FNGR,"FingerMotion, Inc."
927971,FNGS,BANK OF MONTREAL /CAN/
927971,FNGU,BANK OF MONTREAL /CAN/
2073638,FNIGY,Finning International Inc./ADR
1704711,FNKO,"Funko, Inc."
765207,FNLC,"First Bancorp, Inc /ME/"
310522,FNMA,FEDERAL NATIONAL MORTGAGE ASSOCIATION FANNIE MAE
1114927,FNRN,FIRST NORTHERN COMMUNITY BANCORP
1769697,FNUC,Frontier Nuclear & Minerals Inc.
1456346,FNV,FRANCO NEVADA Corp
1556727,FNWB,First Northwest Bancorp
919864,FNWD,Finward Bancorp
1828937,FOA,Finance of America Companies Inc.
1041934,FOCL,EDAP TMS SA
1375340,FOF,"Cohen & Steers Closed-End Opportunity Fund, Inc."
1871181,FOFA,"FAMILY OFFICE OF AMERICA, INC."
2060083,FOFO,"Hang Feng Technology Innovation Co., Ltd."
1406587,FOR,Forestar Group Inc.
1039399,FORM,FORMFACTOR INC
1023313,FORR,"FORRESTER RESEARCH, INC."
1045986,FORTY,FORMULA SYSTEMS (1985) LTD
883569,FOSL,"Fossil Group, Inc."
1099668,FOTB,"FIRST OTTAWA BANCSHARES, INC."
1794669,FOUR,"Shift4 Payments, Inc."
1794669,FOUR-PA,"Shift4 Payments, Inc."
1754301,FOX,Fox Corp
1754301,FOXA,Fox Corp
1424929,FOXF,FOX FACTORY HOLDING CORP
1812360,FOXO,FOXO TECHNOLOGIES INC.
2013807,FOXX,Foxx Development Holdings Inc.
2013807,FOXXW,Foxx Development Holdings Inc.
1567569,FPF,First Trust Intermediate Duration Preferred & Income Fund
1574197,FPH,"Five Point Holdings, LLC"
1591670,FPI,Farmland Partners Inc.
1555980,FPRGF,Falco Resources Ltd.
2080126,FPS,"Forgent Power Solutions, Inc."
921825,FR,FIRST INDUSTRIAL REALTY TRUST INC
1259708,FRA,"BLACKROCK FLOATING RATE INCOME STRATEGIES FUND, INC."
723646,FRAF,FRANKLIN FINANCIAL SERVICES CORP /PA/
1925062,FRBT,"Forbright, Inc."
39092,FRD,FRIEDMAN INDUSTRIES INC
1816133,FRECF,Frequency Exchange Corp.
36840,FREVS,"FIRST REAL ESTATE INVESTMENT TRUST OF NEW JERSEY, INC."
1894942,FRFAF,Fresh Factory B.C. Ltd.
915191,FRFHF,FAIRFAX FINANCIAL HOLDINGS LTD/ CAN
1687542,FRGT,"Freight Technologies, Inc."
924805,FRHC,Freedom Holding Corp.
2065932,FRLCY,Freelancer Ltd
712534,FRME,FIRST MERCHANTS CORP
712534,FRMEP,FIRST MERCHANTS CORP
2071778,FRMI,Fermi Inc.
1690080,FRMM,FORUM MARKETS Inc
913290,FRO,Frontline plc
1800667,FROG,JFrog Ltd
844059,FRPH,"FRP HOLDINGS, INC."
1611647,FRPT,"Freshpet, Inc."
1544522,FRSH,Freshworks Inc.
1325670,FRST,Primis Financial Corp.
1691221,FRSX,Foresight Autonomous Holdings Ltd.
34903,FRT,FEDERAL REALTY INVESTMENT TRUST
34903,FRT-PC,FEDERAL REALTY INVESTMENT TRUST
2098710,FRTRY,"Fortior Technology (Shenzhen) Co., Ltd./ADR"
2092967,FRTT,Fort Technology Inc
1853868,FRVO,Fervo Energy Co
1275168,FSBC,FIVE STAR BANCORP
1530249,FSBW,"FS Bancorp, Inc."
1568194,FSCO,FS Credit Opportunities Corp.
1943802,FSEA,"First Seacoast Bancorp, Inc."
1850059,FSHP,Flag Ship Acquisition Corp
1850059,FSHPR,Flag Ship Acquisition Corp
1850059,FSHPU,Flag Ship Acquisition Corp
1069394,FSI,FLEXIBLE SOLUTIONS INTERNATIONAL INC
1422183,FSK,FS KKR Capital Corp
1274494,FSLR,"FIRST SOLAR, INC."
1517413,FSLY,"Fastly, Inc."
1341335,FSM,FORTUNA MINING CORP.
904868,FSNUY,Fresenius SE & Co. KGaA
2063380,FSOL,Fidelity Solana Fund
1031316,FSP,FRANKLIN STREET PROPERTIES CORP /MA/
277509,FSS,FEDERAL SIGNAL CORP /DE/
2065812,FSSL,FS Specialty Lending Fund
1525306,FSTJ,First America Resources Corp
352825,FSTR,FOSTER L B CO
1709442,FSUN,FIRSTSUN CAPITAL BANCORP
1637810,FSV,FirstService Corp
833040,FT,FRANKLIN UNIVERSAL TRUST
1590364,FTAI,FTAI Aviation Ltd.
1590364,FTAIM,FTAI Aviation Ltd.
1828161,FTCI,"FTC Solar, Inc."
1828377,FTCO,Fortitude Gold Corp
1727263,FTDR,"Frontdoor, Inc."
846913,FTEK,"FUEL TECH, INC."
1233087,FTF,FRANKLIN LTD DURATION INCOME TRUST
1066923,FTFT,Future FinTech Group Inc.
1829802,FTH,"Faeth Therapeutics, Inc."
2097986,FTHA,Forefront Tech Holdings Acquisition Corp
2097986,FTHAU,Forefront Tech Holdings Acquisition Corp
2097986,FTHAW,Forefront Tech Holdings Acquisition Corp
1753162,FTHM,Fathom Holdings Inc.
1810523,FTHY,FIRST TRUST HIGH YIELD OPPORTUNITIES 2027 TERM FUND
1681459,FTI,TechnipFMC plc
928054,FTK,FLOTEK INDUSTRIES INC/CN/
1374328,FTLF,"FITLIFE BRANDS, INC."
1262039,FTNT,"Fortinet, Inc."
2131853,FTRA,FutureCorp Space Acquisition 1
2131853,FTRA-UN,FutureCorp Space Acquisition 1
1965040,FTRE,Fortrea Holdings Inc.
2027262,FTRK,Fast Track Group
1666175,FTS,Fortis Inc.
1659166,FTV,Fortive Corp
2083125,FTW,PRESIDIO PRODUCTION Co
2083125,FTW-WT,PRESIDIO PRODUCTION Co
1819258,FTZFF,Fitzroy Minerals Inc.
1484769,FUBO,FuboTV Inc.
2001201,FUEMF,Fuerte Metals Corp
1921158,FUFU,Bitfufu Inc.
1921158,FUFUW,Bitfufu Inc.
39368,FUL,FULLER H B CO
1680581,FULC,"Fulcrum Therapeutics, Inc."
700564,FULT,FULTON FINANCIAL CORP
700564,FULTP,FULTON FINANCIAL CORP
1999001,FUN,Six Flags Entertainment Corporation/NEW
763907,FUNC,FIRST UNITED CORP/MD/
825202,FUND,SPROTT FOCUS TRUST INC.
1502966,FUNI,"Hypha Labs, Inc."
1514597,FURY,FURY GOLD MINES LTD
717806,FUSB,"FIRST US BANCSHARES, INC."
2033383,FUSE,Fusemachines Inc.
2033383,FUSEW,Fusemachines Inc.
1636051,FUST,FUSE GROUP HOLDING INC.
1754581,FUTU,Futu Holdings Ltd
1703118,FUUFF,F3 Uranium Corp.
1850733,FVAV,Fortress Value Acquisition Corp. V
1675644,FVCB,"FVCBankcorp, Inc."
2010653,FVN,Future Vision II Acquisition Corp.
2010653,FVNNR,Future Vision II Acquisition Corp.
2010653,FVNNU,Future Vision II Acquisition Corp.
1988494,FVR,"FrontView REIT, Inc."
1762301,FVRR,Fiverr International Ltd.
2116105,FWAC,Futurewave Acquisition Corp
2116105,FWACU,Futurewave Acquisition Corp
38264,FWDI,"Forward Industries, Inc."
1492617,FWFW,"FLYWHEEL ADVANCED TECHNOLOGY, INC."
1560385,FWONA,Liberty Media Corp
1560385,FWONK,Liberty Media Corp
912728,FWRD,FORWARD AIR CORP
1789940,FWRG,"First Watch Restaurant Group, Inc."
1353614,FXA,Invesco CurrencyShares Australian Dollar Trust
2121703,FXAC,FortuneX Acquisition Corp
2121703,FXACU,FortuneX Acquisition Corp
2121703,FXACW,FortuneX Acquisition Corp
1353611,FXB,Invesco CurrencyShares British Pound Sterling Trust
1068897,FXBY,FOXBY CORP.
1353612,FXC,Invesco CurrencyShares Canadian Dollar Trust
1164009,FXCNY,FIH Mobile Ltd
1328598,FXE,Invesco CurrencyShares Euro Trust
1353615,FXF,Invesco CurrencyShares Swiss Franc Trust
1789299,FXHO,UTime Ltd
719402,FXNC,FIRST NATIONAL CORP /VA/
1353613,FXY,Invesco CurrencyShares Japanese Yen Trust
1497230,FYNN,Fyntechnical Innovations Inc
1398659,G,Genpact LTD
794685,GAB,GABELLI EQUITY TRUST INC
794685,GAB-PG,GABELLI EQUITY TRUST INC
794685,GAB-PH,GABELLI EQUITY TRUST INC
794685,GAB-PK,GABELLI EQUITY TRUST INC
714395,GABC,"GERMAN AMERICAN BANCORP, INC."
1089872,GAIA,"GAIA, INC"
1321741,GAIN,GLADSTONE INVESTMENT CORPORATIONDE
1321741,GAING,GLADSTONE INVESTMENT CORPORATIONDE
1321741,GAINI,GLADSTONE INVESTMENT CORPORATIONDE
1321741,GAINZ,GLADSTONE INVESTMENT CORPORATIONDE
2021390,GALDY,Galderma Group AG/ADR
1133416,GALT,GALECTIN THERAPEUTICS INC
40417,GAM,GENERAL AMERICAN INVESTORS CO INC
40417,GAM-PB,GENERAL AMERICAN INVESTORS CO INC
1839799,GAMB,Gambling.com Group Ltd
1714562,GAME,"GameSquare Holdings, Inc."
55234,GAMG,"Global Asset Management Group, Inc."
1819411,GANX,"Gain Therapeutics, Inc."
39911,GAP,GAP INC
1725569,GARLF,Roxmore Resources Inc.
1403870,GARWF,Golden Arrow Resources Corp
1328919,GASS,StealthGas Inc.
40211,GATX,GATX CORP
1377757,GAU,Galiano Gold Inc.
1781446,GAUZ,Gauzy Ltd.
2035053,GAVA,Grayscale Avalanche Staking ETF
1495825,GBAB,Guggenheim Taxable Municipal Bond & Investment Grade Debt Trust
1852040,GBAT,Grayscale Basic Attention Token Trust (BAT)
868671,GBCI,"GLACIER BANCORP, INC."
1476765,GBDC,"GOLUB CAPITAL BDC, Inc."
1791145,GBFH,GBank Financial Holdings Inc.
1494904,GBLI,"Global Indemnity Group, LLC"
2106762,GBNB,Grayscale BNB ETF
2071913,GBNXY,Gibson Energy Inc/ADR
105744,GBR,"New Concept Energy, Inc."
1588489,GBTC,Grayscale Bitcoin Trust ETF
1820872,GBTG,"Global Business Travel Group, Inc."
312070,GBUG,BARCLAYS BANK PLC
1169138,GBUX,"GIVBUX, INC."
923120,GBX,GREENBRIER COMPANIES INC
1695473,GCAN,"Greater Cannabis Company, Inc."
1070524,GCBC,GREENE COUNTY BANCORP INC
1926293,GCDT,Green Circle Decarbonize Technology Ltd
2108962,GCGR,General Catalyst Global Resilience Merger Corp.
2108962,GCGRU,General Catalyst Global Resilience Merger Corp.
2108962,GCGRW,General Catalyst Global Resilience Merger Corp.
2002045,GCL,GCL Global Holdings Ltd
2002045,GCLWW,GCL Global Holdings Ltd
1819796,GCMG,GCM Grosvenor Inc.
18498,GCO,GENESCO INC
1857816,GCT,GigaCloud Technology Inc
1506983,GCTK,"Glucotrack, Inc."
1851961,GCTS,"GCT Semiconductor Holding, Inc."
1851961,GCTS-WT,"GCT Semiconductor Holding, Inc."
1514860,GCUMF,Gunnison Copper Corp.
845611,GCV,GABELLI CONVERTIBLE & INCOME SECURITIES FUND INC
40533,GD,GENERAL DYNAMICS CORP
1641398,GDC,GD Culture Group Ltd
1609711,GDDY,GoDaddy Inc.
1848739,GDEV,GDEV Inc.
1848739,GDEVW,GDEV Inc.
2027037,GDGIF,"Gemdale Gold, Inc"
1928340,GDHG,GOLDEN HEAVEN GROUP HOLDINGS LTD.
2129466,GDHRY,"Guangdong Huayan Robotics Co, Ltd./ADR"
1378701,GDL,GDL FUND
1729997,GDLC,Grayscale CoinDesk Crypto 5 ETF
1472341,GDO,WESTERN ASSET GLOBAL CORPORATE OPPORTUNITY FUND INC.
2055510,GDOG,Grayscale Dogecoin Trust ETF
1386278,GDOT,GREEN DOT CORP
1809519,GDRX,"GoodRx Holdings, Inc."
1072725,GDRZF,GOLD RESERVE LTD
1526125,GDS,GDS Holdings Ltd
1427901,GDSRF,Gold Strike Resources Corp.
1858007,GDST,Chi Special Acquisition Corp.
1873093,GDTC,CytoMed Therapeutics Ltd
1260729,GDV,GABELLI DIVIDEND & INCOME TRUST
1260729,GDV-PH,GABELLI DIVIDEND & INCOME TRUST
1260729,GDV-PK,GABELLI DIVIDEND & INCOME TRUST
927971,GDXD,BANK OF MONTREAL /CAN/
927971,GDXU,BANK OF MONTREAL /CAN/
1743725,GDYN,"GRID DYNAMICS HOLDINGS, INC."
40545,GE,GENERAL ELECTRIC CO
1570843,GEBRF,Greenbriar Sustainable Living Inc.
1675033,GECC,Great Elm Capital Corp.
1675033,GECCG,Great Elm Capital Corp.
1675033,GECCH,Great Elm Capital Corp.
1675033,GECCI,Great Elm Capital Corp.
1174891,GEDC,"TerraVolt Holdings, Inc."
43920,GEF,"GREIF, INC"
43920,GEF-B,"GREIF, INC"
1831096,GEG,"Great Elm Group, Inc."
1831096,GEGGL,"Great Elm Group, Inc."
1932393,GEHC,GE HealthCare Technologies Inc.
1291313,GEHDF,Great Eastern Holdings Ltd
1022321,GEL,GENESIS ENERGY LP
1474968,GELHY,Geely Automobile Holdings Limited/ADR
1920092,GELS,Gelteq Ltd
2055592,GEMI,"Gemini Space Station, Inc."
849399,GEN,Gen Digital Inc.
2100782,GENB,"Generate Biomedicines, Inc."
64472,GENC,GENCOR INDUSTRIES INC
1834489,GENI,Genius Sports Ltd
1891856,GENK,"GEN Restaurant Group, Inc."
849399,GENVR,Gen Digital Inc.
923796,GEO,GEO GROUP INC
1001115,GEOS,GEOSPACE TECHNOLOGIES CORP
886744,GERN,GERON CORP
1898496,GETY,"Getty Images Holdings, Inc."
1996810,GEV,GE Vernova Inc.
1392380,GEVO,"Gevo, Inc."
858706,GF,NEW GERMANY FUND INC
1804469,GFAI,"Guardforce AI Co., Ltd."
1804469,GFAIW,"Guardforce AI Co., Ltd."
50725,GFF,GRIFFON CORP
1172724,GFI,GOLD FIELDS LTD
1780232,GFL,GFL Environmental Inc.
1796949,GFLT,"GenFlat Holdings, Inc."
820771,GFMH,Goliath Film & Media Holdings
1966287,GFR,Greenfire Resources Ltd.
1709048,GFS,GLOBALFOUNDRIES Inc.
2103596,GFTFF,Grafton Resources Inc.
1114700,GGAL,GRUPO FINANCIERO GALICIA SA
1515964,GGAZF,Goldgroup Mining Inc.
1073404,GGB,GERDAU S.A.
42888,GGG,GRACO INC
800523,GGLXF,GGL RESOURCES CORP.
1313510,GGN,"GAMCO Global Gold, Natural Resources & Income Trust"
1313510,GGN-PB,"GAMCO Global Gold, Natural Resources & Income Trust"
877019,GGOXF,Galleon Gold Corp.
1886190,GGR,Gogoro Inc.
1886190,GGROW,Gogoro Inc.
1854445,GGRP,"Glimpse Group, Inc."
2075474,GGRPY,GPT Group/ADR
921671,GGT,GABELLI MULTIMEDIA TRUST INC.
921671,GGT-PE,GABELLI MULTIMEDIA TRUST INC.
921671,GGT-PG,GABELLI MULTIMEDIA TRUST INC.
2059690,GGTKY,PT GoTo Gojek Tokopedia Tbk/ADR
1585855,GGZ,Gabelli Global Small & Mid Cap Value Trust
1576280,GH,"Guardant Health, Inc."
104889,GHC,Graham Holdings Co
1724755,GHG,GreenTree Hospitality Group Ltd.
1059142,GHI,Greystone Housing Impact Investors LP
716314,GHM,GRAHAM CORP
1855129,GHRS,GH Research PLC
2045434,GHRTF,Greenheart Gold Inc.
1121795,GHST,GHST World Inc.
2086438,GHXI,"Gores Holdings XI, Inc."
2086438,GHXIU,"Gores Holdings XI, Inc."
1554697,GHY,"PGIM Global High Yield Fund, Inc."
1061574,GIB,CGI INC
2034520,GIBO,GIBO HOLDINGS Ltd
2034520,GIBOW,GIBO HOLDINGS Ltd
945114,GIC,GLOBAL INDUSTRIAL Co
2109547,GIDHF,GigaDevice Semiconductor Inc./ADR
1760233,GIFT,"GIFTIFY, INC."
1336364,GIGGF,Giga Metals Corp
1105101,GIGM,GIGAMEDIA Ltd
821002,GIII,G III APPAREL GROUP LTD /DE/
1061894,GIL,Gildan Activewear Inc.
882095,GILD,"GILEAD SCIENCES, INC."
897322,GILT,GILAT SATELLITE NETWORKS LTD
1651721,GIPR,"GENERATION INCOME PROPERTIES, INC."
1651721,GIPRW,"GENERATION INCOME PROPERTIES, INC."
40704,GIS,GENERAL MILLS INC
1911545,GITS,"Global Interactive Technologies, Inc."
2074158,GIVE,Wealth Management System Inc.
2080019,GIW,GigCapital8 Corp.
2080019,GIWWR,GigCapital8 Corp.
2080019,GIWWU,GigCapital8 Corp.
2098712,GIX,GigCapital9 Corp.
1782265,GIXI,Gix Internet Ltd.
2098712,GIXXR,GigCapital9 Corp.
2098712,GIXXU,GigCapital9 Corp.
1286405,GJH,STRATS SM TRUST FOR U S CELL CORP SEC SERIES 2004 6
1340909,GJO,"STRATS SM TRUST FOR WAL-MART STORES, INC. SECURITIES, SERIES 2005-4"
1343491,GJP,"STRATS(SM) TRUST FOR DOMINION RESOURCES, INC. SECURITIES, SERIES 2005-6"
1353226,GJR,"STRATS(SM) Trust for Procter & Gamble Securities, Series 2006-1"
1356284,GJS,"STRATS(SM) Trust for Goldman Sachs Group Securities, Series 2006-2"
1357660,GJT,"STRATS(SM) Trust for Allstate Corp Securities, Series 2006-3"
1192448,GKOS,GLAUKOS Corp
320335,GL,GLOBE LIFE INC.
320335,GL-PD,GLOBE LIFE INC.
1143513,GLAD,GLADSTONE CAPITAL CORP
1473490,GLAI,"Global AI, Inc."
1848731,GLAS,Glass House Brands Inc.
1848731,GLASF,Glass House Brands Inc.
1716410,GLATF,Global Atomic Corp
1835963,GLBE,Global-E Online Ltd.
1499780,GLBS,GLOBUS MARITIME LTD
1222333,GLD,SPDR GOLD TRUST
1538847,GLDG,GoldMining Inc.
1053092,GLDI,CREDIT SUISSE AG
1618181,GLDM,World Gold Trust
1908705,GLE,Global Engine Group Holding Ltd
2091484,GLED,GalaxyEdge Acquisition Corp
2091484,GLED-RI,GalaxyEdge Acquisition Corp
2091484,GLED-UN,GalaxyEdge Acquisition Corp
1871890,GLEI,Galaxy Enterprises Inc. /WY/
1088413,GLGI,"GREYSTONE LOGISTICS, INC."
2057463,GLIBA,Liberty Capital Corp/NV
2057463,GLIBK,Liberty Capital Corp/NV
1852024,GLIV,Grayscale Livepeer Trust (LPT)
1415311,GLL,ProShares Trust II
1595353,GLMD,Galmed Pharmaceuticals Ltd.
2093507,GLND,Greenland Energy Co
2093507,GLNDW,Greenland Energy Co
1207179,GLNG,GOLAR LNG LTD
1852025,GLNK,Grayscale Chainlink Trust ETF
1375348,GLNS,Golden Star Resource Corp.
1350869,GLO,Clough Global Opportunities Fund
1557860,GLOB,Globant S.A.
1114859,GLOH,"Glow Holdings, Inc."
2069785,GLOO,"Gloo Holdings, Inc."
1598655,GLOP-PA,GasLog Partners LP
1598655,GLOP-PB,GasLog Partners LP
1598655,GLOP-PC,GasLog Partners LP
1323468,GLP,GLOBAL PARTNERS LP
1323468,GLP-PB,GLOBAL PARTNERS LP
1575965,GLPI,"Gaming & Leisure Properties, Inc."
1316463,GLQ,Clough Global Equity Fund
1385613,GLRE,"GREENLIGHT CAPITAL RE, LTD."
1799788,GLSI,"Greenwich LifeSciences, Inc."
1938338,GLTK,GlobalTech Corp
1483386,GLTR,abrdn Precious Metals Basket ETF Trust
1282957,GLU,GABELLI GLOBAL UTILITY & INCOME TRUST
1282957,GLU-PA,GABELLI GLOBAL UTILITY & INCOME TRUST
1282957,GLU-PB,GABELLI GLOBAL UTILITY & INCOME TRUST
1420108,GLUC,"Glucose Health, Inc."
1826457,GLUE,"Monte Rosa Therapeutics, Inc."
1288795,GLV,Clough Global Dividend & Income Fund
2089499,GLVPY,GLENVEAGH PROPERTIES PLC/ADR
24741,GLW,CORNING INC /NY
1905920,GLXG,Galaxy Payroll Group Ltd
1859392,GLXY,Galaxy Digital Inc.
13156,GLXZ,"Galaxy Gaming, Inc."
1467858,GM,General Motors Co
1434265,GMAB,GENMAB A/S
1326380,GME,GameStop Corp.
1326380,GME-WT,GameStop Corp.
1237831,GMED,GLOBUS MEDICAL INC
1454742,GMER,"GOOD GAMING, INC."
1928581,GMEX,GMEX Robotics Corp
2000530,GMHS,Gamehaus Holdings Inc.
1913749,GMM,Global Mofy AI Ltd
1898718,GMRS,GMR Solutions Inc.
2039972,GMTL,Guardian Metal Resources PLC
1495730,GMVMF,GMV Minerals Inc.
1528356,GNE,Genie Energy Ltd.
1326200,GNK,GENCO SHIPPING & TRADING LTD
1526113,GNL,"Global Net Lease, Inc."
1526113,GNL-PA,"Global Net Lease, Inc."
1526113,GNL-PB,"Global Net Lease, Inc."
1526113,GNL-PD,"Global Net Lease, Inc."
1526113,GNL-PE,"Global Net Lease, Inc."
1743745,GNLN,"Greenlane Holdings, Inc."
1231457,GNLX,GENELUX Corp
1261002,GNOLF,GENOIL INC
1595248,GNPX,"Genprex, Inc."
1474735,GNRC,GENERAC HOLDINGS INC.
1847806,GNS,Genius Group Ltd
924383,GNSS,Genasys Inc.
1438893,GNT,"GAMCO Natural Resources, Gold & Income Trust"
1438893,GNT-PA,"GAMCO Natural Resources, Gold & Income Trust"
1838716,GNTA,Genenta Science S.p.A.
1346917,GNTOF,GENTOR RESOURCES INC.
355811,GNTX,GENTEX CORP
1792941,GNVR,Genvor Inc
1276520,GNW,GENWORTH FINANCIAL INC
1771515,GO,Grocery Outlet Holding Corp.
1983736,GOAI,Eva Live Inc
1808220,GOCOQ,"GoHealth, Inc."
1380936,GOF,GUGGENHEIM STRATEGIC OPPORTUNITIES FUND
1537054,GOGO,Gogo Inc.
1591588,GOLD,"Gold.com, Inc."
1672013,GOLF,Acushnet Holdings Corp.
2081438,GONYF,GO Residential Real Estate Investment Trust
1234006,GOOD,GLADSTONE COMMERCIAL CORP
1234006,GOODN,GLADSTONE COMMERCIAL CORP
1234006,GOODO,GLADSTONE COMMERCIAL CORP
1652044,GOOG,Alphabet Inc.
1652044,GOOGL,Alphabet Inc.
1652044,GOOGM,Alphabet Inc.
1652044,GOOGN,Alphabet Inc.
1690511,GOOS,Canada Goose Holdings Inc.
1160791,GORO,GOLD RESOURCE CORP
1728117,GOSS,"Gossamer Bio, Inc."
1768259,GOTU,Gaotu Techedu Inc.
1978811,GOVB,"Gouverneur Bancorp, Inc./MD/"
832489,GOVX,"GeoVax Labs, Inc."
2097702,GOW,GOWell Energy Technology
1584547,GP,GREENPOWER MOTOR Co INC.
2085408,GPAC,General Purpose Acquisition Corp.
2085408,GPACU,General Purpose Acquisition Corp.
2085408,GPACW,General Purpose Acquisition Corp.
1834526,GPAT,GP-Act III Acquisition Corp.
1834526,GPATU,GP-Act III Acquisition Corp.
1834526,GPATW,GP-Act III Acquisition Corp.
40987,GPC,GENUINE PARTS CO
1888886,GPCR,Structure Therapeutics Inc.
1813241,GPGCF,Great Pacific Gold Corp.
1823144,GPGI,"GPGI, Inc."
1031203,GPI,GROUP 1 AUTOMOTIVE INC
41091,GPJA,GEORGIA POWER CO
1408075,GPK,GRAPHIC PACKAGING HOLDING CO
1392449,GPLB,Green Planet Bio Engineering Co. Ltd.
1703644,GPMT,Granite Point Mortgage Trust Inc.
1703644,GPMT-PA,Granite Point Mortgage Trust Inc.
1677084,GPMTF,GPM Metals Inc.
1123360,GPN,GLOBAL PAYMENTS INC
874499,GPOR,GULFPORT ENERGY CORP
1673475,GPOX,"GPO Plus, Inc."
1309402,GPRE,Green Plains Inc.
1464591,GPRK,GeoPark Ltd
1500435,GPRO,"GoPro, Inc."
896493,GPUS,"Hyperscale Data, Inc."
896493,GPUS-PD,"Hyperscale Data, Inc."
1708160,GPUSF,Alset Capital Inc.
1855612,GRAB,Grab Holdings Ltd
1855612,GRABW,Grab Holdings Ltd
1897463,GRAF,Graf Global Corp.
1897463,GRAF-UN,Graf Global Corp.
1897463,GRAF-WT,Graf Global Corp.
1699031,GRAL,"GRAIL, Inc."
2027722,GRAN,Grande Group Ltd/HK
1715272,GRAPF,First Canadian Graphite Inc.
1373670,GRBK,"Green Brick Partners, Inc."
1373670,GRBK-PA,"Green Brick Partners, Inc."
42682,GRC,GORMAN RUPP CO
1444192,GRCE,"Grace Therapeutics, Inc."
2063671,GRCPY,Canal Plus SA/ADR
1802255,GRDN,"Guardian Pharmacy Services, Inc."
1604191,GRDX,GridAI Technologies Corp.
1844971,GREE,Greenidge Generation Holdings Inc.
1844971,GREEL,Greenidge Generation Holdings Inc.
1084937,GREH,Green Rain Energy Holdings Inc.
850027,GRF,"EAGLE CAPITAL GROWTH FUND, INC."
1438569,GRFS,Grifols SA
1816723,GRFXY,Graphex Group Ltd
894501,GRHI,"GOLD ROCK HOLDINGS, INC."
1824293,GRI,"GRI Bio, Inc."
915661,GRLF,GREEN LEAF INNOVATIONS INC
2055938,GRLMF,GreenLight Metals Inc.
1907223,GRML,Greenland Mines Ltd
1907223,GRMLW,Greenland Mines Ltd
1121788,GRMN,GARMIN LTD
312070,GRN,BARCLAYS BANK PLC
1820144,GRND,Grindr Inc.
1282571,GRNL,GREENLITE VENTURES INC
1597846,GRNQ,Greenpro Capital Corp.
1928446,GRNT,"Granite Ridge Resources, Inc."
1472326,GRO,Brazil Potash Corp.
1841761,GROV,"Grove Collaborative Holdings, Inc."
754811,GROW,U S GLOBAL INVESTORS INC
1834026,GROY,Gold Royalty Corp.
1834026,GROY-WT,Gold Royalty Corp.
1490281,GRPN,"Groupon, Inc."
1990446,GRPS,"Trans American Aquaculture, Inc"
1903145,GRRR,Gorilla Technology Group Inc.
1903145,GRRRW,Gorilla Technology Group Inc.
1563577,GRTX,"Galera Therapeutics, Inc."
1463000,GRUSF,Grown Rogue International Inc.
918573,GRVE,GROOVE BOTANICALS INC.
2078037,GRVT,GreenVector Holdings Ltd
1313310,GRVY,"GRAVITY Co., Ltd."
1604868,GRWG,GrowGeneration Corp.
1391437,GRX,Gabelli Healthcare & WellnessRx Trust
1823126,GRXXF,Critical Reagent Processing Corp.
886982,GS,GOLDMAN SACHS GROUP INC
886982,GS-PA,GOLDMAN SACHS GROUP INC
886982,GS-PC,GOLDMAN SACHS GROUP INC
886982,GS-PD,GOLDMAN SACHS GROUP INC
1366868,GSAT,"Globalstar, Inc."
854560,GSBC,"GREAT SOUTHERN BANCORP, INC."
1572694,GSBD,"Goldman Sachs BDC, Inc."
1896084,GSCCF,ioneer Ltd
1332174,GSG,iShares S&P GSCI Commodity-Indexed Trust
1726978,GSHD,"Goosehead Insurance, Inc."
2044635,GSHR,Gesher Acquisition Corp. II
2044635,GSHRU,Gesher Acquisition Corp. II
2044635,GSHRW,Gesher Acquisition Corp. II
1126741,GSIT,GSI TECHNOLOGY INC
1954269,GSIW,Garden Stage Ltd
1131399,GSK,GSK plc
1944955,GSKRF,FIRST NORDIC METALS CORP.
1430725,GSL,"Global Ship Lease, Inc."
1430725,GSL-PB,"Global Ship Lease, Inc."
1639877,GSM,Ferroglobe PLC
1940243,GSMT,Global-Smart.Tech Inc.
2025000,GSNR,Grayscale Near Trust (NEAR)
1896677,GSOL,Grayscale Solana Staking ETF
2072404,GSRF,GSR IV Acquisition Corp.
2072404,GSRFR,GSR IV Acquisition Corp.
2072404,GSRFU,GSR IV Acquisition Corp.
2111762,GSRV,GSR V Acquisition Corp.
2111762,GSRVR,GSR V Acquisition Corp.
2111762,GSRVU,GSR V Acquisition Corp.
2034012,GSUI,Grayscale Sui Staking ETF
1826376,GSUN,Golden Sun Technology Group Ltd.
865400,GSVRF,GUANAJUATO SILVER CO LTD
42582,GT,GOODYEAR TIRE & RUBBER CO /OH/
2029297,GTAO,Grayscale Bittensor Trust (TAO)
1795139,GTBIF,Green Thumb Industries Inc.
109657,GTBP,"GT Biopharma, Inc."
1471781,GTCH,GBT Technologies Inc.
1273441,GTE,GRAN TIERRA ENERGY INC.
1735041,GTEC,Greenland Technologies Holding Corp.
1986817,GTEN,"Gores Holdings X, Inc. / CI"
1986817,GTENU,"Gores Holdings X, Inc. / CI"
1986817,GTENW,"Gores Holdings X, Inc. / CI"
2043766,GTERA,Globa Terra Acquisition Corp
2043766,GTERR,Globa Terra Acquisition Corp
2043766,GTERU,Globa Terra Acquisition Corp
2043766,GTERW,Globa Terra Acquisition Corp
1718512,GTES,Gates Industrial Corp plc
924515,GTHP,GUIDED THERAPEUTICS INC
1584480,GTIC,"Greentech Innovations, Inc."
1879373,GTIJF,GRAPHJET TECHNOLOGY
825324,GTIM,Good Times Restaurants Inc.
1653482,GTLB,Gitlab Inc.
932021,GTLL,GLOBAL TECHNOLOGIES LTD
2087843,GTLRY,Greatland Resources Limited/ADR
892553,GTLS,CHART INDUSTRIES INC
1794515,GTM,ZoomInfo Technologies Inc.
43196,GTN,"GRAY MEDIA, INC"
43196,GTN-A,"GRAY MEDIA, INC"
1735707,GTX,Garrett Motion Inc.
1052752,GTY,GETTY REALTY CORP /MD/
2081515,GUAC,Berto Acquisition Corp. II
2081515,GUACU,Berto Acquisition Corp. II
2081515,GUACW,Berto Acquisition Corp. II
1832487,GUER,"Guerrilla RF, Inc."
1864208,GUG,Guggenheim Active Allocation Fund
1565146,GULTU,Gulf Coast Ultra Deep Royalty Trust
885462,GURE,"GULF RESOURCES, INC."
1080720,GUT,GABELLI UTILITY TRUST
1080720,GUT-PC,GABELLI UTILITY TRUST
1572616,GUTS,"FRACTYL HEALTH, INC."
1526491,GUYGF,G2 Goldfields Inc.
1892274,GV,Visionary Holdings Inc.
861459,GVA,GRANITE CONSTRUCTION INC
1978527,GVH,Globavend Holdings Ltd
1589149,GWAV,"Greenwave Technology Solutions, Inc."
1819438,GWH,"ESS Tech, Inc."
2062522,GWKSY,GAMES WORKSHOP GROUP PLC/ADR
850918,GWLIF,GREAT-WEST LIFECO INC.
1528396,GWRE,"Guidewire Software, Inc."
1434728,GWRS,"Global Water Resources, Inc."
1572386,GWTI,"GREENWAY TECHNOLOGIES, INC. & SUBSIDIARIES"
277135,GWW,"W.W. GRAINGER, INC."
1895618,GXAI,GAXOS.AI INC.
1761325,GXLM,Grayscale Stellar Lumens Trust (XLM)
1852244,GXO,"GXO Logistics, Inc."
2037427,GXRP,Grayscale XRP Trust ETF
2111846,GYGY,Game Your Game Inc.
1124105,GYRE,"GYRE THERAPEUTICS, INC."
1589061,GYRO,"Gyrodyne, LLC"
1468174,H,Hyatt Hotels Corp
2089982,HACQ,HCM IV Acquisition Corp.
2089982,HACQU,HCM IV Acquisition Corp.
2089982,HACQW,HCM IV Acquisition Corp.
313143,HAE,HAEMONETICS CORP
1109242,HAFC,HANMI FINANCIAL CORP
1367993,HAFG,"Holistic Asset Finance Group Co., Ltd."
1815779,HAFN,Hafnia Ltd
910406,HAIN,HAIN CELESTIAL GROUP INC
45012,HAL,HALLIBURTON CO
1159036,HALO,"HALOZYME THERAPEUTICS, INC."
1868866,HAMRF,SILVER HAMMER MINING CORP
1123267,HANNF,Hannan Metals Ltd.
1954594,HAO,Haoxi Health Technology Ltd
1409970,HAPN,"Happen, Inc."
1869666,HAPVY,Hapvida Participacoes e Investimentos S.A./ADR
46080,HAS,"HASBRO, INC."
1561894,HASI,"HA Sustainable Infrastructure Capital, Inc."
2042460,HAVA,Harvard Ave Acquisition Corp
2042460,HAVAR,Harvard Ave Acquisition Corp
2042460,HAVAU,Harvard Ave Acquisition Corp
1750704,HAWK,"HawkEye 360, Inc."
1834622,HAYW,"Hayward Holdings, Inc."
49196,HBAN,HUNTINGTON BANCSHARES INC /MD/
49196,HBANL,HUNTINGTON BANCSHARES INC /MD/
49196,HBANM,HUNTINGTON BANCSHARES INC /MD/
49196,HBANP,HUNTINGTON BANCSHARES INC /MD/
49196,HBANZ,HUNTINGTON BANCSHARES INC /MD/
1709164,HBB,Hamilton Beach Brands Holding Co
1436425,HBCP,"HOME BANCORP, INC."
732417,HBIA,HILLS BANCORPORATION
1123494,HBIO,HARVARD BIOSCIENCE INC
1322422,HBM,Hudbay Minerals Inc.
2054507,HBNB,Hotel101 Global Holdings Corp.
706129,HBNC,HORIZON BANCORP INC /IN/
775215,HBT,"HBT Financial, Inc."
860730,HCA,"HCA Healthcare, Inc."
2079013,HCAC,Hall Chadwick Acquisition Corp
2079013,HCACR,Hall Chadwick Acquisition Corp
2079013,HCACU,Hall Chadwick Acquisition Corp
1958399,HCAI,"Huachen AI Parking Management Technology Holding Co., Ltd"
1636422,HCAT,"Health Catalyst, Inc."
2130219,HCAX,Hall Chadwick Acquisition Corp II
1691303,HCC,"WARRIOR MET COAL, INC."
2046656,HCHL,Happy City Holdings Ltd
1400810,HCI,"HCI Group, Inc."
2099093,HCIC,Hennessy Capital Investment Corp. VIII
2099093,HCICR,Hennessy Capital Investment Corp. VIII
2099093,HCICU,Hennessy Capital Investment Corp. VIII
1057379,HCKT,"HACKETT GROUP, INC."
1648257,HCM,HUTCHMED (China) Ltd
2069856,HCMA,HCM III ACQUISITION CORP.
2069856,HCMAU,HCM III ACQUISITION CORP.
2069856,HCMAW,HCM III ACQUISITION CORP.
844856,HCMC,Healthier Choices Management Corp.
731012,HCSG,HEALTHCARE SERVICES GROUP INC
1839285,HCTI,"Healthcare Triangle, Inc."
1828673,HCWB,HCW Biologics Inc.
1948864,HCWC,HEALTHY CHOICE WELLNESS CORP.
1280784,HCXY,"Hercules Capital, Inc."
354950,HD,"HOME DEPOT, INC."
1144967,HDB,HDFC BANK LTD
1995306,HDL,SUPER HI INTERNATIONAL HOLDING LTD.
1114446,HDLB,UBS AG
2023730,HDRN,"Hadron Energy, Inc."
2023730,HDRNW,"Hadron Energy, Inc."
925528,HDSN,HUDSON TECHNOLOGIES INC /NY
354707,HE,HAWAIIAN ELECTRIC INDUSTRIES INC
46619,HEI,HEICO CORP
46619,HEI-A,HEICO CORP
916789,HELE,HELEN OF TROY LTD
1833141,HELP,CYBIN INC.
1583771,HEPA,"Hepion Pharmaceuticals, Inc."
1850235,HEPS,D-MARKET Electronic Services & Trading
1496749,HEQ,John Hancock Diversified Income Fund
1932770,HERE,Here Group Ltd
880406,HERZ,"Herzfeld Credit Income Fund, Inc"
1789832,HESM,Hess Midstream LP
1500375,HFBL,"Home Federal Bancorp, Inc. of Louisiana"
1680873,HFFG,HF Foods Group Inc.
1710680,HFRO,HIGHLAND OPPORTUNITIES & INCOME FUND
1710680,HFRO-PA,HIGHLAND OPPORTUNITIES & INCOME FUND
1710680,HFRO-PB,HIGHLAND OPPORTUNITIES & INCOME FUND
1482554,HFUS,"Hartford Creative Group, Inc."
1046025,HFWA,HERITAGE FINANCIAL CORP /WA/
1593275,HG,"Hamilton Insurance Group, Ltd."
1817232,HGAS,Global Gas Corp
849145,HGBL,Heritage Global Inc.
1622148,HGLB,HIGHLAND GLOBAL ALLOCATION FUND
862022,HGTXU,HUGOTON ROYALTY TRUST
1840776,HGTY,"Hagerty, Inc."
1674168,HGV,Hilton Grand Vacations Inc.
1324759,HGYN,HONG YUAN HOLDING GROUP
2128813,HGZDY,"Hangzhou Diagens Biotechnology Co., Ltd./ADR"
1981792,HHH,Howard Hughes Holdings Inc.
1562823,HHLKF,Hot Chili Ltd
45919,HHS,HARTE HANKS INC
874766,HIG,"HARTFORD INSURANCE GROUP, INC."
874766,HIG-PG,"HARTFORD INSURANCE GROUP, INC."
1807616,HIGR,Hi-Great Group Holding Co
1026785,HIHO,HIGHWAY HOLDINGS LTD
1501585,HII,"HUNTINGTON INGALLS INDUSTRIES, INC."
1773751,HIMS,"Hims & Hers Health, Inc."
1342338,HIMX,"Himax Technologies, Inc."
1427570,HIND,"Vyome Holdings, Inc"
910068,HIO,WESTERN ASSET HIGH INCOME OPPORTUNITY FUND INC.
1828105,HIPO,Hippo Holdings Inc.
925779,HIRU,HIRU Corp
2019505,HIT,"Health In Tech, Inc."
1847409,HITI,High Tide Inc.
1720424,HIVE,HIVE Digital Technologies Ltd.
921082,HIW,"HIGHWOODS PROPERTIES, INC."
1058239,HIX,WESTERN ASSET HIGH INCOME FUND II INC.
1809691,HKD,AMTD Digital Inc.
88000,HKHC,Horizon Kinetics Holding Corp
1142231,HKHHY,HEINEKEN HOLDING N V
1742341,HKIT,HiTek Global Inc.
2007702,HKPD,"Cellyan Biotechnology Co., Ltd"
719413,HL,HECLA MINING CO/DE/
719413,HL-PB,HECLA MINING CO/DE/
1953988,HLEO,Helio Corp /FL/
1180262,HLF,HERBALIFE LTD.
1302215,HLI,"HOULIHAN LOKEY, INC."
1024795,HLIO,"HELIOS TECHNOLOGIES, INC."
851310,HLIT,HARMONIC INC.
1331421,HLLK,"HALLMARK VENTURE GROUP, INC."
1822928,HLLY,Holley Inc.
1822928,HLLY-WT,Holley Inc.
1822492,HLMN,Hillman Solutions Corp.
1900304,HLN,Haleon plc
1433642,HLNE,Hamilton Lane INC
1855557,HLP,Hongli Group Inc.
1418149,HLRTF,Hillcrest Energy Technologies Ltd.
1585689,HLT,Hilton Worldwide Holdings Inc.
866829,HLX,HELIX ENERGY SOLUTIONS GROUP INC
2099656,HLXC,Helix Acquisition Corp. III
1680139,HLYK,HealthLynked Corp
715153,HMC,HONDA MOTOR CO LTD
2021880,HMH,HMH Holding Inc
1539680,HMMR,HAMMER TECHNOLOGY HOLDINGS CORP.
850141,HMN,HORACE MANN EDUCATORS CORP /DE/
2029471,HMR,Heidmar Maritime Holdings Corp.
1023514,HMY,HARMONY GOLD MINING CO LTD
1673743,HNGE,"Hinge Health, Inc."
48287,HNI,HNI CORP
1145255,HNNA,HENNESSY ADVISORS INC
1342916,HNOI,"HNO International, Inc."
2073669,HNPHY,Hansoh Pharmaceutical Group Co Limited/ADR
788965,HNRG,HALLADOR ENERGY CO
1530979,HNST,"Honest Company, Inc."
1828588,HNVR,"Hanover Bancorp, Inc. /MD"
1838028,HODL,VanEck Bitcoin ETF
1903595,HODO,House of Doge Inc.
1077688,HOFT,HOOKER FURNISHINGS Corp
793952,HOG,"HARLEY-DAVIDSON, INC."
1841209,HOLO,MicroCloud Hologram Inc.
1841209,HOLOW,MicroCloud Hologram Inc.
1331520,HOMB,HOME BANCSHARES INC
773840,HON,HONEYWELL INTERNATIONAL INC
2089271,HONA,Honeywell Aerospace Inc.
1783879,HOOD,"Robinhood Markets, Inc."
1128361,HOPE,HOPE BANCORP INC
1874875,HOUR,"Hour Loop, Inc"
357294,HOV,HOVNANIAN ENTERPRISES INC
357294,HOVNP,HOVNANIAN ENTERPRISES INC
1930021,HOVR,New Horizon Aircraft Ltd.
1930021,HOVRW,New Horizon Aircraft Ltd.
1785530,HOWL,"Werewolf Therapeutics, Inc."
46765,HP,"Helmerich & Payne, Inc."
2001699,HPAI,Helport AI Ltd
2001699,HPAIW,Helport AI Ltd
1645590,HPE,Hewlett Packard Enterprise Co
1645590,HPE-PC,Hewlett Packard Enterprise Co
1189740,HPF,JOHN HANCOCK PREFERRED INCOME FUND II
1600928,HPHTY,Hamamatsu Photonics K.K./ADR
1176199,HPI,JOHN HANCOCK PREFERRED INCOME FUND
1792849,HPK,"HighPeak Energy, Inc."
1482512,HPP,"Hudson Pacific Properties, Inc."
1482512,HPP-PC,"Hudson Pacific Properties, Inc."
47217,HPQ,HP INC
1215913,HPS,JOHN HANCOCK PREFERRED INCOME FUND III
2088256,HQ,Horizon Quantum Holdings Ltd.
805267,HQH,abrdn Healthcare Investors
1140102,HQI,"HireQuest, Inc."
884121,HQL,abrdn Life Sciences Investors
2088256,HQWWW,Horizon Quantum Holdings Ltd.
1428336,HQY,"HEALTHEQUITY, INC."
1360604,HR,Healthcare Realty Trust Inc
12659,HRB,H&R BLOCK INC
2088827,HRBAY,"Horiba, Ltd./ADR"
1563665,HRGN,"Harvard Apparatus Regenerative Technology, Inc."
1364479,HRI,HERC HOLDINGS INC
48465,HRL,HORMEL FOODS CORP /DE/
1802665,HRMY,"Harmony Biosciences Holdings, Inc."
1712356,HRNNF,Hydro One Ltd
1360214,HROW,"HARROW, INC."
1598665,HRTG,"Heritage Insurance Holdings, Inc."
818033,HRTX,"HERON THERAPEUTICS, INC. /DE/"
1487428,HRZN,Horizon Technology Finance Corp
1861737,HSAI,Hesai Group
1089113,HSBC,HSBC HOLDINGS PLC
1468492,HSCS,HeartSciences Inc.
1468492,HSCSW,HeartSciences Inc.
1610853,HSDT,Solana Co
1959455,HSHP,Himalaya Shipping Ltd.
1000228,HSIC,HENRY SCHEIN INC
2013223,HSLV,Highlander Silver Corp.
1946021,HSPOF,Horizon Space Acquisition I Corp.
1070750,HST,"HOST HOTELS & RESORTS, INC."
1813603,HSTA,Hestia Insight Inc.
1095565,HSTM,HEALTHSTREAM INC
47111,HSY,HERSHEY CO
1538263,HTB,"HomeTrust Bancshares, Inc."
1928948,HTCO,High-Trend International Group
1892322,HTCR,"HeartCore Enterprises, Inc."
1260041,HTD,JOHN HANCOCK TAX-ADVANTAGED DIVIDEND INCOME FUND
1487428,HTFC,Horizon Technology Finance Corp
1464521,HTFL,"Heartflow, Inc."
1280784,HTGC,"Hercules Capital, Inc."
1265131,HTH,Hilltop Holdings Inc.
47710,HTHIY,HITACHI LTD
1483994,HTHT,H World Group Ltd
799233,HTLD,HEARTLAND EXPRESS INC
2023153,HTLM,HomesToLife Ltd
766829,HTO,H2O AMERICA
1819794,HTOO,Fusion Fuel Green PLC
1692705,HTT,High Templar Tech Ltd
1657853,HTZ,"HERTZ GLOBAL HOLDINGS, INC"
1657853,HTZWW,"HERTZ GLOBAL HOLDINGS, INC"
2136116,HUAQY,Huaqin Co. LTD/ADR
48898,HUBB,HUBBELL INC
1905660,HUBC,Hub Cyber Security Ltd.
1905660,HUBCW,Hub Cyber Security Ltd.
1905660,HUBCZ,Hub Cyber Security Ltd.
940942,HUBG,"Hub Group, Inc."
1404655,HUBS,HUBSPOT INC
1791725,HUDI,"Huadi International Group Co., Ltd."
1945415,HUHU,HUHUTECH International Group Inc.
1778982,HUIZ,Huize Holding Ltd
49071,HUM,HUMANA INC
1818382,HUMA,"Humacyte, Inc."
1818382,HUMAW,"Humacyte, Inc."
1307954,HUN,Huntsman CORP
1498382,HURA,"TuHURA Biosciences, Inc./NV"
315374,HURC,HURCO COMPANIES INC
1289848,HURN,Huron Consulting Group Inc.
1526475,HUSIF,NICOLA MINING INC.
1964789,HUT,Hut 8 Corp.
1728190,HUYA,HUYA Inc.
921968,HVGDF,HARVEST GOLD CORP
1846416,HVII,Hennessy Capital Investment Corp. VII
1846416,HVIIR,Hennessy Capital Investment Corp. VII
1846416,HVIIU,Hennessy Capital Investment Corp. VII
2070602,HVMC,Highview Merger Corp.
2070602,HVMCU,Highview Merger Corp.
2070602,HVMCW,Highview Merger Corp.
216085,HVT,HAVERTY FURNITURE COMPANIES INC
216085,HVT-A,HAVERTY FURNITURE COMPANIES INC
1999124,HWAIF,Healwell AI Inc.
1817161,HWAUF,Headwater Gold Inc.
893847,HWBK,"HAWTHORN BANCSHARES, INC."
750577,HWC,HANCOCK WHITNEY CORP
750577,HWCPZ,HANCOCK WHITNEY CORP
1897245,HWH,HWH International Inc.
1750777,HWKE,"Hawkeye Systems, Inc."
46250,HWKN,HAWKINS INC
4281,HWM,Howmet Aerospace Inc.
1413891,HWNI,"HIGH WIRE NETWORKS, INC."
1936817,HXHX,Haoxin Holdings Ltd
717605,HXL,HEXCEL CORP /DE/
1173514,HY,"HYSTER-YALE, INC."
1958389,HYDTF,Hydreight Technologies Inc.
1630176,HYEX,HEALTHY EXTRACTS INC.
1695295,HYFM,"HYDROFARM HOLDINGS GROUP, INC."
1715925,HYFT,MindWalk Holdings Corp.
1497186,HYI,Western Asset High Yield Opportunity Fund Inc.
1759631,HYLN,Hyliion Holdings Corp.
1718405,HYMC,HYCROFT MINING HOLDING CORP
2073153,HYNE,"Hoyne Bancorp, Inc."
1070789,HYOR,HyOrc Corp
1682639,HYPD,"HYPERION DEFI, INC."
2107730,HYPG,Grayscale Hyperliquid Staking ETF
1486749,HYPMY,Hypermarcas S.A.
1833769,HYPR,"Hyperfine, Inc."
1481028,HYSR,"SUNHYDROGEN, INC."
1222401,HYT,"BLACKROCK CORPORATE HIGH YIELD FUND, INC."
1748945,HZEN,Grayscale Horizen Trust (ZEN)
1057060,HZO,MARINEMAX INC
2060217,HZRBY,"Horizon Robotics, Inc./ADR"
1450894,IAALF,IBC Advanced Alloys Corp.
2091176,IACO,Idea Acquisition Corp.
2091176,IACOU,Idea Acquisition Corp.
2091176,IACOW,Idea Acquisition Corp.
2122505,IACQ,Irenic Acquisition Corp.
2122505,IACQU,Irenic Acquisition Corp.
2122505,IACQW,Irenic Acquisition Corp.
1385632,IAE,Voya Asia Pacific High Dividend Equity Income Fund
779336,IAF,"ABRDN AUSTRALIA EQUITY FUND, INC."
1203464,IAG,IAMGOLD CORP
917520,IART,INTEGRA LIFESCIENCES HOLDINGS CORP
1278680,IAU,ISHARES GOLD TRUST
1759124,IAUM,iShares Gold Trust Micro
1853962,IAUX,i-80 Gold Corp.
1853962,IAUX-WT,i-80 Gold Corp.
1998781,IBAC,IB Acquisition Corp.
1998781,IBACR,IB Acquisition Corp.
1786318,IBATF,INTERNATIONAL BATTERY METALS LTD.
39311,IBCP,INDEPENDENT BANK CORP /MI/
1720420,IBEX,IBEX Ltd
1924482,IBG,Innovation Beverage Group Ltd
1420720,IBIO,"iBio, Inc."
1980994,IBIT,iShares Bitcoin Trust ETF
1381197,IBKR,"Interactive Brokers Group, Inc."
2075038,IBL,I Bella Perfect Inc.
51143,IBM,INTERNATIONAL BUSINESS MACHINES CORP
1103838,IBN,ICICI BANK LTD
1834105,IBO,IMPACT BIOMEDICAL INC.
315709,IBOC,INTERNATIONAL BANCSHARES CORP
1580905,IBP,"Installed Building Products, Inc."
1326110,IBRX,"ImmunityBio, Inc."
1538379,IBTA,"Ibotta, Inc."
811641,ICCC,IMMUCELL CORP /DE/
1584371,ICCM,IceCure Medical Ltd.
1571949,ICE,"Intercontinental Exchange, Inc."
1362004,ICFI,"ICF International, Inc."
1895597,ICG,Intchains Group Ltd
2123553,ICGSF,ICG Silver & Gold Ltd.
1652535,ICHR,"ICHOR HOLDINGS, LTD."
941221,ICL,ICL Group Ltd.
1060955,ICLR,ICON PLC
1578348,ICMB,"Investcorp Credit Management BDC, Inc."
1995574,ICON,Icon Energy Corp
1690012,ICR-PA,"InPoint Commercial Real Estate Income, Inc."
1010134,ICTSF,ICTS INTERNATIONAL N V
1831868,ICU,SeaStar Medical Holding Corp
1831868,ICUCW,SeaStar Medical Holding Corp
883984,ICUI,ICU MEDICAL INC/DE
1057877,IDA,IDACORP INC
2090441,IDAC,Iron Dome Acquisition I Corp.
2090441,IDACU,Iron Dome Acquisition I Corp.
2090441,IDACW,Iron Dome Acquisition I Corp.
1718939,IDAI,T Stamp Inc
1405495,IDCC,"InterDigital, Inc."
1417802,IDE,"Voya Infrastructure, Industrials & Materials Fund"
1997389,IDIA,Innovative Digital Investors Acquisition Corp.
1040896,IDN,"Intellicheck, Inc."
2062803,IDPEY,IDP Education Ltd./ADR
1030192,IDR,"Idaho Strategic Resources, Inc."
1005731,IDT,IDT CORP
1054102,IDXG,"INTERPACE BIOSCIENCES, INC."
2067171,IDXMF,IDEX METALS CORP.
874716,IDXX,IDEXX LABORATORIES INC /DE
1676725,IDYA,"IDEAYA Biosciences, Inc."
1879016,IE,Ivanhoe Electric Inc.
2084396,IEAG,Infinite Eagle Acquisition Corp.
2084396,IEAGR,Infinite Eagle Acquisition Corp.
2084396,IEAGU,Infinite Eagle Acquisition Corp.
1537317,IEGCF,Independence Gold Corp.
50292,IEHC,IEH Corp
813762,IEP,ICAHN ENTERPRISES L.P.
1048268,IESC,"IES Holdings, Inc."
832101,IEX,IDEX CORP /DE/
1815566,IFBD,"Infobird Co., Ltd"
1114446,IFED,UBS AG
51253,IFF,INTERNATIONAL FLAVORS & FRAGRANCES INC
2035057,IFHLY,Inficon Holding AG/ADR
917100,IFN,"ABERDEEN INDIA FUND, INC."
1107457,IFNNY,INFINEON TECHNOLOGIES AG
1708688,IFRX,InflaRx N.V.
1615903,IFS,Intercorp Financial Services Inc.
1332943,IGA,Voya Global Advantage & Premium Opportunity Fund
2075068,IGAC,Invest Green Acquisition Corp
2075068,IGACR,Invest Green Acquisition Corp
2075068,IGACU,Invest Green Acquisition Corp
1326205,IGC,"IGC Pharma, Inc."
1285890,IGD,Voya GLOBAL EQUITY DIVIDEND & PREMIUM OPPORTUNITY FUND
1462586,IGI,Western Asset Investment Grade Opportunity Trust Inc.
1794338,IGIC,International General Insurance Holdings Ltd.
1268884,IGR,CBRE GLOBAL REAL ESTATE INCOME FUND
1866838,IGTA,Inception Growth Acquisition Ltd
1814423,IH,iHuman Inc.
1496292,IHD,Voya Emerging Markets High Dividend Equity Fund
858446,IHG,INTERCONTINENTAL HOTELS GROUP PLC /NEW/
1400891,IHRT,"iHeartMedia, Inc."
1876183,IHS,IHS Holding Ltd
82473,IHT,INNSUITES HOSPITALITY TRUST
916618,IIF,"MORGAN STANLEY INDIA INVESTMENT FUND, INC."
1371489,III,Information Services Group Inc.
764401,IIIN,INSTEEL INDUSTRIES INC
1728688,IIIV,"i3 Verticals, Inc."
885601,IIM,Invesco Value Municipal Income Trust
1677576,IIPR,INNOVATIVE INDUSTRIAL PROPERTIES INC
1677576,IIPR-PA,INNOVATIVE INDUSTRIAL PROPERTIES INC
1750149,IKT,"Inhibikase Therapeutics, Inc."
1814963,ILAG,Intelligent Living Application Group Inc.
1657214,ILAL,International Land Alliance Inc.
1861233,ILLMF,illumin Holdings Inc.
1769624,ILLR,Triller Group Inc.
1769624,ILLRW,Triller Group Inc.
2101135,ILLU,Illumination Acquisition Corp. I
2101135,ILLUU,Illumination Acquisition Corp. I
2101135,ILLUW,Illumination Acquisition Corp. I
1110803,ILMN,"ILLUMINA, INC."
1717307,ILPT,Industrial Logistics Properties Trust
1835579,IMA,"ImageneBio, Inc."
1846235,IMAQ,International Media Acquisition Corp.
921582,IMAX,IMAX CORP
2098395,IMC,IMC Rare Earths Ltd
1792030,IMCC,IM Cannabis Corp.
1671927,IMCR,Immunocore Holdings plc
1642380,IMDX,Insight Molecular Diagnostics Inc.
1866146,IMIMF,Interra Copper Corp.
50493,IMKTA,INGLES MARKETS INC
1506184,IMMP,IMMUTEP Ltd
1058811,IMMR,IMMERSION CORP
1873835,IMMX,"Immix Biopharma, Inc."
1472012,IMNM,Immunome Inc.
749647,IMNN,"Imunon, Inc."
49938,IMO,IMPERIAL OIL LTD
1123134,IMOS,CHIPMOS TECHNOLOGIES INC
1876581,IMPP,Imperial Petroleum Inc./Marshall Islands
1876581,IMPPP,Imperial Petroleum Inc./Marshall Islands
1660046,IMRN,Immuron Ltd
1790340,IMRX,Immuneering Corp
2019804,IMSR,Terrestrial Energy Inc. /DE/
2019804,IMSRW,Terrestrial Energy Inc. /DE/
1288268,IMTCF,Intrepid Metals Corp.
1668438,IMTE,Integrated Media Technology Ltd
1809196,IMTX,Immatics N.V.
1280776,IMUX,"IMMUNIC, INC."
1764013,IMVT,"Immunovant, Inc."
1683695,IMXI,"International Money Express, Inc."
1740279,INAB,"IN8BIO, INC."
2063816,INAC,Indigo Acquisition Corp.
2063816,INACR,Indigo Acquisition Corp.
2063816,INACU,Indigo Acquisition Corp.
1562463,INBK,First Internet Bancorp
1562463,INBKZ,First Internet Bancorp
1016504,INBP,INTEGRATED BIOPHARMA INC
1725430,INBS,INTELLIGENT BIO SOLUTIONS INC.
2007919,INBX,"Inhibrx Biosciences, Inc."
1857030,INCR,Intercure Ltd.
879169,INCY,INCYTE CORP
776901,INDB,INDEPENDENT BANK CORP
1841925,INDI,"indie Semiconductor, Inc."
1757840,INDO,Indonesia Energy Corp Ltd
1857044,INDP,"Indaptus Therapeutics, Inc."
1625297,INDV,"Indivior Pharmaceuticals, Inc."
1933951,INEO,INNEOVA Holdings Ltd
2007825,INFQ,"Infleqtion, Inc."
2007825,INFQ-WT,"Infleqtion, Inc."
1337013,INFU,"InfuSystem Holdings, Inc"
1067491,INFY,Infosys Ltd
1039765,ING,ING GROEP NV
1897762,INGM,Ingram Micro Holding Corp
1294133,INGN,Inogen Inc
1046257,INGR,Ingredion Inc
1961847,INHD,INNO HOLDINGS INC.
1997950,INHI,Unitrend Entertainment Group Ltd
1928722,INIKF,PopReach Corp
2109150,INIO,INNIO N.V.
1038277,INIS,RADNOSTIX INC
1840229,INKT,"MiNK Therapeutics, Inc."
1585380,INKW,"Greene Concepts, Inc"
1991592,INLF,INLIF Ltd
1081745,INLX,"INTELLINETICS, INC."
1728328,INM,InMed Pharmaceuticals Inc.
1711754,INMB,"Inmune Bio, Inc."
1742692,INMD,InMode Ltd.
1497645,INN,"Summit Hotel Properties, Inc."
1497645,INN-PE,"Summit Hotel Properties, Inc."
1497645,INN-PF,"Summit Hotel Properties, Inc."
1098482,INNI,"Innovaro, Inc."
1889791,INNPF,INNOCAN PHARMA Corp
1834376,INNV,InnovAge Holding Corp.
1055726,INO,"INOVIO PHARMACEUTICALS, INC."
903651,INOD,INNODATA INC
2029118,INR,"INFINITY NATURAL RESOURCES, INC."
1528985,INRE,"Inland Real Estate Income Trust, Inc."
1615063,INSE,"Inspired Entertainment, Inc."
1022652,INSG,INSEEGO CORP.
1104506,INSM,INSMED Inc
1609550,INSP,"Inspire Medical Systems, Inc."
1679049,INSW,"International Seaways, Inc."
789460,INT,WORLD KINECT CORP
1565687,INTA,"Intapp, Inc."
50863,INTC,INTEL CORP
69422,INTG,INTERGROUP CORP
1042418,INTI,"Inhibitor Therapeutics, Inc."
1916416,INTJ,Intelligent Group Ltd
1864163,INTR,"Inter & Co, Inc."
1567264,INTS,"INTENSITY THERAPEUTICS, INC."
1036262,INTT,INTEST CORP
896878,INTU,INTUIT INC.
736012,INTZ,INTRUSION INC
829323,INUV,"Inuvo, Inc."
2001557,INV,"Innventure, Inc."
1080014,INVA,"Innoviva, Inc."
1036044,INVE,"Identiv, Inc."
1687229,INVH,Invitation Homes Inc.
862651,INVU,"Investview, Inc."
1042893,INVX,"Innovex International, Inc."
1835654,INVZ,Innoviz Technologies Ltd.
1865494,IOBTQ,"IO Biotech, Inc."
1580490,IONI,I-ON Digital Corp.
1824920,IONQ,"IonQ, Inc."
1824920,IONQ-WT,"IonQ, Inc."
1896084,IONR,ioneer Ltd
874015,IONS,IONIS PHARMACEUTICALS INC
949961,IOR,INCOME OPPORTUNITY REALTY INVESTORS INC /TX/
1054905,IOSP,INNOSPEC INC.
1642896,IOT,Samsara Inc.
1997637,IOTR,iOThree Ltd
1425205,IOVA,"IOVANCE BIOTHERAPEUTICS, INC."
51434,IP,INTERNATIONAL PAPER CO /NEW/
822663,IPAR,INTERPARFUMS INC
1267332,IPB,MERRILL LYNCH DEPOSITOR INC INDEXPLUS TRUST SERIES 2003-1
2012318,IPCX,Inflection Point Acquisition Corp. III
2012318,IPCXR,Inflection Point Acquisition Corp. III
2012318,IPCXU,Inflection Point Acquisition Corp. III
1546296,IPDN,"Professional Diversity Network, Inc."
2028355,IPEX,Inflection Point Acquisition Corp. V
2028355,IPEXR,Inflection Point Acquisition Corp. V
2028355,IPEXU,Inflection Point Acquisition Corp. V
2102041,IPFX,Inflection Point Acquisition Corp. VI
2102041,IPFXU,Inflection Point Acquisition Corp. VI
2102041,IPFXW,Inflection Point Acquisition Corp. VI
1111928,IPGP,IPG PHOTONICS CORP
1598599,IPHA,Innate Pharma SA
1421461,IPI,"Intrepid Potash, Inc."
1355839,IPM,INTELLIGENT PROTECTION MANAGEMENT CORP.
1582820,IPSAY,IPSOS/ADR
1850119,IPSC,"Century Therapeutics, Inc."
1591913,IPSI,"Innovative Payment Solutions, Inc."
1788230,IPST,"IP STRATEGY HOLDINGS, INC."
1680513,IPTNF,IMPACT ANALYTICS INC.
2105274,IPVV,"InterPrivate Investment Partners V, Inc."
2105274,IPVVU,"InterPrivate Investment Partners V, Inc."
1830072,IPW,iPower Inc.
1507957,IPWR,Ideal Power Inc.
1898601,IPX,IPERIONX Ltd
1722608,IQ,"iQIYI, Inc."
885125,IQI,Invesco Quality Municipal Income Trust
2113060,IQMX,IQM Quantum Computers Oyj
2113060,IQMXW,IQM Quantum Computers Oyj
1527702,IQST,iQSTEL Inc
1478242,IQV,IQVIA HOLDINGS INC.
1699150,IR,Ingersoll Rand Inc.
2077785,IRAB,Iris Acquisition Corp II
2077785,IRAB-UN,Iris Acquisition Corp II
2077785,IRAB-WT,Iris Acquisition Corp II
1228627,IRD,"Opus Genetics, Inc."
1418819,IRDM,Iridium Communications Inc.
1878848,IREN,IREN Ltd
2051985,IRHO,Iron Horse Acquisition II Corp.
2051985,IRHOR,Iron Horse Acquisition II Corp.
2051985,IRHOU,Iron Horse Acquisition II Corp.
1006045,IRIX,IRIDEX CORP
1020569,IRM,IRON MOUNTAIN INC
1325618,IRMD,IRADIMED CORP
1816736,IRON,"Disc Medicine, Inc."
933267,IRS,IRSA INVESTMENTS & REPRESENTATIONS INC
1466085,IRT,"INDEPENDENCE REALTY TRUST, INC."
1388658,IRTC,"iRhythm Holdings, Inc."
1666782,IRVRF,Irving Resources Inc.
1446847,IRWD,IRONWOOD PHARMACEUTICALS INC
842517,ISBA,ISABELLA BANK CORP
1355790,ISCO,International Stem Cell CORP
1534880,ISD,"PGIM High Yield Bond Fund, Inc."
2123475,ISNR,Snow Rothschild Acquisition Corp.
2123475,ISNRU,Snow Rothschild Acquisition Corp.
1997377,ISOU,IsoEnergy Ltd.
1558569,ISPC,iSpecimen Inc.
1948455,ISPR,Ispire Technology Inc.
1035267,ISRG,INTUITIVE SURGICAL INC
1915328,ISRLF,Israel Acquisitions Corp
836690,ISSC,INNOVATIVE SOLUTIONS & SUPPORT INC
1678748,ISTKF,Intellistake Technologies Corp.
1602658,ISTR,Investar Holding Corp
749251,IT,GARTNER INC
2110117,ITG,"ITG, Inc./DE/"
1114483,ITGR,Integer Holdings Corp
2080985,ITHA,ITHAX Acquisition Corp III
2080985,ITHAU,ITHAX Acquisition Corp III
2080985,ITHAW,ITHAX Acquisition Corp III
2134539,ITHEY,Ithaca Energy PLC/ADR
1919191,ITHR,"Intelithrive, Inc."
1643154,ITHUF,"iANTHUS CAPITAL HOLDINGS, INC."
720858,ITIC,INVESTORS TITLE CO
1285170,ITMSF,INTERMAP TECHNOLOGIES CORP
1970544,ITOC,iTonic Holdings Ltd
1290658,ITOX,"IIOT-OXYS, Inc."
1358190,ITP,"IT TECH PACKAGING, INC."
1861448,ITRE,"IntriEnergy, Inc."
1722387,ITRG,Integra Resources Corp.
780571,ITRI,"ITRON, INC."
1337117,ITRN,Ituran Location & Control Ltd.
216228,ITT,ITT INC.
1132597,ITUB,Itau Unibanco Holding S.A.
49826,ITW,ILLINOIS TOOL WORKS INC
2025878,ITXP,"Independence Power Holdings, Inc."
1756594,IVA,Inventiva S.A.
1397183,IVDA,"Iveda Solutions, Inc."
1397183,IVDAW,"Iveda Solutions, Inc."
1190370,IVDN,INNOVATIVE DESIGNS INC
1417926,IVF,"INVO Fertility, Inc."
312257,IVFH,INNOVATIVE FOOD HOLDINGS INC
1009919,IVHI,"Invech Holdings, Inc."
1939365,IVPR,"INSPIRE VETERINARY PARTNERS, INC."
1437071,IVR,Invesco Mortgage Capital Inc.
1437071,IVR-PC,Invesco Mortgage Capital Inc.
1307748,IVT,InvenTrust Properties Corp.
1832038,IVVD,"Invivyd, Inc."
914208,IVZ,Invesco Ltd.
1114446,IWDL,UBS AG
1114446,IWFL,UBS AG
1114446,IWML,UBS AG
1279715,IWSH,"Wright Investors Service Holdings, Inc."
1070304,IX,ORIX CORP
1873875,IXHL,Incannex Healthcare Inc.
1495231,IZEA,"IZEA Worldwide, Inc."
1854572,IZM,ICZOOM Group Inc.
52988,J,JACOBS SOLUTIONS INC.
2128739,JAB,JAB Acquisition Corp I
2128739,JABRU,JAB Acquisition Corp I
807882,JACK,JACK IN THE BOX INC
2039058,JACS,Jackson Acquisition Co II
2039058,JACS-RI,Jackson Acquisition Co II
2039058,JACS-UN,Jackson Acquisition Co II
2039273,JAGU,Jaguar Uranium Corp.
1585608,JAGX,"Jaguar Health, Inc."
1009829,JAKK,JAKKS PACIFIC INC
2100805,JAN,"Janus Living, Inc."
1133062,JANL,JANEL CORP
1817713,JANX,"Janux Therapeutics, Inc."
2112446,JATT,JATT II Acquisition Corp.
2092243,JAYGF,Blue Jay Gold Corp.
1232524,JAZZ,Jazz Pharmaceuticals plc
1964314,JBDI,JBDI Holdings Ltd
1689796,JBGS,JBG SMITH Properties
728535,JBHT,HUNT J B TRANSPORT SERVICES INC
1839839,JBI,"Janus International Group, Inc."
1798749,JBIO,"Jade Biosciences, Inc."
1284143,JBK,LEHMAN ABS CORP GOLDMAN SACHS CAP 1 SEC BACKED SER 2004-6
898293,JBL,JABIL INC
1158463,JBLU,JETBLUE AIRWAYS CORP
1791942,JBS,JBS N.V.
880117,JBSS,SANFILIPPO JOHN B & SON INC
1433660,JBTM,JBT MAREL Corp
2046042,JCAP,"Jefferson Capital, Inc. / DE"
1385763,JCE,Nuveen Core Equity Alpha Fund
833444,JCI,Johnson Controls International plc
1905511,JCSE,JE Cleantech Holdings Ltd
885307,JCTC,JEWETT CAMERON TRADING CO LTD
1549802,JD,"JD.com, Inc."
1976908,JDZG,JIADE Ltd
96223,JEF,Jefferies Financial Group Inc.
1674335,JELD,"JELD-WEN Holding, Inc."
2018222,JEM,707 Cayman Holdings Ltd.
2060337,JENA,JENA ACQUISITION Corp II
2060337,JENA-RI,JENA ACQUISITION Corp II
2060337,JENA-UN,JENA ACQUISITION Corp II
927971,JETD,BANK OF MONTREAL /CAN/
1846084,JETMF,Global Crossing Airlines Group Inc.
927971,JETU,BANK OF MONTREAL /CAN/
1716338,JF,J & Friends Holdings Ltd
2024306,JFB,JFB Construction Holdings
1517389,JFIL,"Jubilant Flame International, Ltd"
1743102,JFIN,Jiayin Group Inc.
1276533,JFR,NUVEEN FLOATING RATE INCOME FUND
1619544,JFU,9F Inc.
1737339,JG,Aurora Mobile Ltd
1615905,JGH,Nuveen Global High Income Fund
1686000,JGLDF,Japan Gold Corp.
1274173,JHG,Janus Henderson Group Ltd.
759828,JHI,JOHN HANCOCK INVESTORS TRUST
2071868,JHPCY,"Jiangsu Hengrui Pharmaceuticals Co., Ltd./ADR"
759866,JHS,JOHN HANCOCK INCOME SECURITIES TRUST
1159152,JHX,James Hardie Industries plc
1687932,JILL,"J.Jill, Inc."
785956,JJSF,J&J SNACK FOODS CORP
779152,JKHY,JACK HENRY & ASSOCIATES INC
1481513,JKS,"JinkoSolar Holding Co., Ltd."
1948436,JL,J-Long Group Ltd
2007846,JLHL,Julong Holding Ltd
1037976,JLL,JONES LANG LASALLE INC
1472215,JLS,Nuveen Mortgage & Income Fund/MA/
1756708,JMIA,Jumia Technologies AG
2127043,JMKE,Jersey Mike's Subs Inc.
838131,JMM,Nuveen Multi-Market Income Fund
1710482,JMSB,"John Marshall Bancorp, Inc."
2109559,JNGDY,"Jingdong Industrials, Inc./ADR"
200406,JNJ,JOHNSON & JOHNSON
40570,JOB,GEE Group Inc.
1819848,JOBY,"Joby Aviation, Inc."
1819848,JOBY-WT,"Joby Aviation, Inc."
745308,JOE,ST JOE Co
859796,JOF,JAPAN SMALLER CAPITALIZATION FUND INC
2129056,JONE,Jones Ventures INTL Acquisition1 Corp
2067746,JOSS,"JOSS Realty REIT, Inc."
788329,JOUT,JOHNSON OUTDOORS INC
1530238,JOYY,JOYY Inc.
1216583,JPC,Nuveen Preferred & Income Opportunities Fund
19617,JPM,JPMORGAN CHASE & CO
19617,JPM-PC,JPMORGAN CHASE & CO
19617,JPM-PD,JPMORGAN CHASE & CO
19617,JPM-PJ,JPMORGAN CHASE & CO
19617,JPM-PK,JPMORGAN CHASE & CO
19617,JPM-PL,JPMORGAN CHASE & CO
19617,JPM-PM,JPMORGAN CHASE & CO
1061612,JPOTF,Jackpot Digital Inc.
1227476,JQC,Nuveen Credit Strategies Income Fund
1539337,JRI,Nuveen Real Asset Income & Growth Fund
1158289,JRS,NUVEEN REAL ESTATE INCOME FUND
1696558,JRSH,"Jerash Holdings (US), Inc."
1620459,JRVR,"James River Group Holdings, Inc."
1083522,JSDA,JONES SODA CO.
1593538,JSM,NAVIENT CORP
1788028,JSPR,"Jasper Therapeutics, Inc."
1788028,JSPRW,"Jasper Therapeutics, Inc."
1861622,JTAI,Jet.AI Inc.
1472033,JTGEY,"Citibank,N.A./ADR"
1679628,JUNS,"JUPITER NEUROSCIENCES, INC."
1909747,JUSHF,Jushi Holdings Inc.
714712,JUVF,JUNIATA VALLEY FINANCIAL CORP
1007019,JVA,COFFEE HOLDING CO INC
1805594,JWEL,Jowell Global Ltd.
1831359,JWSMF,Jaws Mustang Acquisition Corp
2065485,JXAMY,JX Advanced Metals Corporation/ADR
1546383,JXG,JX Luxventure Group Inc.
2128458,JXIRY,Jiaxin International Resources Investment Limited/ADR
1822993,JXN,Jackson Financial Inc.
1822993,JXN-PA,Jackson Financial Inc.
1938186,JYD,Jayud Global Logistics Ltd
1612630,JYNT,JOINT Corp
1852440,JZ,Jianzhi Education Technology Group Co Ltd
1816172,JZXN,"Jiuzi Holdings, Inc."
886346,KAI,KADANT INC
1479419,KALA,"KALA BIO, Inc."
811596,KALU,KAISER ALUMINUM CORP
1230058,KANP,KAANAPALI LAND LLC
1962011,KAPA,"Kairos Pharma, LTD."
2123613,KARD,"Kardigan, Inc."
1828102,KARO,Karooooo Ltd.
1729637,KARX,Karbon-X Corp.
1762239,KAVL,"Kaival Brands Innovations Group, Inc."
1530746,KAYS,"Kaya Holdings, Inc."
2031009,KAZR,Skyline Builders Group Holding Ltd
1445930,KB,KB Financial Group Inc.
1747172,KBDC,"Kayne Anderson BDC, Inc."
1535759,KBGGY,Kongsberg Gruppen ASA/ADR
795266,KBH,KB HOME
1413119,KBLB,"Kraig Biocraft Laboratories, Inc."
2088749,KBON,Karbon Capital Partners Corp.
2088749,KBONU,Karbon Capital Partners Corp.
2088749,KBONW,Karbon Capital Partners Corp.
1357615,KBR,"KBR, INC."
2014254,KBSX,FST Corp.
1795589,KC,Kingsoft Cloud Holdings Ltd
2102713,KCA-UN,Kensington Capital Acquisition Corp. VI
2102713,KCAC-UN,Kensington Capital Acquisition Corp. VI
2102713,KCAC-WT,Kensington Capital Acquisition Corp. VI
1726906,KCCFF,Kutcho Copper Corp.
2053799,KCHV,Kochav Defense Acquisition Corp.
2053799,KCHVR,Kochav Defense Acquisition Corp.
2053799,KCHVU,Kochav Defense Acquisition Corp.
1696025,KCRD,"Kindcard, Inc."
1867072,KD,"Kyndryl Holdings, Inc."
1853138,KDK,"Kodiak AI, Inc."
872699,KDKGF,KLONDIKE GOLD CORP /FI
1853138,KDKRW,"Kodiak AI, Inc."
1318482,KDOZF,KIDOZ INC.
1418135,KDP,Keurig Dr Pepper Inc.
1606757,KE,"Kimball Electronics, Inc."
1812477,KEEL,Keel Infrastructure Corp.
55135,KELYA,KELLY SERVICES INC
55135,KELYB,KELLY SERVICES INC
1611005,KEN,Kenon Holdings Ltd.
887225,KEP,KOREA ELECTRIC POWER CORP
55529,KEQU,KEWAUNEE SCIENTIFIC CORP /DE/
2107989,KERCY,Keisei Electric Railway Co. Ltd/ADR
56047,KEX,KIRBY CORP
91576,KEY,KEYCORP /NEW/
91576,KEY-PI,KEYCORP /NEW/
91576,KEY-PJ,KEYCORP /NEW/
91576,KEY-PK,KEYCORP /NEW/
91576,KEY-PL,KEYCORP /NEW/
1601046,KEYS,"Keysight Technologies, Inc."
2102771,KEYY,Keystone Acquisition Corp.
2102771,KEYYU,Keystone Acquisition Corp.
2102771,KEYYW,Keystone Acquisition Corp.
748691,KF,KOREA FUND INC
1297341,KFFB,Kentucky First Federal Bancorp
2029976,KFII,K&F GROWTH ACQUISITION CORP. II
2029976,KFIIR,K&F GROWTH ACQUISITION CORP. II
2029976,KFIIU,K&F GROWTH ACQUISITION CORP. II
930420,KFRC,KFORCE INC
56679,KFY,KORN FERRY
2055116,KG,Kestrel Group Ltd
2133892,KGBMY,Kongsberg Maritime ASA/ADR
701818,KGC,KINROSS GOLD CORP
1477081,KGEI,Kolibri Global Energy Inc.
1853889,KGFMF,Kingfisher Metals Corp.
1767042,KGS,"Kodiak Gas Services, Inc."
1637459,KHC,Kraft Heinz Co
2084698,KHOBF,KHEOBA Ltd
1425450,KIDS,ORTHOPEDIATRICS CORP
2022308,KIDZ,KIDZ AI Inc.
2022308,KIDZW,KIDZ AI Inc.
879101,KIM,KIMCO REALTY CORP
879101,KIM-PL,KIMCO REALTY CORP
879101,KIM-PM,KIMCO REALTY CORP
879101,KIM-PN,KIMCO REALTY CORP
33992,KINS,"KINGSTONE COMPANIES, INC."
1515940,KIO,KKR Income Opportunities Fund
1161814,KIQSF,KELSO TECHNOLOGIES INC
803742,KISB,KISH BANCORP INC
1608092,KITL,Kisses From Italy Inc.
1849820,KITT,"Nauticus Robotics, Inc."
1849820,KITTW,"Nauticus Robotics, Inc."
1404912,KKR,KKR & Co. Inc.
1404912,KKR-PD,KKR & Co. Inc.
1404912,KKRS,KKR & Co. Inc.
1404912,KKRT,KKR & Co. Inc.
2033019,KKSIY,Kokusai Electric Corporation/ADR
319201,KLAC,KLA CORP
2003292,KLAR,Klarna Group plc
1873529,KLC,"KinderCare Learning Companies, Inc."
1901931,KLGDF,Kalo Gold Corp.
56978,KLIC,KULICKE & SOFFA INDUSTRIES INC
1110607,KLNG,"Koil Energy Solutions, Inc."
2096997,KLRA,"Kailera Therapeutics, Inc."
1754068,KLRS,"Kalaris Therapeutics, Inc."
1655531,KLSVF,KLONDIKE SILVER CORP.
1432133,KLTR,KALTURA INC
1738827,KLXE,"KLX Energy Services Holdings, Inc."
1372114,KLYG,"Kelyniam Global, Inc."
55785,KMB,KIMBERLY CLARK CORP
2107523,KMCM,Titan Holdings Corp.
1567529,KMDA,KAMADA LTD
1506307,KMI,"KINDER MORGAN, INC."
860748,KMPB,KEMPER Corp
860748,KMPR,KEMPER Corp
2049187,KMRK,K-TECH SOLUTIONS CO LTD
55242,KMT,KENNAMETAL INC
1877184,KMTS,"KESTRA MEDICAL TECHNOLOGIES, LTD."
1170010,KMX,CARMAX INC
1587523,KN,Knowles Corp
1720250,KNDI,"Kandi Technologies Group, Inc."
1955520,KNF,Knife River Corp
1191832,KNGRF,Kingsmen Resources Ltd.
1564180,KNOP,KNOT Offshore Partners LP
1108248,KNOS,KRONOS ADVANCED TECHNOLOGIES INC
1982960,KNRX,KNOREX LTD.
1730430,KNSA,"Kiniksa Pharmaceuticals International, plc"
1669162,KNSL,"Kinsale Capital Group, Inc."
1692787,KNTK,Kinetik Holdings Inc.
2109545,KNWAY,Knowledge Atlas Technology Joint Stock Co Limited/ADR
1492691,KNX,Knight-Swift Transportation Holdings Inc.
21344,KO,COCA COLA CO
897078,KOAN,"Resonate Blends, Inc."
1468748,KOD,Kodiak Sciences Inc.
31235,KODK,EASTMAN KODAK CO
2070087,KOEI,"Koei Group Co., Ltd."
910631,KOF,COCA COLA FEMSA SAB DE CV
2008257,KOGDF,KO Gold Inc.
1415311,KOLD,ProShares Trust II
1315257,KOP,Koppers Holdings Inc.
771266,KOPN,KOPIN CORP
1855457,KORE,"KORE Group Holdings, Inc."
1509991,KOS,Kosmos Energy Ltd.
56701,KOSS,KOSS CORP
2068454,KOYN,"CSLM Digital Asset Acquisition Corp III, Ltd"
2068454,KOYNU,"CSLM Digital Asset Acquisition Corp III, Ltd"
2068454,KOYNW,"CSLM Digital Asset Acquisition Corp III, Ltd"
1532173,KOZAY,Turk Altin Isletmeleri A.S./ADR
1502557,KPEA,Kun Peng International Ltd.
2095297,KPET,KPET Ultra Paceline Corp
2095297,KPET-UN,KPET Ultra Paceline Corp
2095297,KPET-WT,KPET Ultra Paceline Corp
2000208,KPL,Kepler Group Ltd
1785424,KPLT,"Katapult Holdings, Inc."
1372514,KPRX,KIORA PHARMACEUTICALS INC
1503802,KPTI,Karyopharm Therapeutics Inc.
56873,KR,KROGER CO
2082119,KRAQ,KRAKacquisition Corp
2082119,KRAQU,KRAKacquisition Corp
2082119,KRAQW,KRAKacquisition Corp
1025996,KRC,KILROY REALTY CORP
1631596,KREF,KKR Real Estate Finance Trust Inc.
1631596,KREF-PA,KKR Real Estate Finance Trust Inc.
774415,KRFG,"King Resources, Inc."
1286043,KRG,KITE REALTY GROUP TRUST
1779476,KRKR,36Kr Holdings Inc.
704440,KRMD,"KORU Medical Systems, Inc."
2040127,KRMN,Karman Holdings Inc.
1494191,KRNGY,Karoon Gas Australia Ltd /ADR/
1625791,KRNT,Kornit Digital Ltd.
1617242,KRNY,Kearny Financial Corp.
1257640,KRO,KRONOS WORLDWIDE INC
1664710,KROS,"Keros Therapeutics, Inc."
1657788,KRP,"Kimbell Royalty Partners, LP"
1703647,KRRO,"Korro Bio, Inc."
2074872,KRSP,Rice Acquisition Corp 3
2074872,KRSP-UN,Rice Acquisition Corp 3
2074872,KRSP-WT,Rice Acquisition Corp 3
1758021,KRT,Karat Packaging Inc.
1288614,KRTL,KRTL Holding Group Inc
1772177,KRUS,"KURA SUSHI USA, INC."
1711279,KRYS,"Krystal Biotech, Inc."
1318596,KRYXF,KORYX COPPER INC.
912764,KSBI,KS BANCORP INC
1600983,KSCP,"Knightscope, Inc."
1945619,KSEZ,Kinetic Seas Inc.
1985487,KSPI,Joint Stock Co Kaspi.kz
885639,KSS,KOHLS Corp
892450,KT,KT CORP
1760965,KTB,"Kontoor Brands, Inc."
719733,KTCC,KEY TRONIC CORP
845819,KTEL,"KonaTel, Inc."
839533,KTF,DWS MUNICIPAL INCOME TRUST
1583962,KTGDF,K2 Gold Corp
1283464,KTH,STRUCTURED PRODUCTS CORP CORTS TR FOR PECO ENERGY CAP TR III
1283337,KTN,STRUCTURED PRODUCTS CORP CRED ENHANCE CORTS TR FOR AON CAP A
1069258,KTOS,"KRATOS DEFENSE & SECURITY SOLUTIONS, INC."
1841330,KTTA,Pasithea Therapeutics Corp.
1841330,KTTAW,Pasithea Therapeutics Corp.
2086524,KTWO,K2 Capital Acquisition Corp
2086524,KTWOR,K2 Capital Acquisition Corp
2086524,KTWOU,K2 Capital Acquisition Corp
1081834,KUBR,Kuber Resources Corp
1662684,KULR,"KULR Technology Group, Inc."
1422143,KURA,"Kura Oncology, Inc."
1342958,KUST,"KUSTOM ENTERTAINMENT, INC."
1889983,KVAC,Keen Vision Acquisition Corp.
1889983,KVACU,Keen Vision Acquisition Corp.
1889983,KVACW,Keen Vision Acquisition Corp.
1007587,KVHI,KVH INDUSTRIES INC \DE\
1944048,KVUE,Kenvue Inc.
1835830,KVYO,"Klaviyo, Inc."
1884164,KWIK,"KwikClick, Inc."
2000756,KWM,K Wave Media Ltd.
2000756,KWMWW,K Wave Media Ltd.
81362,KWR,QUAKER CHEMICAL CORP
1072627,KWY,KINGSWAY Corp
2053383,KXIAY,Kioxia Holdings Corporation/ADR
1713539,KXIN,Kaixin Holdings
2062440,KYIV,Kyivstar Group Ltd.
2062440,KYIVW,Kyivstar Group Ltd.
1815442,KYMR,"Kymera Therapeutics, Inc."
1293613,KYN,"Kayne Anderson Energy Infrastructure Fund, Inc."
921299,KYNB,"KYNTRA BIO, INC."
2042187,KYTFY,Kyoto Financial Group Inc/ADR
1994702,KYTX,"Kyverna Therapeutics, Inc."
1075880,KZIA,KAZIA THERAPEUTICS LTD
60086,L,LOEWS CORP
1162194,LAB,STANDARD BIOTOOLS INC.
2079272,LABT,Lakewood-Amedex Biotherapeutics Inc.
1966983,LAC,LITHIUM AMERICAS CORP.
1023128,LAD,LITHIA MOTORS INC
1577670,LADR,Ladder Capital Corp
1951222,LAES,SEALSQ Corp
2079106,LAFA,LaFayette Acquisition Corp.
2079106,LAFAR,LaFayette Acquisition Corp.
2079106,LAFAU,LaFayette Acquisition Corp.
2090910,LAGH,Lagarosse Holdings Ltd
798081,LAKE,LAKELAND INDUSTRIES INC
1090425,LAMR,LAMAR ADVERTISING CO/NEW
1495240,LAND,GLADSTONE LAND Corp
1495240,LANDO,GLADSTONE LAND Corp
1495240,LANDP,GLADSTONE LAND Corp
1922097,LANV,Lanvin Group Holdings Ltd
1440972,LAR,Lithium Argentina AG
1753712,LARAX,Lord Abbett Credit Opportunities Fund
1141688,LARK,LANDMARK BANCORP INC
1807887,LASE,Laser Photonics Corp
1124796,LASR,"NLIGHT, INC."
2076427,LATA,Galata Acquisition Corp. II
2076427,LATAU,Galata Acquisition Corp. II
2076427,LATAW,Galata Acquisition Corp. II
912766,LAUR,"LAUREATE EDUCATION, INC."
1625641,LAW,"CS Disco, Inc."
2122791,LAWK,Lawaken Group Inc.
2007599,LAWR,"Robot Consulting Co., Ltd."
1311370,LAZ,"Lazard, Inc."
1995807,LB,LandBridge Co LLC
1580110,LBCMF,Copper Giant Resources Corp.
1896425,LBGJ,Li Bang International Corp Inc.
1599407,LBRA,1847 Holdings LLC
1611983,LBRDA,Liberty Broadband Corp
1611983,LBRDK,Liberty Broadband Corp
1611983,LBRDP,Liberty Broadband Corp
1999119,LBRJ,"Libera Gaming Operations, Inc"
1694028,LBRT,Liberty Energy Inc.
1691082,LBRX,LB PHARMACEUTICALS INC
1172178,LBSR,LIBERTY STAR URANIUM & METALS CORP.
1570585,LBTYA,Liberty Global Ltd.
1570585,LBTYB,Liberty Global Ltd.
1570585,LBTYK,Liberty Global Ltd.
1409970,LC,"Happen, Inc."
2049248,LCCC,Lakeshore Acquisition III Corp.
2049248,LCCCR,Lakeshore Acquisition III Corp.
2049248,LCCCU,Lakeshore Acquisition III Corp.
1875547,LCFY,Locafy Ltd
1875547,LCFYW,Locafy Ltd
1339688,LCGMF,LION COPPER & GOLD CORP.
1811210,LCID,"Lucid Group, Inc."
763744,LCII,LCI INDUSTRIES
1925283,LCLN,"Lincoln International, Inc."
1074902,LCNB,LCNB CORP
1493137,LCTC,"Lifeloc Technologies, Inc"
876343,LCTX,"Lineage Cell Therapeutics, Inc."
874396,LCUT,"LIFETIME BRANDS, INC"
1892316,LDDD,Longduoduo Co Ltd
1831631,LDI,"loanDepot, Inc."
1336920,LDOS,"Leidos Holdings, Inc."
1548717,LDP,"Cohen & Steers Ltd Duration Preferred & Income Fund, Inc."
799288,LE,"LANDS' END, INC."
842162,LEA,LEAR CORP
1456189,LEAT,Leatt Corp
59527,LECO,LINCOLN ELECTRIC HOLDINGS INC
2109823,LEDR,Leader's Advantage Acquisition Corp.
1333822,LEDS,SemiLEDs Corp
58361,LEE,"LEE ENTERPRISES, Inc"
1711141,LEEEF,Leef Brands Inc.
1230524,LEEN,"Leopard Energy, Inc."
58492,LEG,LEGGETT & PLATT INC
1436208,LEGH,Legacy Housing Corp
1801198,LEGN,Legend Biotech Corp
2087450,LEGO,Legato Merger Corp. IV
2087450,LEGO-UN,Legato Merger Corp. IV
2087450,LEGO-WT,Legato Merger Corp. IV
920760,LEN,LENNAR CORP /NEW/
920760,LEN-B,LENNAR CORP /NEW/
1658645,LENDX,Stone Ridge Trust V
1815776,LENZ,"LENZ Therapeutics, Inc."
818972,LEO,"BNY MELLON STRATEGIC MUNICIPALS, INC."
1821806,LESL,"Leslie's, Inc."
1065059,LEU,CENTRUS ENERGY CORP
94845,LEVI,LEVI STRAUSS & CO
1348362,LEXX,Lexaria Bioscience Corp.
2084563,LFAC,Leapfrog Acquisition Corp
2084563,LFACU,Leapfrog Acquisition Corp
2084563,LFACW,Leapfrog Acquisition Corp
1005286,LFCR,"LIFECORE BIOMEDICAL, INC. \DE\"
1800890,LFLRF,LaFleur Minerals Inc..
948320,LFMD,"LifeMD, Inc."
948320,LFMDP,"LifeMD, Inc."
2030277,LFS,"LEIFRAS Co., Ltd."
1845257,LFST,"LifeStance Health Group, Inc."
1547546,LFT,"Lument Finance Trust, Inc."
1547546,LFT-PA,"Lument Finance Trust, Inc."
1850351,LFTO,"Liftoff Mobile, Inc."
889331,LFUS,LITTELFUSE INC /DE
849146,LFVN,Lifevantage Corp
1607962,LFWD,Lifeward Ltd.
1954694,LGCL,Lucas GC Ltd
1921582,LGCXF,Lahontan Gold Corp.
1836754,LGCY,Legacy Education Inc.
1806524,LGHL,Lion Group Holding Ltd
1278211,LGI,LAZARD GLOBAL TOTAL RETURN & INCOME FUND INC
1580670,LGIH,"LGI Homes, Inc."
61004,LGL,LGL GROUP INC
1566826,LGMK,"LogicMark, Inc."
2052568,LGN,Legence Corp.
886163,LGND,LIGAND PHARMACEUTICALS INC
1400438,LGO,Largo Inc.
2040290,LGPS,LOGPROSTYLE INC.
1447221,LGSXY,Light S.A./ADR
1721484,LGVN,Longeveron Inc.
920148,LH,LABCORP HOLDINGS INC.
2017758,LHAI,Linkhome Holdings Inc.
2004024,LHSW,Lianhe Sowell International Group Ltd
202058,LHX,"L3HARRIS TECHNOLOGIES, INC. /DE/"
1791706,LI,Li Auto Inc.
1876766,LICN,Lichen International Ltd
1818644,LIDR,"AEye, Inc."
1818644,LIDRW,"AEye, Inc."
1843162,LIEN,"Chicago Atlantic BDC, Inc."
1581760,LIF,"Life360, Inc."
1391135,LIFD,LFTD PARTNERS INC.
1788451,LIFE,Ethos Technologies Inc.
1069202,LII,LENNOX INTERNATIONAL INC
1712184,LILA,Liberty Latin America Ltd.
1712184,LILAK,Liberty Latin America Ltd.
1712184,LILAP,Liberty Latin America Ltd.
1689448,LILIF,Argentina Lithium & Energy Corp.
2065821,LILW,Little West Holdings Inc.
1699963,LIME,"Neutron Holdings, Inc."
1971387,LIMN,"Liminatus Pharma, Inc."
1971387,LIMNW,"Liminatus Pharma, Inc."
1803977,LIMX,Limitless X Holdings Inc.
1707925,LIN,LINDE PLC
1286613,LINC,LINCOLN EDUCATIONAL SERVICES CORP
1512499,LIND,"LINDBLAD EXPEDITIONS HOLDINGS, INC."
1868159,LINE,"Lineage, Inc."
828146,LINK,INTERLINK ELECTRONICS INC
1066130,LINMF,Linear Minerals Corp
2052959,LION,Lionsgate Studios Corp.
1347242,LIPO,LIPELLA PHARMACEUTICALS INC.
1307579,LIQT,LIQTECH INTERNATIONAL INC
1523836,LITB,"LightInTheBox Holding Co., Ltd."
1633978,LITE,Lumentum Holdings Inc.
1262104,LITS,"Lite Strategy, Inc."
1978165,LITSF,LITHOS GROUP LTD.
1045742,LIVE,LIVE VENTURES Inc
1593549,LIVG,"Livento Group, Inc."
1639691,LIVN,LivaNova PLC
1335105,LIXT,"LIXTE BIOTECHNOLOGY HOLDINGS, INC."
721994,LKFN,LAKELAND FINANCIAL CORP
1421876,LKFT,Lakefront Biotherapeutics NV
1767582,LKNCY,Luckin Coffee Inc.
1065696,LKQ,LKQ CORP
2043508,LKSP,Lake Superior Acquisition Corp
2043508,LKSPR,Lake Superior Acquisition Corp
2043508,LKSPU,Lake Superior Acquisition Corp
2091585,LKYLY,Locksley Resources Limited/ADR
59478,LLY,ELI LILLY & Co
2078416,LLYVA,"Liberty Live Holdings, Inc."
2078416,LLYVK,"Liberty Live Holdings, Inc."
1158895,LMAT,LEMAITRE VASCULAR INC
1606163,LMB,"Limbach Holdings, Inc."
1477960,LMED,LataMed AI Corp.
1640384,LMFA,"LM FUNDING AMERICA, INC."
1691421,LMND,"Lemonade, Inc."
1342423,LMNR,Limoneira CO
2071288,LMRI,"Lumexa Imaging Holdings, Inc."
1588837,LMRMF,Lomiko Metals Inc.
1001500,LMRXF,LARAMIDE RESOURCES LTD
936468,LMT,LOCKHEED MARTIN CORP
1527728,LNAI,Lunai Bioworks Inc.
59558,LNC,LINCOLN NATIONAL CORP
59558,LNC-PD,LINCOLN NATIONAL CORP
1499849,LND,BrasilAgro - Brazilian Agricultural Real Estate Co
3570,LNG,"Cheniere Energy, Inc."
1972074,LNKS,Linkers Industries Ltd
836157,LNN,LINDSAY CORP
1320350,LNSR,"LENSAR, Inc."
352541,LNT,ALLIANT ENERGY CORP
2098381,LNTCY,"Lens Technology Co., Ltd./ADR"
1521036,LNTH,"Lantheus Holdings, Inc."
2006925,LNTO,LELANTOS HOLDINGS INC.
1311307,LNXSY,LANXESS AG
1843724,LNZA,"LanzaTech Global, Inc."
1843724,LNZAW,"LanzaTech Global, Inc."
1080340,LOAN,"MANHATTAN BRIDGE CAPITAL, INC"
2000178,LOAR,Loar Holdings Inc.
1462120,LOB,"Live Oak Bancshares, Inc."
1462120,LOB-PA,"Live Oak Bancshares, Inc."
1932072,LOBO,LOBO TECHNOLOGIES LTD.
1840780,LOCL,Local Bounti Corporation/DE
1606366,LOCO,"El Pollo Loco Holdings, Inc."
1120970,LODE,Comstock Inc.
2064307,LOGC,ContextLogic Holdings Inc.
1032975,LOGI,LOGITECH INTERNATIONAL S.A.
1711375,LOMA,Loma Negra Compania Industrial Argentina Sociedad Anonima
1509397,LOMLF,Lion One Metals Ltd.
1620463,LONA,"LeonaBio, Inc."
1504678,LOOP,"Loop Industries, Inc."
1434588,LOPE,"Grand Canyon Education, Inc."
1962746,LOT,Lotus Technology Inc.
2041918,LOTMY,Lottomatica Group S.p.A./ADR
1568969,LOTT,Techlott Inc.
1962746,LOTWW,Lotus Technology Inc.
1701758,LOVE,Lovesac Co
60667,LOW,LOWES COMPANIES INC
1997711,LPA,Logistic Properties of the Americas
2015502,LPAA,Launch One Acquisition Corp.
2015502,LPAAU,Launch One Acquisition Corp.
2015502,LPAAW,Launch One Acquisition Corp.
2023676,LPBB,Launch Two Acquisition Corp.
2023676,LPBBU,Launch Two Acquisition Corp.
2023676,LPBBW,Launch Two Acquisition Corp.
2023870,LPCHY,Lapco Holdings Limited/ADR
1535955,LPCN,Lipocine Inc.
2083728,LPCV,Launchpad Cadenza Acquisition Corp I
2083728,LPCVU,Launchpad Cadenza Acquisition Corp I
2083728,LPCVW,Launchpad Cadenza Acquisition Corp I
1596993,LPG,DORIAN LPG LTD.
2068440,LPGCY,Laopu Gold Co. Ltd./ADR
1290109,LPL,"LG Display Co., Ltd."
1397911,LPLA,LPL Financial Holdings Inc.
1806201,LPRO,Open Lending Corp
1472466,LPSIF,LEGEND POWER SYSTEMS INC.
1102993,LPSN,LIVEPERSON INC
889971,LPTH,LIGHTPATH TECHNOLOGIES INC
60519,LPX,LOUISIANA-PACIFIC CORP
1819576,LQDA,Liquidia Corp
1235468,LQDT,LIQUIDITY SERVICES INC
1141240,LQMT,LIQUIDMETAL TECHNOLOGIES INC
707549,LRCX,LAM RESEARCH CORP
1442492,LRDC,"Laredo Oil, Inc."
1888980,LRE,"LEAD REAL ESTATE CO., LTD"
1879403,LRHC,La Rosa Holdings Corp.
1374690,LRMR,"Larimar Therapeutics, Inc."
1157408,LRN,"Stride, Inc."
1992500,LRRIF,Lion Rock Resources Inc.
2029970,LRVIY,"Laboratorios Farmaceuticos Rovi, S.A./ADR"
1041514,LSAK,LESAKA TECHNOLOGIES INC
2075589,LSBA,Law's Business Group Holding Ltd
1946399,LSBCF,"LakeShore Biopharma Co., Ltd."
2059653,LSBK,"Lake Shore Bancorp, Inc. /MD/"
855658,LSCC,LATTICE SEMICONDUCTOR CORP
1985139,LSE,"Leishen Energy Holding Co., Ltd."
1842726,LSEGY,London Stock Exchange Group plc
1650696,LSF,"Laird Superfood, Inc."
1996192,LSH,Lakeside Holding Ltd
2063675,LSHGY,Louis Hachette Group/ADR
1823306,LSPD,Lightspeed Commerce Inc.
320017,LSTA,"LISATA THERAPEUTICS, INC."
853816,LSTR,LANDSTAR SYSTEM INC
2115899,LTAFF,Lithium Africa Corp.
1496254,LTAFX,Alternative Strategies Income Fund
1084554,LTBR,LIGHTBRIDGE Corp
887905,LTC,LTC PROPERTIES INC
1496254,LTCFX,Alternative Strategies Income Fund
1826000,LTCH,"Latch, Inc."
1732406,LTCN,Grayscale Litecoin Trust (LTC)
1569963,LTGHY,Life Healthcare Group Holdings Limited/ADR
2104177,LTGR,Long Table Growth Corp.
2104177,LTGRU,Long Table Growth Corp.
1869198,LTH,"Life Time Group Holdings, Inc."
1364252,LTHIF,InZinc Mining Ltd.
1047716,LTM,LATAM AIRLINES GROUP S.A.
1763950,LTRN,Lantern Pharma Inc.
1114925,LTRX,LANTRONIX INC
1673481,LTRYW,Sports Entertainment Gaming Global Corp
1415332,LTUM,Lithium Corp
1816007,LU,Lufax Holding Ltd
1799011,LUCD,Lucid Diagnostics Inc.
1840572,LUCK,Lucky Strike Entertainment Corp
1808377,LUCY,Innovative Eyewear Inc
1808377,LUCYW,Innovative Eyewear Inc
1984124,LUD,Luda Technology Group Ltd
1960262,LUDG,"LUDWIG ENTERPRISES, INC."
1397187,LULU,lululemon athletica inc.
18926,LUMN,"Lumen Technologies, Inc."
1127537,LUNG,Pulmonx Corp
1844452,LUNR,"Intuitive Machines, Inc."
92380,LUV,SOUTHWEST AIRLINES CO
1374567,LUVU,"Luvu Brands, Inc."
1831907,LUXE,LuxExperience B.V.
1780201,LVLU,"Lulu's Fashion Lounge Holdings, Inc."
1491419,LVO,"LiveOne, Inc."
1168981,LVRLF,CordovaCann Corp.
1300514,LVS,LAS VEGAS SANDS CORP
1898795,LVWR,"LiveWire Group, Inc."
1898795,LVWR-WT,"LiveWire Group, Inc."
1679273,LW,"Lamb Weston Holdings, Inc."
2061379,LWAC,LightWave Acquisition Corp.
2061379,LWACU,LightWave Acquisition Corp.
2061379,LWACW,LightWave Acquisition Corp.
814586,LWAY,"Lifeway Foods, Inc."
1325964,LWLG,"Lightwave Logic, Inc."
1708259,LX,LexinFintech Holdings Ltd.
1814067,LXEH,Lixiang Education Holding Co. Ltd.
1907108,LXEO,"Lexeo Therapeutics, Inc."
1096056,LXFR,LUXFER HOLDINGS PLC
910108,LXP,LXP Industrial Trust
910108,LXP-PC,LXP Industrial Trust
1062822,LXRX,"LEXICON PHARMACEUTICALS, INC."
60714,LXU,"LSB INDUSTRIES, INC."
1489393,LYB,LyondellBasell Industries N.V.
1806952,LYEL,"Lyell Immunopharma, Inc."
1759509,LYFT,"Lyft, Inc."
1160106,LYG,Lloyds Banking Group plc
1327273,LYRA,"Lyra Therapeutics, Inc."
1816319,LYTHF,Lytus Technologies Holdings PTV. Ltd.
763532,LYTS,LSI INDUSTRIES INC
1335258,LYV,"Live Nation Entertainment, Inc."
1286139,LZ,"LEGALZOOM.COM, INC."
57131,LZB,LA-Z-BOY INC
1958217,LZM,Lifezone Metals Ltd
1958217,LZM-WT,Lifezone Metals Ltd
1967397,LZMH,LZ Technology Holdings Ltd
794367,M,"Macy's, Inc."
1141391,MA,Mastercard Inc
912595,MAA,MID AMERICA APARTMENT COMMUNITIES INC.
912595,MAA-PI,MID AMERICA APARTMENT COMMUNITIES INC.
912595,MAAI,MID AMERICA APARTMENT COMMUNITIES INC.
1750264,MAAS,Maase Inc.
912242,MAC,MACERICH CO
2016221,MACI,Melar Acquisition Corp. I/Cayman
2016221,MACIU,Melar Acquisition Corp. I/Cayman
2016221,MACIW,Melar Acquisition Corp. I/Cayman
1052354,MADL,MAN AHL DIVERSIFIED I LP
1515317,MAGE,MAGELLAN COPPER & GOLD Corp
2046117,MAGH,Magnitude International Ltd
41719,MAGN,Magnera Corp
1878313,MAIA,"MAIA Biotechnology, Inc."
1396440,MAIN,Main Street Capital CORP
2098430,MAIR,Madison Air Solutions Corp
1492448,MAJI,Nextel Medical Corp.
1784930,MAKO,Mako Mining Corp.
1309251,MALG,MICROALLIANCE GROUP INC.
1520358,MAMA,"Mama's Creations, Inc."
2008007,MAMK,MaxsMaking Inc.
1952853,MAMO,Massimo Group
871763,MAN,ManpowerGroup Inc.
1852023,MANA,Grayscale Decentraland Trust (MANA)
1827635,MANE,"Veradermics, Inc"
1056696,MANH,MANHATTAN ASSOCIATES INC
1549107,MANU,Manchester United plc
1493130,MAPPF,PROSTAR HOLDINGS INC. /BC
1779474,MAPS,"WM TECHNOLOGY, INC."
1048286,MAR,MARRIOTT INTERNATIONAL INC /MD/
1507605,MARA,"MARA Holdings, Inc."
2087064,MARH,Starrygazey Inc.
62362,MARPS,MARINE PETROLEUM TRUST
62996,MAS,MASCO CORP /DE/
1993097,MASK,3 E Network Technology Group Ltd
1555279,MASS,908 Devices Inc.
63276,MAT,MATTEL INC /DE/
1682241,MATH,Metalpha Technology Holding Ltd
1000623,MATV,"Mativ Holdings, Inc."
63296,MATW,MATTHEWS INTERNATIONAL CORP
3453,MATX,"Matson, Inc."
1830918,MAUTF,Montage Gold Corp.
1905688,MAUUF,AERO ENERGY Ltd
1818383,MAX,"MediaAlpha, Inc."
1796898,MAXNQ,"Maxeon Solar Technologies, Ltd."
54187,MAYS,MAYS J W INC
1842295,MAZE,"Maze Therapeutics, Inc."
2027265,MB,MASTERBEEF GROUP
1610590,MBAI,Check-Cap Ltd
2016072,MBAV,M3-Brigade Acquisition V Corp.
2016072,MBAVU,M3-Brigade Acquisition V Corp.
2016072,MBAVW,M3-Brigade Acquisition V Corp.
1835385,MBBC,"Marathon Bancorp, Inc. /MD/"
1941365,MBC,"MasterBrand, Inc."
67088,MBFJF,MITSUBISHI UFJ FINANCIAL GROUP INC
2090312,MBGL,Mobility Global Inc.
814585,MBI,MBIA INC
1629019,MBIN,Merchants Bancorp
1629019,MBINL,Merchants Bancorp
1629019,MBINM,Merchants Bancorp
1629019,MBINN,Merchants Bancorp
1680048,MBIO,"MUSTANG BIO, INC."
1910139,MBLY,Mobileye Global Inc.
1000209,MBNKO,MEDALLION FINANCIAL CORP
883975,MBOT,Microbot Medical Inc.
1496919,MBRFY,MARFRIG GLOBAL FOODS S.A.
1659617,MBRX,"Moleculin Biotech, Inc."
2079706,MBSHY,"Mitsubishi Gas Chemical Company, Inc./ADR"
1590976,MBUU,"MALIBU BOATS, INC."
2073928,MBVI,M3-Brigade Acquisition VI Corp.
2073928,MBVIU,M3-Brigade Acquisition VI Corp.
2073928,MBVIW,M3-Brigade Acquisition VI Corp.
1042729,MBWM,MERCANTILE BANK CORP
1776111,MBX,"MBX Biosciences, Inc."
1596967,MC,Moelis & Co
1859035,MCAG,Mountain Crest Acquisition Corp. V
2109876,MCAH,Mountain Crest Acquisition 6 Corp.
2109876,MCAHR,Mountain Crest Acquisition 6 Corp.
2109876,MCAHU,Mountain Crest Acquisition 6 Corp.
1476034,MCB,Metropolitan Bank Holding Corp.
1747068,MCBS,"MetroCity Bankshares, Inc."
63908,MCD,MCDONALDS CORP
2131882,MCFN,"McCarthy Finney, Inc."
1638290,MCFT,"MasterCraft Boat Holdings, Inc."
2064658,MCGA,Yorkville Acquisition Corp.
2064658,MCGAU,Yorkville Acquisition Corp.
2064658,MCGAW,Yorkville Acquisition Corp.
1518715,MCHB,Mechanics Bancorp
827054,MCHP,MICROCHIP TECHNOLOGY INC
827054,MCHPP,MICROCHIP TECHNOLOGY INC
1224133,MCHX,MARCHEX INC
275694,MCI,BARINGS CORPORATE INVESTORS
927653,MCK,MCKESSON CORP
1289868,MCN,XAI Madison Equity Premium Income Fund
1059556,MCO,MOODYS CORP /DE/
1788841,MCOM,micromobility.com Inc.
1609809,MCRB,"Seres Therapeutics, Inc."
907242,MCRI,MONARCH CASINO & RESORT INC
1993431,MCRP,Micropolis AI Robotics
62234,MCS,MARCUS CORP
2035992,MCTA,Charming Medical Ltd
1133519,MCUJF,MEDICURE INC
64996,MCY,MERCURY GENERAL CORP
893949,MD,"Pediatrix Medical Group, Inc."
1857047,MDA,MDA Space Ltd.
1833498,MDAI,"Spectral AI, Inc."
1833498,MDAIW,"Spectral AI, Inc."
2091521,MDAT,Web3Labs Global Inc.
1441816,MDB,"MongoDB, Inc."
1934642,MDBH,"MDB Capital Holdings, LLC"
1404593,MDCE,Medical Care Technologies Inc.
2094100,MDCOY,PT Medco Energi Internasional Tbk/ADR
1997296,MDCX,Medicus Pharma Ltd.
1997296,MDCXW,Medicus Pharma Ltd.
2038958,MDDTY,Mandatum Oyj/ADR
1157601,MDGL,"MADRIGAL PHARMACEUTICALS, INC."
1784254,MDIA,Mediaco Holding Inc.
2098332,MDKGY,Merdeka Gold Resources Tbk PT/ADR
1611046,MDLK,ModuLink Inc.
2046386,MDLN,Medline Inc.
1103982,MDLZ,"Mondelez International, Inc."
1807983,MDNAF,Medicenna Therapeutics Corp.
1931055,MDNC,Medinotec Inc.
1654595,MDRR,"Medalist Diversified, Inc."
1613103,MDT,Medtronic plc
67716,MDU,MDU RESOURCES GROUP INC
1645873,MDV,"MODIV INDUSTRIAL, INC."
1645873,MDV-PA,"MODIV INDUSTRIAL, INC."
1593984,MDWD,MediWound Ltd.
1295514,MDWK,"MDWerks, Inc."
1376339,MDXG,"MIMEDX GROUP, INC."
1872529,MDXH,MDxHealth SA
936958,MDY,SPDR S&P MIDCAP 400 ETF TRUST
1766368,MEC,"Mayville Engineering Company, Inc."
1945166,MECPF,MUSTANG ENERGY CORP.
910329,MED,MEDIFAST INC
1668397,MEDP,"Medpace Holdings, Inc."
1855066,MEGI,NYLI CBRE Global Infrastructure Megatrends Term Fund
1881472,MEGL,Magic Empire Global Ltd
1837254,MEHA,Functional Brands Inc.
65270,MEI,METHODE ELECTRONICS INC
1099590,MELI,MERCADOLIBRE INC
1954488,MENS,Jyong Biotech Ltd.
886977,MEOH,METHANEX CORP
70858,MER-PK,BANK OF AMERICA CORP /DE/
1333274,MERC,MERCER INTERNATIONAL INC.
2081468,MESH,Meshflow Acquisition Corp
2081468,MESHU,Meshflow Acquisition Corp
2081468,MESHW,Meshflow Acquisition Corp
1345099,MESO,MESOBLAST LTD
1099219,MET,METLIFE INC
1099219,MET-PA,METLIFE INC
1099219,MET-PE,METLIFE INC
1099219,MET-PF,METLIFE INC
1326801,META,"Meta Platforms, Inc."
1687187,METC,"Ramaco Resources, Inc."
1687187,METCB,"Ramaco Resources, Inc."
1687187,METCI,"Ramaco Resources, Inc."
1687187,METCZ,"Ramaco Resources, Inc."
2073643,METRY,METRO INC./ADR
2087361,MEVO,M Evo Global Acquisition Corp II
2087361,MEVOU,M Evo Global Acquisition Corp II
2087361,MEVOW,M Evo Global Acquisition Corp II
1055160,MFA,"MFA FINANCIAL, INC."
1055160,MFA-PB,"MFA FINANCIAL, INC."
1055160,MFA-PC,"MFA FINANCIAL, INC."
1055160,MFAN,"MFA FINANCIAL, INC."
1055160,MFAO,"MFA FINANCIAL, INC."
2024899,MFBI,"Monroe Federal Bancorp, Inc."
1086888,MFC,MANULIFE FINANCIAL CORP
1335730,MFG,MIZUHO FINANCIAL GROUP INC
1940941,MFI,mF International Ltd
1278752,MFIC,MidCap Financial Investment Corp
1278752,MFICL,MidCap Financial Investment Corp
1000209,MFIN,MEDALLION FINANCIAL CORP
801961,MFM,ABERDEEN MUNICIPAL INCOME FUND
1447380,MFON,MOBIVITY HOLDINGS CORP.
2088281,MFP,"Midera Food Processing, Inc."
2088281,MFPVV,"Midera Food Processing, Inc."
1436126,MG,"Mistras Group, Inc."
749098,MGA,MAGNA INTERNATIONAL INC
1886362,MGAM,"Mobile Global Esports, Inc."
2039784,MGCLY,"Midea Group Co., Ltd./ADR"
1161728,MGEE,MGE ENERGY INC
811922,MGF,MFS GOVERNMENT MARKETS INCOME TRUST
1903995,MGIH,Millennium Group International Holdings Ltd
1005101,MGLD,"Marygold Companies, Inc."
789570,MGM,MGM Resorts International
1965615,MGMNF,MAGNA MINING INC.
1995075,MGN,Megan Holdings Ltd.
1949864,MGNC,Mag Magna Corp
1595974,MGNI,"MAGNITE, INC."
2033615,MGNO,"Magnolia Bancorp, Inc."
1125345,MGNX,MACROGENICS INC
835011,MGPI,MGP INGREDIENTS INC
1004434,MGR,"AFFILIATED MANAGERS GROUP, INC."
1004434,MGRB,"AFFILIATED MANAGERS GROUP, INC."
752714,MGRC,MCGRATH RENTCORP
1004434,MGRD,"AFFILIATED MANAGERS GROUP, INC."
1004434,MGRE,"AFFILIATED MANAGERS GROUP, INC."
2033377,MGRT,Mega Fortune Co Ltd
1938046,MGRX,"MANGOCEUTICALS, INC."
1965052,MGTE,Marblegate Capital Corp
1001601,MGTI,"MGT CAPITAL INVESTMENTS, INC."
1735438,MGTX,MeiraGTx Holdings plc
1785279,MGX,"Metagenomi Therapeutics, Inc."
1698990,MGY,Magnolia Oil & Gas Corp
1337068,MGYR,"Magyar Bancorp, Inc."
1951070,MH,"McGraw Hill, Inc."
1034665,MHD,"BLACKROCK MUNIHOLDINGS FUND, INC."
830487,MHF,WESTERN ASSET MUNICIPAL HIGH INCOME FUND INC.
1437226,MHH,"Mastech Digital, Inc."
851968,MHK,MOHAWK INDUSTRIES INC
1412100,MHLA,"Maiden Holdings, Ltd."
1412100,MHNC,"Maiden Holdings, Ltd."
799292,MHO,"M/I HOMES, INC."
1835615,MHUAF,"Meihua International Medical Technologies Co., Ltd."
1869137,MHUBF,MineHub Technologies Inc.
1958713,MI,NFT Ltd
2136530,MIAC,Meridian3 Industrials Acquisition Corp
2136530,MIACU,Meridian3 Industrials Acquisition Corp
1438472,MIAX,"MIAMI INTERNATIONAL HOLDINGS, INC."
2071668,MICC,Magnum Ice Cream Co N.V.
769520,MIDD,MIDDLEBY Corp
769520,MIDDV,MIDDLEBY Corp
1866460,MILIF,Military Metals Corp.
1920576,MIMDF,MiMedia Holdings Inc.
1998560,MIMI,Mint Inc Ltd
826735,MIN,MFS INTERMEDIATE INCOME TRUST
1034983,MINBY,MINEBEA MITSUMI Inc.
926423,MIND,"MIND TECHNOLOGY, INC"
1823255,MINE,MAYFAIR GOLD CORP.
1809987,MIR,"Mirion Technologies, Inc."
1904286,MIRA,"MIRA PHARMACEUTICALS, INC."
1759425,MIRM,"Mirum Pharmaceuticals, Inc."
1408443,MIST,Milestone Pharmaceuticals Inc.
802257,MITI,"Mitesco, Inc."
807863,MITK,MITEK SYSTEMS INC
1514281,MITN,"TPG Mortgage Investment Trust, Inc."
1514281,MITP,"TPG Mortgage Investment Trust, Inc."
1770236,MITQ,MOVING iMAGE TECHNOLOGIES INC.
1514281,MITT,"TPG Mortgage Investment Trust, Inc."
1514281,MITT-PA,"TPG Mortgage Investment Trust, Inc."
1514281,MITT-PB,"TPG Mortgage Investment Trust, Inc."
1514281,MITT-PC,"TPG Mortgage Investment Trust, Inc."
890393,MIY,"BLACKROCK MUNIYIELD MICHIGAN QUALITY FUND, INC."
2052373,MKAR,Mkango Rare Earths Ltd
63754,MKC,MCCORMICK & CO INC
63754,MKC-V,MCCORMICK & CO INC
1991332,MKDW,MKDWELL Tech Inc.
1991332,MKDWW,MKDWELL Tech Inc.
1096343,MKL,MARKEL GROUP INC.
2067592,MKLY,McKinley Acquisition Corp
2067592,MKLYR,McKinley Acquisition Corp
2067592,MKLYU,McKinley Acquisition Corp
1049502,MKSI,MKS INC
1805651,MKTW,"MARKETWISE, INC."
1278021,MKTX,MARKETAXESS HOLDINGS INC
1550913,MKZR,"MacKenzie Realty Capital, Inc."
2094265,MLAA,Mountain Lake Acquisition Corp. II
2094265,MLAAU,Mountain Lake Acquisition Corp. II
2094265,MLAAW,Mountain Lake Acquisition Corp. II
724004,MLAB,MESA LABORATORIES INC /CO/
2051820,MLCI,Mount Logan Capital Inc.
2051820,MLCIL,Mount Logan Capital Inc.
1381640,MLCO,Melco Resorts & Entertainment LTD
1937737,MLEC,Moolec Science SA
1937737,MLECW,Moolec Science SA
1800392,MLGO,MicroAlgo Inc.
89439,MLI,MUELLER INDUSTRIES INC
2080003,MLIZY,MELIUZ S.A.
66382,MLKN,"MILLERKNOLL, INC."
916076,MLM,MARTIN MARIETTA MATERIALS INC
1099234,MLMC,"FrankSpeech Network, Inc."
63330,MLP,MAUI LAND & PINEAPPLE CO INC
1114446,MLPB,UBS AG
1114446,MLPR,UBS AG
924822,MLR,MILLER INDUSTRIES INC /TN/
855683,MLSS,MILESTONE SCIENTIFIC INC.
1821586,MLTX,MoonLake Immunotherapeutics
1933414,MLYS,"Mineralys Therapeutics, Inc."
1981519,MMA,MIXED MARTIAL ARTS GROUP LTD
1879293,MMCP,"Mag Mile Capital, Inc."
1518557,MMD,NYLI MacKay DefinedTerm Muni Opportunities Fund
2062583,MMED,"MiniMed Group, Inc."
1440799,MMEX,MMEX Resources Corp
1578732,MMI,"Marcus & Millichap, Inc."
1176334,MMLP,MARTIN MIDSTREAM PARTNERS L.P.
66740,MMM,3M CO
1032220,MMS,"MAXIMUS, INC."
856982,MMSI,MERIT MEDICAL SYSTEMS INC
809173,MMT,ABERDEEN MULTI-MARKET INCOME FUND
1085921,MMTIF,MICROMEM TECHNOLOGIES INC
66496,MMTRS,MILLS MUSIC TRUST
2077033,MMTX,Miluna Acquisition Corp
2077033,MMTXU,Miluna Acquisition Corp
2077033,MMTXW,Miluna Acquisition Corp
886043,MMU,WESTERN ASSET MANAGED MUNICIPALS FUND INC.
2109556,MMXGY,Minimax Group Inc./ADR
1495153,MMYT,MakeMyTrip Ltd
1119083,MNDO,MIND CTI LTD
1976695,MNDR,Mobile-health Network Solutions
1845338,MNDY,monday.com Ltd.
899460,MNKD,MANNKIND CORP
1226616,MNOV,MEDICINOVA INC
1645469,MNPR,Monopar Therapeutics
1980088,MNR,MACH NATURAL RESOURCES LP
876427,MNRO,"MONRO, INC."
1693577,MNSB,"MainStreet Bancshares, Inc."
1693577,MNSBP,"MainStreet Bancshares, Inc."
1584297,MNSKY,MoneySupermarket.com Group PLC/ADR
1815846,MNSO,MINISO Group Holding Ltd
865752,MNST,Monster Beverage Corp
2123346,MNTGY,"Montage Technology Co., Ltd./ADR"
1826600,MNTK,"Montauk Renewables, Inc."
1891027,MNTN,"MNTN, Inc."
1599117,MNTR,"Mentor Capital, Inc."
1781162,MNTS,Momentus Inc.
1781162,MNTSW,Momentus Inc.
1974044,MNY,MoneyHero Ltd
2131961,MNYCY,Manycore Tech Inc./ADR
1974044,MNYWW,MoneyHero Ltd
2062807,MNZLY,Mercury NZ Ltd./ADR
764180,MO,"ALTRIA GROUP, INC."
1898643,MOB,Mobilicom Ltd
1898643,MOBBW,Mobilicom Ltd
1489993,MOBI,"Mobia Medical, Inc."
1084267,MOBQ,"Mobiquity Technologies, Inc."
1855467,MOBX,"MOBIX LABS, INC"
1855467,MOBXW,"MOBIX LABS, INC"
67347,MOD,MODINE MANUFACTURING CO
1074871,MODD,"Modular Medical, Inc."
67887,MOG-A,MOOG INC.
67887,MOG-B,MOOG INC.
2011589,MOGMF,Mogotes Metals Inc.
1743971,MOGU,MOGU Inc.
1179929,MOH,"MOLINA HEALTHCARE, INC."
1414953,MOJO,EQUATOR Beverage Co
1745114,MOLN,MOLECULAR PARTNERS AG
1610601,MOMO,Hello Group Inc.
1289419,MORN,"Morningstar, Inc."
1285785,MOS,MOSAIC CO
2099681,MOT,MetaOptics Ltd
72573,MOV,MOVADO GROUP INC
1734750,MOVE,"Corvex, Inc."
1801368,MP,MP Materials Corp. / DE
891038,MPA,BLACKROCK MUNIYIELD PENNSYLVANIA QUALITY FUND
918251,MPAA,MOTORCAR PARTS OF AMERICA INC
879635,MPB,MID PENN BANCORP INC
1510295,MPC,Marathon Petroleum Corp
2100603,MPJPY,Metaplanet Inc.
1770069,MPLT,"MapLight Therapeutics, Inc."
1552000,MPLX,MPLX LP
1287865,MPT,MEDICAL PROPERTIES TRUST INC
1902314,MPTI,"M-tron Industries, Inc."
1953021,MPU,Mega Matrix Inc
831655,MPV,BARINGS PARTICIPATION INVESTORS
1280452,MPWR,MONOLITHIC POWER SYSTEMS INC
1522540,MQ,"Marqeta, Inc."
890196,MQY,"BLACKROCK MUNIYIELD QUALITY FUND, INC."
1844392,MRAI,"Marpai, Inc."
1438423,MRAM,EVERSPIN TECHNOLOGIES INC.
1750735,MRBK,Meridian Corp
2106436,MRCO,Mercator Acquisition Corp.
2106436,MRCOU,Mercator Acquisition Corp.
1049521,MRCY,MERCURY SYSTEMS INC
1437925,MRDN,Meridian Holdings Inc./NV
2063417,MREGY,Meridian Energy Ltd/ADR
1719714,MREO,Mereo BioPharma Group plc
310158,MRK,"Merck & Co., Inc."
1094038,MRKR,"Marker Therapeutics, Inc."
2028707,MRLN,"Merlin, Inc."
1819704,MRM,Medirom Healthcare Technologies Inc.
1522767,MRMD,MARIMED INC.
1682852,MRNA,"Moderna, Inc."
1988776,MRNO,Murano Global Investments Plc
1988776,MRNOW,Murano Global Investments Plc
1516535,MROSY,Melrose Industries Plc/ADR
2017206,MRP,"Millrose Properties, Inc."
1143994,MRPT,MACREPORT NET INC
1839886,MRRDF,Meridian Mining UK Societas
62709,MRSH,"MARSH & MCLENNAN COMPANIES, INC."
1852767,MRT,"Marti Technologies, Inc."
799167,MRTN,MARTEN TRANSPORT LTD
2093667,MRUWY,"Maruwa Co., Ltd./ADR"
1823239,MRVI,"MARAVAI LIFESCIENCES HOLDINGS, INC."
1835632,MRVL,"Marvell Technology, Inc."
1997464,MRX,Marex Group Ltd
895421,MS,MORGAN STANLEY
895421,MS-PA,MORGAN STANLEY
895421,MS-PE,MORGAN STANLEY
895421,MS-PF,MORGAN STANLEY
895421,MS-PI,MORGAN STANLEY
895421,MS-PK,MORGAN STANLEY
895421,MS-PL,MORGAN STANLEY
895421,MS-PO,MORGAN STANLEY
895421,MS-PP,MORGAN STANLEY
895421,MS-PQ,MORGAN STANLEY
66570,MSA,MSA Safety Inc
1863990,MSAI,"MultiSensor AI Holdings, Inc."
1863990,MSAIW,"MultiSensor AI Holdings, Inc."
2099338,MSAV,MSAV Holdings Ltd
65172,MSB,MESABI TRUST
1967306,MSBB,"Mercer Bancorp, Inc."
1466026,MSBI,"Midland States Bancorp, Inc."
1466026,MSBIP,"Midland States Bancorp, Inc."
2103612,MSBT,Morgan Stanley Bitcoin Trust
1713334,MSC,STUDIO CITY INTERNATIONAL HOLDINGS Ltd
1408198,MSCI,MSCI Inc.
904112,MSD,MORGAN STANLEY EMERGING MARKETS DEBT FUND INC
1782524,MSDL,Morgan Stanley Direct Lending Fund
66004,MSEX,MIDDLESEX WATER CO
789019,MSFT,MICROSOFT CORP
1952073,MSGE,Madison Square Garden Entertainment Corp.
1821175,MSGM,Motorsport Games Inc.
1636519,MSGS,Madison Square Garden Sports Corp.
2020228,MSGY,Masonglory Ltd
2137634,MSH,MAO SHAN HUANG HOLDINGS Ltd
68505,MSI,"Motorola Solutions, Inc."
1535778,MSIF,"MSC INCOME FUND, INC."
1421642,MSLE,Satellos Bioscience Inc.
1003078,MSM,MSC INDUSTRIAL DIRECT CO INC
32621,MSN,EMERSON RADIO CORP
1802450,MSPR,"MSP Recovery, Inc."
1892292,MSS,Maison Solutions Inc.
1882464,MSSAF,Metal Sky Star Acquisition Corp
2087844,MSSHY,Mitsui-Soko Holdings Co Limited/ADR
1050446,MSTR,Strategy Inc
1956166,MSW,Ming Shing Group Holdings Ltd
1693687,MSYND,GREENLIT VENTURES INC.
1243429,MT,ArcelorMittal
1722606,MTA,Metalla Royalty & Streaming Ltd.
2133136,MTAK,Market Technology Acquisition Corp
2107724,MTAL,Metals Acquisition Corp. II
2107724,MTAL-UN,Metals Acquisition Corp. II
2107724,MTAL-WT,Metals Acquisition Corp. II
36270,MTB,M&T BANK CORP
36270,MTB-PH,M&T BANK CORP
36270,MTB-PJ,M&T BANK CORP
36270,MTB-PK,M&T BANK CORP
1742518,MTC,"MMTEC, INC."
891103,MTCH,"Match Group, Inc."
1037646,MTD,METTLER TOLEDO INTERNATIONAL INC/
1520006,MTDR,Matador Resources Co
1872964,MTEK,Maris Tech Ltd.
1872964,MTEKW,Maris Tech Ltd.
1948099,MTEN,Mingteng International Corp Inc.
1056358,MTEX,MANNATECH INC
876437,MTG,MGIC INVESTMENT CORP
2128448,MTGLY,Mininglamp Technology Group Limited/ADR
833079,MTH,Meritage Homes CORP
1098462,MTLK,METALINK LTD
2091028,MTLMY,Metallium Limited/ADR
1091223,MTLS,MATERIALISE NV
2090231,MTMTY,Metlen Energy & Metals PLC/ADR
812011,MTN,VAIL RESORTS INC
1582554,MTNB,"Matinas BioPharma Holdings, Inc."
2044817,MTNE,CH4 Natural Solutions Corp
2044817,MTNE-UN,CH4 Natural Solutions Corp
2044817,MTNE-WT,CH4 Natural Solutions Corp
313364,MTR,MESA ROYALTY TRUST/TX
1104657,MTRN,MATERION Corp
866273,MTRX,MATRIX SERVICE CO
1493594,MTSI,"MACOM Technology Solutions Holdings, Inc."
1999111,MTTAF,Meta Critical Minerals Inc.
1114446,MTUL,UBS AG
1598428,MTUS,Metallus Inc.
1638287,MTVA,MetaVia Inc.
61986,MTW,MANITOWOC CO INC
1753373,MTWO,"M2i Global, Inc."
891014,MTX,MINERALS TECHNOLOGIES INC
15615,MTZ,MASTEC INC
723125,MU,MICRON TECHNOLOGY INC
901243,MUA,"BLACKROCK MUNIASSETS FUND, INC."
1051004,MUC,"BLACKROCK MUNIHOLDINGS CALIFORNIA QUALITY FUND, INC."
67088,MUFG,MITSUBISHI UFJ FINANCIAL GROUP INC
1053988,MUJ,"BLACKROCK MUNIHOLDINGS NEW JERSEY QUALITY FUND, INC."
717423,MUR,MURPHY OIL CORP
1573516,MUSA,Murphy USA Inc.
314203,MUX,McEwen Inc.
2123524,MUYNY,Muyuan Foods Co. Ltd/ADR
2093484,MUZE,Muzero Acquisition Corp
2093484,MUZEU,Muzero Acquisition Corp
2093484,MUZEW,Muzero Acquisition Corp
1277902,MVBF,MVB FINANCIAL CORP
65770,MVIS,"MICROVISION, INC."
1439264,MVNC,Marvion Inc.
1371782,MVO,MV Oil Trust
1114446,MVRL,UBS AG
1760689,MVST,"Microvast Holdings, Inc."
1760689,MVSTW,"Microvast Holdings, Inc."
1350593,MWA,"Mueller Water Products, Inc."
1520118,MWAI,"MedWellAI, Inc."
2083526,MWC,"Micware Co., Ltd."
1941500,MWG,Multi Ways Holdings Ltd
2065636,MWH,"SOLV Energy, Inc."
2030522,MWYN,"Marwynn Holdings, Inc."
1325702,MX,MAGNACHIP SEMICONDUCTOR Corp
66418,MXC,MEXCO ENERGY CORP
1287098,MXCT,"MAXCYTE, INC."
863900,MXE,MEXICO EQUITY & INCOME FUND INC
65433,MXF,MEXICO FUND INC
1288469,MXL,"MAXLINEAR, INC"
2032399,MYCRY,Mycronic AB/ADR
69488,MYE,MYERS INDUSTRIES INC
1327607,MYFW,First Western Financial Inc
899923,MYGN,MYRIAD GENETICS INC
883412,MYI,"BLACKROCK MUNIYIELD QUALITY FUND III, INC."
882150,MYN,"BLACKROCK MUNIYIELD NEW YORK QUALITY FUND, INC."
1708441,MYND,"Mynd.ai, Inc."
1369290,MYO,"MYOMO, INC."
1823878,MYPS,"PLAYSTUDIOS, Inc."
700923,MYRG,MYR GROUP INC.
1648960,MYSE,"Myseum.AI, Inc."
1648960,MYSEW,"Myseum.AI, Inc."
1211805,MYSZ,"My Size, Inc."
2080087,MYX,Maywood Acquisition Corp. 2
2080087,MYXXR,Maywood Acquisition Corp. 2
2080087,MYXXU,Maywood Acquisition Corp. 2
2080087,MYXXW,Maywood Acquisition Corp. 2
57515,MZTI,MARZETTI CO
2097376,MZYX,MOZAYYX Acquisition Corp.
2097376,MZYX-UN,MOZAYYX Acquisition Corp.
2097376,MZYX-WT,MOZAYYX Acquisition Corp.
1872302,NA,Nano Labs Ltd
1712178,NAAS,NaaS Technology Inc.
1834488,NABL,"N-able, Inc."
1074952,NAC,Nuveen California Quality Municipal Income Fund
1083839,NAD,Nuveen Quality Municipal Income Fund
1409253,NAFS,"Havana Roasters Coffee Companies, Inc."
1386570,NAGE,"Niagen Bioscience, Inc."
787253,NAII,NATURAL ALTERNATIVES INTERNATIONAL INC
1164771,NAK,NORTHERN DYNASTY MINERALS LTD
1946573,NAKA,Nakamoto Inc.
1059689,NALG,North America Lithium & Gold Corp
1967631,NAMI,Jinxin Technology Holding Co
2026514,NAMM,Namib Minerals
2026514,NAMMW,Namib Minerals
1936258,NAMS,NewAmsterdam Pharma Co N.V.
1936258,NAMSW,NewAmsterdam Pharma Co N.V.
1074769,NAN,NUVEEN NEW YORK QUALITY MUNICIPAL INCOME FUND
2101833,NANO,ATII Holdings Inc.
2138186,NARA,"Narragansett Bancorp, Inc."
1000177,NAT,NORDIC AMERICAN TANKERS Ltd
69733,NATH,"NATHANS FAMOUS, INC."
1974138,NATL,NCR Atleos Corp
2096533,NATNF,Nation Gold Corp.
275053,NATR,NATURES SUNSHINE PRODUCTS INC
1808805,NAUT,"Nautilus Biotechnology, Inc."
1593538,NAVI,NAVIENT CORP
1639723,NAVN,"Navan, Inc."
892992,NAZ,NUVEEN ARIZONA QUALITY MUNICIPAL INCOME FUND
1512228,NB,NIOCORP DEVELOPMENTS LTD
1478888,NBB,Nuveen Taxable Municipal Income Fund
1979330,NBBK,"NB Bancorp, Inc."
1178839,NBH,NEUBERGER MUNICIPAL FUND INC.
1475841,NBHC,National Bank Holdings Corp
1513845,NBIS,Nebius Group N.V.
914475,NBIX,NEUROCRINE BIOSCIENCES INC
2093618,NBKBY,Noba Bank Group AG/ADR
1813419,NBLXF,Noble Plains Uranium Corp.
1725911,NBND,NetBrands Corp.
1778016,NBP,NovaBridge Biosciences
1163739,NBR,NABORS INDUSTRIES LTD
1918414,NBRG,Newbridge Acquisition Ltd
1918414,NBRGR,Newbridge Acquisition Ltd
1918414,NBRGU,Newbridge Acquisition Ltd
790359,NBTB,NBT BANCORP INC
1760854,NBTX,Nanobiotix S.A.
1843181,NBXG,Neuberger Next Generation Connectivity Fund Inc.
789933,NC,NACCO INDUSTRIES INC
818851,NCA,NUVEEN CALIFORNIA MUNICIPAL VALUE FUND
1627868,NCAUF,Newcore Gold Ltd.
1737924,NCDL,Nuveen Churchill Direct Lending Corp.
1783036,NCEL,NewcelX Ltd.
1968043,NCEW,New Century Logistics (BVI) Ltd
1916331,NCI,Neo-Concept International Group Holdings Ltd
2031069,NCIQ,Hashdex Nasdaq CME Crypto Index ETF
1923780,NCL,Northann Corp.
1513761,NCLH,Norwegian Cruise Line Holdings Ltd.
1801729,NCLTY,"Nitori Holdings Co., Ltd."
1377630,NCMI,"National CineMedia, Inc."
1709626,NCNA,NuCana plc
1902733,NCNO,"nCino, Inc."
2116230,NCO,Southern Cross Acquisition I Corp.
1414767,NCPL,Netcapital Inc.
1414767,NCPLW,Netcapital Inc.
1756180,NCRA,"NOCERA, INC."
1692427,NCSM,"NCS Multistage Holdings, Inc."
2018529,NCT,Intercont (Cayman) Ltd
1296774,NCTY,The9 LTD
1214935,NCV,Virtus Convertible & Income Fund
1214935,NCV-PA,Virtus Convertible & Income Fund
1227857,NCZ,Virtus Convertible & Income Fund II
1227857,NCZ-PA,Virtus Convertible & Income Fund II
1120193,NDAQ,"NASDAQ, INC."
1275158,NDLS,NOODLES & Co
1793129,NDMO,Nuveen Dynamic Municipal Opportunities Fund
1681682,NDRA,ENDRA Life Sciences Inc.
72331,NDSN,NORDSON CORP
1895262,NE,Noble Corp plc
1895262,NE-WT,Noble Corp plc
1895262,NE-WTA,Noble Corp plc
1195737,NEA,Nuveen AMT-Free Quality Municipal Income Fund
1847398,NECB,"NorthEast Community Bancorp, Inc./MD/"
753308,NEE,NEXTERA ENERGY INC
753308,NEE-PN,NEXTERA ENERGY INC
753308,NEE-PS,NEXTERA ENERGY INC
753308,NEE-PT,NEXTERA ENERGY INC
753308,NEE-PU,NEXTERA ENERGY INC
753308,NEE-PV,NEXTERA ENERGY INC
753308,NEE-PW,NEXTERA ENERGY INC
1474627,NEGG,"Newegg Commerce, Inc."
1164727,NEM,NEWMONT Corp /DE/
746514,NEN,NEW ENGLAND REALTY ASSOCIATES LIMITED PARTNERSHIP
1077183,NEO,NEOGENOMICS INC
711377,NEOG,NEOGEN CORP
87050,NEON,Neonode Inc.
1748137,NEOV,NeoVolta Inc.
1748137,NEOVW,NeoVolta Inc.
1196298,NEPH,NEPHROS INC
1598646,NERV,"Minerva Neurosciences, Inc."
1698514,NESR,National Energy Services Reunited Corp.
1477333,NET,"Cloudflare, Inc."
1282637,NEU,NEWMARKET CORP
2093976,NEUC,Neucleus Group Ltd
1191070,NEUP,Neuphoria Therapeutics Inc.
2065741,NEUT,Neutrans Inc.
1371128,NEWH,"NewHydrogen, Inc."
1369085,NEWP,NEW PACIFIC METALS CORP
1587987,NEWT,"NewtekOne, Inc."
1587987,NEWTG,"NewtekOne, Inc."
1587987,NEWTH,"NewtekOne, Inc."
1587987,NEWTI,"NewtekOne, Inc."
1587987,NEWTO,"NewtekOne, Inc."
1587987,NEWTP,"NewtekOne, Inc."
1713930,NEXA,Nexa Resources S.A.
1737270,NEXCF,Nextech3D.AI Corp.
1985406,NEXHY,"Nippon Express Holdings, Inc./ADR"
795800,NEXM,NexMetals Mining Corp.
1849396,NEXN,Nexxen International Ltd.
1885408,NEXR,Nexera Technologies Ltd
1885408,NEXRW,Nexera Technologies Ltd
1612720,NEXT,NextDecade Corp
1493225,NFBK,"Northfield Bancorp, Inc."
1749723,NFE,New Fortress Energy Inc.
70145,NFG,NATIONAL FUEL GAS CO
1840616,NFGC,New Found Gold Corp.
1260563,NFJ,"Virtus Dividend, Interest & Premium Strategy Fund"
1065280,NFLX,NETFLIX INC
1173420,NG,NOVAGOLD RESOURCES INC
1061040,NGCG,"New Generation Consumer Group, Inc."
2092248,NGCOY,"Nagase & Co., Ltd./ADR"
1751912,NGEN,NERVGEN PHARMA CORP.
1004315,NGG,NATIONAL GRID PLC
1504461,NGL,NGL Energy Partners LP
1504461,NGL-PB,NGL Energy Partners LP
1504461,NGL-PC,NGL Energy Partners LP
1605481,NGLD,Nevada Canyon Gold Corp.
1404644,NGNE,Neurogene Inc.
1084991,NGS,NATURAL GAS SERVICES GROUP INC
1593001,NGTF,"NightFood Holdings, Inc."
1547459,NGVC,"Natural Grocers by Vitamin Cottage, Inc."
1653477,NGVT,Ingevity Corp
2044153,NGXXF,NGEx Minerals Ltd.
1047335,NHC,NATIONAL HEALTHCARE CORP
1075822,NHFLF,NORTHFIELD CAPITAL CORP
877860,NHI,NATIONAL HEALTH INVESTORS INC
2043699,NHIC,NewHold Investment Corp. III
2043699,NHICU,NewHold Investment Corp. III
2043699,NHICW,NewHold Investment Corp. III
2099767,NHIV,NewHold Investment Corp IV
2099767,NHIVU,NewHold Investment Corp IV
2099767,NHIVW,NewHold Investment Corp IV
2087500,NHKSY,NHK Spring Co. Ltd/ADR
2060863,NHLTY,Nightingale Health Plc
1561032,NHP,"National Healthcare Properties, Inc."
1561032,NHPAP,"National Healthcare Properties, Inc."
1561032,NHPBP,"National Healthcare Properties, Inc."
1487610,NHS,Neuberger High Yield Strategies Fund Inc.
912061,NHTC,NATURAL HEALTH TRENDS CORP
1111711,NI,NISOURCE INC.
1174850,NIC,NICOLET BANKSHARES INC
1003935,NICE,NICE Ltd.
1736510,NICHX,Variant Alternative Income Fund
1526475,NICM,NICOLA MINING INC.
1383441,NIE,Virtus Equity & Convertible Income Fund
1084475,NIHK,"Video River Networks, Inc."
1145604,NIKA,"NIKA PHARMACEUTICALS, INC"
890119,NIM,NUVEEN SELECT MATURITIES MUNICIPAL FUND
720762,NIMU,NON INVASIVE MONITORING SYSTEMS INC /FL/
1532286,NINE,"Nine Energy Service, Inc."
1736541,NIO,NIO Inc.
1512228,NIOBW,NIOCORP DEVELOPMENTS LTD
1937453,NIOMF,First American Uranium Inc.
1966233,NIPG,NIP Group Inc.
2054696,NIQ,NIQ Global Intelligence plc
1744781,NIU,Niu Technologies
1981662,NIVF,NewGenIvf Group Ltd
1981662,NIVFW,NewGenIvf Group Ltd
1462223,NIXX,"Nixxy, Inc."
1462223,NIXXW,"Nixxy, Inc."
356309,NJR,NEW JERSEY RESOURCES CORP
320187,NKE,"NIKE, Inc."
1839154,NKGFF,Nevada King Gold Corp.
2067627,NKLR,Terra Innovatum Global N.V.
796534,NKSH,NATIONAL BANKSHARES INC
906709,NKTR,NEKTAR THERAPEUTICS
1787400,NKTX,"Nkarta, Inc."
1195738,NKX,NUVEEN CALIFORNIA AMT-FREE QUALITY MUNICIPAL INCOME FUND
72162,NL,NL INDUSTRIES INC
1854964,NLCP,"NewLake Capital Partners, Inc."
1952976,NLOP,Net Lease Office Properties
1282631,NLST,NETLIST INC
1043219,NLY,ANNALY CAPITAL MANAGEMENT INC
1043219,NLY-PF,ANNALY CAPITAL MANAGEMENT INC
1043219,NLY-PG,ANNALY CAPITAL MANAGEMENT INC
1043219,NLY-PI,ANNALY CAPITAL MANAGEMENT INC
1043219,NLY-PJ,ANNALY CAPITAL MANAGEMENT INC
1335105,NMAD,"LIXTE BIOTECHNOLOGY HOLDINGS, INC."
1861115,NMAI,Nuveen Multi-Asset Income Fund
2026478,NMAX,Newsmax Inc.
1774342,NMCO,Nuveen Municipal Credit Opportunities Fund
2003813,NMCPF,Nuvau Minerals Corp
1415744,NMEX,NORTHERN MINERALS & EXPLORATION LTD.
1496099,NMFC,New Mountain Finance Corp
1496099,NMFCZ,New Mountain Finance Corp
1649752,NMG,Nouveau Monde Graphite Inc.
1947861,NMHI,Nature's Miracle Holding Inc.
830271,NMI,NUVEEN MUNICIPAL INCOME FUND INC
1547903,NMIH,"NMI Holdings, Inc."
1562051,NML,Neuberger Energy Infrastructure & Income Fund Inc.
1415921,NMM,Navios Maritime Partners L.P.
2054876,NMP,NMP Acquisition Corp.
2054876,NMPAR,NMP Acquisition Corp.
2054876,NMPAU,NMP Acquisition Corp.
1163653,NMR,NOMURA HOLDINGS INC
1885522,NMRA,"Neumora Therapeutics, Inc."
1690680,NMRK,"NEWMARK GROUP, INC."
1607997,NMS,Nuveen Minnesota Quality Municipal Income Fund
897419,NMT,NUVEEN MASSACHUSETTS QUALITY MUNICIPAL INCOME FUND
1500198,NMTC,NEUROONE MEDICAL TECHNOLOGIES Corp
1266585,NMZ,NUVEEN MUNICIPAL HIGH INCOME OPPORTUNITY FUND
1865631,NN,NEXTNAV INC.
1132509,NNAX,New Momentum Corp.
918541,NNBR,NN INC
1643303,NNDM,Nano Dimension Ltd.
1923891,NNE,Nano Nuclear Energy Inc.
1258602,NNI,NELNET INC
751364,NNN,"NNN REIT, INC."
1982708,NNNN,Anbio Biotechnology
1795251,NNOX,Nano-X Imaging Ltd.
888981,NNUP,NOCOPI TECHNOLOGIES INC/MD/
1379006,NNVC,"NANOVIRICIDES, INC."
818850,NNY,NUVEEN NEW YORK MUNICIPAL VALUE FUND
1368519,NOA,North American Construction Group Ltd.
1499543,NOAH,NOAH HOLDINGS LTD
72205,NOBH,NOBILITY HOMES INC
1133421,NOC,NORTHROP GRUMMAN CORP /DE/
1681206,NODK,"NI Holdings, Inc."
1956648,NOEM,CO2 Energy Transition Corp.
1956648,NOEMR,CO2 Energy Transition Corp.
1956648,NOEMU,CO2 Energy Transition Corp.
1956648,NOEMW,CO2 Energy Transition Corp.
1104485,NOG,"NORTHERN OIL & GAS, INC."
924613,NOK,NOKIA CORP
924613,NOKBF,NOKIA CORP
1994214,NOMA,Nomadar Corp.
1651717,NOMD,Nomad Foods Ltd
353278,NONOF,NOVO NORDISK A S
1991188,NOPFF,Nevada Organic Phosphate Inc.
1011060,NORD,Nordicus Partners Corp
2135939,NORT,Norient Acquisition
1823466,NOTE,"FiscalNote Holdings, Inc."
720154,NOTVQ,"Inotiv, Inc."
1021860,NOV,NOV Inc.
1076930,NOVT,NOVANTA INC
1076930,NOVTU,NOVANTA INC
1373715,NOW,"ServiceNow, Inc."
2067129,NP,Neptune Insurance Holdings Inc.
2048948,NPAC,New Providence Acquisition Corp. III/Cayman
2048948,NPACU,New Providence Acquisition Corp. III/Cayman
2048948,NPACW,New Providence Acquisition Corp. III/Cayman
1336706,NPB,NORTHPOINTE BANCSHARES INC
1528287,NPCE,NeuroPace Inc
1835068,NPCT,Nuveen Core Plus Impact Fund
1865389,NPFD,Nuveen Variable Rate Preferred & Income Fund
2072389,NPIXY,Northland Power Inc./ADR
80172,NPK,NATIONAL PRESTO INDUSTRIES INC
71829,NPKI,NPK International Inc.
1164863,NPO,Enpro Inc.
1859022,NPRFF,Nepra Foods Inc.
2014337,NPT,Texxon Holding Ltd
897421,NPV,NUVEEN VIRGINIA QUALITY MUNICIPAL INCOME FUND
1845437,NPWR,NET Power Inc.
1845437,NPWR-WT,NET Power Inc.
70487,NRC,NRC HEALTH
1759546,NRDE,NU RIDE INC.
1625278,NRDS,"NERDWALLET, INC."
1819404,NRDY,Nerdy Inc.
1786248,NREF,"NexPoint Real Estate Finance, Inc."
1786248,NREF-PA,"NexPoint Real Estate Finance, Inc."
1013871,NRG,"NRG ENERGY, INC."
927971,NRGD,BANK OF MONTREAL /CAN/
2102593,NRGFF,AE Fuels Corp
927971,NRGU,BANK OF MONTREAL /CAN/
1828536,NRGV,"Energy Vault Holdings, Inc."
1680689,NRHI,"Natural Resource Holdings, Inc."
1163370,NRIM,NORTHRIM BANCORP INC
1603793,NRIS,"Norris Industries, Inc."
1549595,NRIX,"Nurix Therapeutics, Inc."
1195739,NRK,NUVEEN NEW YORK AMT-FREE QUALITY MUNICIPAL INCOME FUND
1261166,NRO,NEUBERGER REAL ESTATE SECURITIES INCOME FUND INC
709005,NROM,NOBLE ROMANS INC
1171486,NRP,NATURAL RESOURCE PARTNERS LP
1778940,NRRSF,Norsemont Mining Inc.
1680637,NRRWF,Nuran Wireless Inc.
1663712,NRSAX,NEXPOINT REAL ESTATE STRATEGIES FUND
1875091,NRSN,NeuroSense Therapeutics Ltd.
1875091,NRSNW,NeuroSense Therapeutics Ltd.
72633,NRT,NORTH EUROPEAN OIL ROYALTY TRUST
70502,NRUC,NATIONAL RURAL UTILITIES COOPERATIVE FINANCE CORP /DC/
1719406,NRXP,"NRX Pharmaceuticals, Inc."
1933567,NRXS,"Neuraxis, INC"
1618563,NSA,National Storage Affiliates Trust
1618563,NSA-PA,National Storage Affiliates Trust
1618563,NSA-PB,National Storage Affiliates Trust
702165,NSC,NORFOLK SOUTHERN CORP
1009922,NSFDF,NXT Energy Solutions Inc.
932696,NSIT,INSIGHT ENTERPRISES INC
1509470,NSLR,Neostellar Capital Corp.
1509470,NSLRL,Neostellar Capital Corp.
2027166,NSNFY,"Nissin Foods Holdings Co., Ltd./ADR"
1000753,NSP,"INSPERITY, INC."
1433607,NSPR,"InspireMD, Inc."
1302084,NSRCF,NextSource Materials Inc.
2029039,NSRX,Nasus Pharma Ltd
69633,NSSC,"NAPCO SECURITY TECHNOLOGIES, INC"
912544,NSTM,NovelStem International Corp.
1881592,NSTS,"NSTS Bancorp, Inc."
2002326,NSURF,North Shore Uranium Ltd.
722313,NSYS,NORTECH SYSTEMS INC
1002047,NTAP,"NetApp, Inc."
1653242,NTB,Bank of N.T. Butterfield & Son Ltd
1927578,NTCL,NetClass Technology Inc
2126620,NTCMY,Natura Cosmeticos S.A./ADR
1078075,NTCT,NETSCOUT SYSTEMS INC
1110646,NTES,"NetEase, Inc."
1122904,NTGR,"NETGEAR, INC."
1979414,NTHI,"NEONC TECHNOLOGIES HOLDINGS, INC."
875582,NTIC,NORTHERN TECHNOLOGIES INTERNATIONAL CORP
1065078,NTIP,"NETWORK-1 TECHNOLOGIES, INC."
1652130,NTLA,"Intellia Therapeutics, Inc."
2084296,NTMJ,Nintech Mould Factory Inc.
1618732,NTNX,"Nutanix, Inc."
829365,NTPIF,NAM TAI PROPERTY INC.
1725964,NTR,Nutrien Ltd.
1604821,NTRA,"Natera, Inc."
1676047,NTRB,NutriBand Inc.
1676047,NTRBW,NutriBand Inc.
788611,NTRP,"NextTrip, Inc."
1512886,NTRR,NEUTRA CORP.
73124,NTRS,NORTHERN TRUST CORP
73124,NTRSO,NORTHERN TRUST CORP
1363598,NTRX,"Entrex Carbon Market, Inc."
2063196,NTSK,Netskope Inc
1798100,NTST,NETSTREIT Corp.
769594,NTTYY,NIPPON TELEGRAPH & TELEPHONE CORP
1039280,NTWK,NETSOL TECHNOLOGIES INC
2028027,NTWO,Newbury Street II Acquisition Corp
2028027,NTWOU,Newbury Street II Acquisition Corp
2028027,NTWOW,Newbury Street II Acquisition Corp
900391,NTZ,NATUZZI S P A
1691493,NU,Nu Holdings Ltd.
2028336,NUAI,"New ERA Energy & Digital, Inc."
2028336,NUAIW,"New ERA Energy & Digital, Inc."
2089283,NUCL,Eagle Nuclear Energy Corp.
2089283,NUCLW,Eagle Nuclear Energy Corp.
73309,NUE,NUCOR CORP
1502758,NULGF,NuLegacy Gold Corp
1543637,NUMD,"Nu-Med Plus, Inc."
1021561,NUS,"NU SKIN ENTERPRISES, INC."
2006468,NUTR,NUSATRIP Inc
1479681,NUTX,Nutex Health Inc.
812801,NUV,NUVEEN MUNICIPAL VALUE FUND INC
1811063,NUVB,Nuvation Bio Inc.
1861560,NUVL,"Nuvalent, Inc."
71557,NUVR,"Nuvera Communications, Inc."
1450445,NUW,Nuveen AMT-Free Municipal Value Fund
1506492,NUWE,"Nuwellis, Inc."
1852551,NVA,Nova Minerals Corp
1852551,NVA-WT,Nova Minerals Corp
1000694,NVAX,NOVAVAX INC
1645113,NVCR,NovoCure Ltd
1875558,NVCT,"Nuvectis Pharma, Inc."
1045810,NVDA,NVIDIA CORP
724910,NVEC,NVE CORP /NEW/
1090116,NVG,Nuveen AMT-Free Municipal Credit Income Fund
1607807,NVGLF,NV Gold Corp
1581804,NVGS,Navigator Holdings Ltd.
1109345,NVMI,NOVA LTD.
1965143,NVNI,Nvni Group Ltd
1965143,NVNIW,Nvni Group Ltd
1661053,NVNO,enVVeno Medical Corp
1859795,NVNXF,NOVONIX Ltd
353278,NVO,NOVO NORDISK A S
906163,NVR,NVR INC
2104052,NVRI,Enviri Corp
1114448,NVS,NOVARTIS AG
1114448,NVSEF,NOVARTIS AG
1415758,NVSGF,Nevada Sunrise Metals Corp.
1757073,NVST,Envista Holdings Corp
1720635,NVT,nVent Electric plc
1821769,NVTS,Navitas Semiconductor Corp
1836875,NVVE,Nuvve Holding Corp.
1859795,NVX,NOVONIX Ltd
2074878,NWAX,New America Acquisition I Corp.
2074878,NWAX-UN,New America Acquisition I Corp.
2074878,NWAX-WT,New America Acquisition I Corp.
1471265,NWBI,"Northwest Bancshares, Inc."
1072379,NWBO,NORTHWEST BIOTHERAPEUTICS INC
2073913,NWCYY,North West Co Inc./ADR
1993004,NWE,"NorthWestern Energy Group, Inc."
1013272,NWFL,NORWOOD FINANCIAL CORP
844150,NWG,NatWest Group plc
1948294,NWGL,CL Workshop Group Ltd
814453,NWL,NEWELL BRANDS INC.
1733998,NWN,Northwest Natural Holding Co
1163389,NWPP,NEW PEOPLES BANKSHARES INC
1001385,NWPX,"NWPX Infrastructure, Inc."
1564708,NWS,NEWS CORP
1564708,NWSA,NEWS CORP
1449664,NWSGY,CTF Services Ltd
1934245,NWTG,"Newton Golf Company, Inc."
1423221,NX,Quanex Building Products CORP
2067767,NXB,NextBoat Inc.
1846069,NXDR,"Nextdoor Holdings, Inc."
1356115,NXDT,NEXPOINT DIVERSIFIED REAL ESTATE TRUST
1356115,NXDT-PA,NEXPOINT DIVERSIFIED REAL ESTATE TRUST
1698535,NXE,NexGen Energy Ltd.
1506488,NXG,NXG NextGen Infrastructure Income Fund
1468929,NXGL,"NEXGEL, INC."
1468929,NXGLW,"NEXGEL, INC."
1527352,NXL,"Nexalin Technology, Inc."
1976663,NXNT,"Nexscient, Inc."
883618,NXP,NUVEEN SELECT TAX FREE INCOME PORTFOLIO
1455632,NXPGY,Mobico Group PLC/ADR
1413447,NXPI,NXP Semiconductors N.V.
1058307,NXPL,NextPlat Corp
1620393,NXRT,"NexPoint Residential Trust, Inc."
1142417,NXST,"NEXSTAR MEDIA GROUP, INC."
1852131,NXT,Nextpower Inc.
1661059,NXTC,"NextCure, Inc."
1789192,NXTS,Nexentis Technologies Inc.
1784970,NXTT,Next Technology Holding Inc.
1817004,NXXT,"NEXTNRG, INC."
1901279,NYAX,Nayax Ltd.
2100835,NYB,NYB Holdings Ltd
1595527,NYC,American Strategic Investment Co.
1018735,NYMXF,NYMOX PHARMACEUTICAL CORP
71691,NYT,NEW YORK TIMES CO
1857190,NYXH,Nyxoah SA
1925511,NZAUF,Rua Gold Inc.
1509705,NZERF,New Zealand Energy Corp.
1137887,NZF,Nuveen Municipal Credit Income Fund
726728,O,REALTY INCOME CORP
1846253,OABI,"OmniAb, Inc."
1846253,OABIW,"OmniAb, Inc."
2029769,OACC,Oaktree Acquisition Corp. III Life Sciences
2029769,OACCU,Oaktree Acquisition Corp. III Life Sciences
2029769,OACCW,Oaktree Acquisition Corp. III Life Sciences
1403528,OAK-PA,"Brookfield Oaktree Holdings, LLC"
1403528,OAK-PB,"Brookfield Oaktree Holdings, LLC"
1588871,OAKC,"Oakworth Capital, Inc."
1865429,OAKV,"Oak View Bankshares, Inc."
2034313,OBA,Oxley Bridge Acquisition Ltd
1756064,OBAI,"Our Bond, Inc."
2034313,OBAWU,Oxley Bridge Acquisition Ltd
2034313,OBAWW,Oxley Bridge Acquisition Ltd
2088339,OBBCY,"OBIC Business Consultants Co., Ltd./ADR"
1655888,OBDC,Blue Owl Capital Corp
1334388,OBE,OBSIDIAN ENERGY LTD.
2077146,OBICY,"OBIC Co., Ltd./ADR"
1814114,OBIO,"Orchestra BioMed Holdings, Inc."
1516912,OBK,"Origin Bancorp, Inc."
1916101,OBNB,Osprey BNB Chain Trust
2042444,OBNK,Osprey BONK Trust
2094691,OBOCY,Ottobock SE & Co. KGaA/ADR
1754226,OBT,"Orange County Bancorp, Inc. /DE/"
1767057,OBTC,Osprey Bitcoin Trust
1927026,OBULF,One Bullion Ltd
2130606,OBX,"Gazelle Parent, Inc."
1370946,OC,Owens Corning
1926314,OCAC,Ocean Capital Acquisition Corp
1926314,OCAC-UN,Ocean Capital Acquisition Corp
1000230,OCC,OPTICAL CABLE CORP
1716951,OCCI,"OFS Credit Company, Inc."
1716951,OCCIM,"OFS Credit Company, Inc."
1716951,OCCIN,"OFS Credit Company, Inc."
1869974,OCEA,"Ocean Biomedical, Inc."
1004702,OCFC,OCEANFIRST FINANCIAL CORP
1776067,OCG,Oriental Culture Holding LTD
1372299,OCGN,"Ocugen, Inc."
942149,OCGSF,Outcrop Silver & Gold Corp
1419793,OCLN,"ORIGINCLEAR, INC."
2137679,OCLT,OceanLight Acquisition Corp
1953530,OCS,Oculis Holding AG
1953530,OCSAW,Oculis Holding AG
1414932,OCSL,Oaktree Specialty Lending Corp
2083632,OCTV,Octave Intelligence plc
1393434,OCUL,"OCULAR THERAPEUTIX, INC"
74046,ODC,Oil-Dri Corp of America
1907085,ODD,Oddity Tech Ltd
878927,ODFL,"OLD DOMINION FREIGHT LINE, INC."
2108124,ODKUY,"Odakyu Electric Railway Co., Ltd./ADR"
1857629,ODOT,Osprey Polkadot Trust
1610718,ODRS,"Outdoor Specialty Products, Inc."
1882782,ODTX,"Odyssey Therapeutics, Inc."
1431852,ODV,Osisko Development Corp.
1431852,ODVWZ,Osisko Development Corp.
1577445,ODYS,Odysight.ai Inc.
1626644,ODYY,"Odyssey Health, Inc."
1609804,OEC,Orion S.A.
1409375,OESX,"ORION ENERGY SYSTEMS, INC."
2036307,OFAL,OFA Group
1030469,OFG,OFG BANCORP
884624,OFIX,Orthofix Medical Inc.
1317945,OFLX,"Omega Flex, Inc."
1696556,OFRM,"Once Upon a Farm, PBC"
1487918,OFS,OFS Capital Corp
1487918,OFSSH,OFS Capital Corp
1487918,OFSSO,OFS Capital Corp
1487326,OGC,OceanaGold Corp
1553079,OGCP,"Empire State Realty OP, L.P."
1021635,OGE,OGE ENERGY CORP.
1174940,OGEN,ORAGENICS INC
1620737,OGI,ORGANIGRAM GLOBAL INC.
1821825,OGN,Organon & Co.
1587732,OGS,"ONE Gas, Inc."
2090787,OHAC,Oceanhawk Acquisition Corp.
2090787,OHACR,Oceanhawk Acquisition Corp.
2090787,OHACU,Oceanhawk Acquisition Corp.
1735514,OHCFF,Light AI Inc.
888491,OHI,OMEGA HEALTHCARE INVESTORS INC
812074,OI,"O-I Glass, Inc. /DE/"
835333,OIA,Invesco Municipal Income Opportunities Trust
73756,OII,OCEANEERING INTERNATIONAL INC
927971,OILD,BANK OF MONTREAL /CAN/
927971,OILU,BANK OF MONTREAL /CAN/
2088325,OIM,OneIM Acquisition Corp.
2088325,OIMAU,OneIM Acquisition Corp.
2088325,OIMAW,OneIM Acquisition Corp.
1957538,OIO,OIO Group
1957538,OIOWW,OIO Group
1121484,OIS,"OIL STATES INTERNATIONAL, INC"
1039684,OKE,ONEOK INC /NEW/
1849056,OKLO,Oklo Inc.
1660134,OKTA,"Okta, Inc."
1637715,OKUR,"OnKure Therapeutics, Inc."
1849296,OKYO,OKYO Pharma Ltd
1314196,OLB,"OLB GROUP, INC."
1005284,OLED,UNIVERSAL DISPLAY CORP \PA\
1639300,OLLI,"Ollie's Bargain Outlet Holdings, Inc."
1750284,OLMA,"Olema Pharmaceuticals, Inc."
74303,OLN,OLIN Corp
1023994,OLOX,OLENOX INDUSTRIES INC.
712770,OLP,ONE LIBERTY PROPERTIES INC
1868726,OLPX,"OLAPLEX HOLDINGS, INC."
1484612,OM,"Outset Medical, Inc."
1378239,OMAB,Central North Airport Group
29989,OMC,OMNICOM GROUP INC.
926326,OMCL,"OMNICELL, INC."
1611115,OMDA,"Omada Health, Inc."
1285819,OMER,OMEROS CORP
798528,OMEX,ODYSSEY MARINE EXPLORATION INC
1584207,OMF,"OneMain Holdings, Inc."
1944902,OMH,Ohmyhome Ltd
278165,OMQS,OMNIQ Corp.
2012219,OMSE,OMS Energy Technologies Inc.
1404804,OMTK,Omnitek Engineering Corp
1097864,ON,ON SEMICONDUCTOR CORP
1682265,ONAR,Onar Holding Corp
707179,ONB,OLD NATIONAL BANCORP /IN/
707179,ONBPO,OLD NATIONAL BANCORP /IN/
707179,ONBPP,OLD NATIONAL BANCORP /IN/
1651308,ONC,BeOne Medicines Ltd.
2054272,ONCH,1RT Acquisition Corp.
2054272,ONCHU,1RT Acquisition Corp.
2054272,ONCHW,1RT Acquisition Corp.
1782107,ONCO,"Onconetix, Inc."
1129928,ONCY,ONCOLYTICS BIOTECH INC
1646188,ONDS,Ondas Inc.
2030834,ONEG,OneConstruction Group Ltd
1388295,ONEI,OneMeta Inc.
1772921,ONEW,OneWater Marine Inc.
1825452,ONFO,"Onfolio Holdings, Inc"
1825452,ONFOW,"Onfolio Holdings, Inc"
873860,ONIT,ONITY GROUP INC.
1873923,ONL,Orion Properties Inc.
1849380,ONMD,OneMedNet Corp
1849380,ONMDW,OneMedNet Corp
1858985,ONON,On Holding AG
1643615,ONT,"Onterris, Inc."
704532,ONTO,ONTO INNOVATION INC.
2059986,ONWRY,Onward Medical N.V./ADR
1327688,OOMA,OOMA INC
2119416,OP,OpenPayd Global Holdings Ltd
1825024,OPAD,Offerpad Solutions Inc.
1842279,OPAL,OPAL Fuels Inc.
1722010,OPBK,OP Bancorp
1014739,OPCH,"Option Care Health, Inc."
1801169,OPEN,Opendoor Technologies Inc.
1801169,OPENL,Opendoor Technologies Inc.
1801169,OPENW,Opendoor Technologies Inc.
1801169,OPENZ,Opendoor Technologies Inc.
1818502,OPFI,OppFi Inc.
1818502,OPFI-WT,OppFi Inc.
1288855,OPHC,"OptimumBank Holdings, Inc."
1456772,OPI,OFFICE PROPERTIES INCOME TRUST
944809,OPK,"OPKO HEALTH, INC."
1395942,OPLN,"OPENLANE, Inc."
2131812,OPNHY,Open House Group Co. Ltd/ADR
1678130,OPP,"RiverNorth/DoubleLine Strategic Opportunity Fund, Inc."
1678130,OPP-PA,"RiverNorth/DoubleLine Strategic Opportunity Fund, Inc."
1678130,OPP-PB,"RiverNorth/DoubleLine Strategic Opportunity Fund, Inc."
1678130,OPP-PC,"RiverNorth/DoubleLine Strategic Opportunity Fund, Inc."
1737450,OPRA,Opera Ltd
1538716,OPRT,Oportun Financial Corp
1448431,OPRX,OptimizeRx Corp
2027329,OPTH,Optimi Health Corp.
1378140,OPTT,"Ocean Power Technologies, Inc."
1702780,OPTU,"Optimum Communications, Inc."
1866816,OPTX,"SYNTEC OPTICS HOLDINGS, INC."
1866816,OPTXW,"SYNTEC OPTICS HOLDINGS, INC."
1397016,OPXS,Optex Systems Holdings Inc
791963,OPY,OPPENHEIMER HOLDINGS INC
1627272,OR,OR Royalties Inc.
1296445,ORA,"ORMAT TECHNOLOGIES, INC."
1892492,ORBS,Eightco Holdings Inc.
1518621,ORC,"Orchid Island Capital, Inc."
1341439,ORCL,ORACLE CORP
1341439,ORCL-PD,ORACLE CORP
1481857,ORESF,Orestone Mining Corp.
1802457,ORGN,"Origin Materials, Inc."
1661181,ORGO,Organogenesis Holdings Inc.
74260,ORI,OLD REPUBLIC INTERNATIONAL CORP
1854183,ORIB,Orion Bliss Corp.
1796280,ORIC,"Oric Pharmaceuticals, Inc."
1602842,ORIO,Orion Digital Corp.
2044523,ORIQ,Origin Investment Corp I
2044523,ORIQU,Origin Investment Corp I
2044523,ORIQW,Origin Investment Corp I
1964664,ORISF,ORIENTAL RISE HOLDINGS Ltd
907654,ORKA,"Oruka Therapeutics, Inc."
1979407,ORKT,ORANGEKLOUD TECHNOLOGY INC.
1680056,ORLA,Orla Mining Ltd.
898173,ORLY,O REILLY AUTOMOTIVE INC
1176309,ORMP,ORAMED PHARMACEUTICALS INC.
1402829,ORN,Orion Group Holdings Inc
2093314,ORNJY,OranjeBTC S.A. Educacao E Investmentimento/ADR
1390352,ORRCF,OROCO RESOURCE CORP
826154,ORRF,ORRSTOWN FINANCIAL SERVICES INC
357173,OSBC,OLD SECOND BANCORP INC
1568651,OSCR,"Oscar Health, Inc."
874501,OSG,OCTAVE SPECIALTY GROUP INC
1039065,OSIS,OSI SYSTEMS INC
775158,OSK,OSHKOSH CORP
1868282,OSOL,Osprey Solana Trust
1044777,OSPN,OneSpan Inc.
2113481,OSPR,Osprey Acquisition Corp. III
2113481,OSPRU,Osprey Acquisition Corp. III
1840425,OSRH,"OSR Health, Inc."
1840425,OSRHW,"OSR Health, Inc."
1394056,OSS,"ONE STOP SYSTEMS, INC."
1803407,OST,"Ostin Technology Group Co., Ltd."
1795091,OSTX,OS Therapies Inc
1116463,OSUR,ORASURE TECHNOLOGIES INC
1758488,OSW,ONESPAWORLD HOLDINGS Ltd
2094076,OTAI,Starlink AI Acquisition Corp
2094076,OTAI-RI,Starlink AI Acquisition Corp
2094076,OTAI-UN,Starlink AI Acquisition Corp
1002638,OTEX,OPEN TEXT CORP
1747777,OTF,Blue Owl Technology Finance Corp.
2077010,OTGA,OTG Acquisition Corp. I
2077010,OTGAU,OTG Acquisition Corp. I
2077010,OTGAW,OTG Acquisition Corp. I
1781335,OTIS,Otis Worldwide Corp
908259,OTLC,"Oncotelic Therapeutics, Inc."
1649989,OTLK,"Outlook Therapeutics, Inc."
1843586,OTLY,Oatly Group AB
1466593,OTTR,Otter Tail Corp
1546652,OUNZ,VanEck Merk Gold ETF
1816581,OUST,"Ouster, Inc."
1579877,OUT,OUTFRONT Media Inc.
894671,OVBC,OHIO VALLEY BANC CORP
1636651,OVID,Ovid Therapeutics Inc.
1431567,OVLY,Oak Valley Bancorp
1107280,OVTZ,OCULUS INC.
1792580,OVV,Ovintiv Inc.
1823945,OWL,BLUE OWL CAPITAL INC.
2025416,OWLS,OBOOK HOLDINGS INC.
1816708,OWLT,"Owlet, Inc."
1622244,OWPC,"One World Products, Inc."
1748680,OWSCX,1WS Credit Income Fund
1584831,OXBR,OXBRIDGE RE HOLDINGS Ltd
1584831,OXBRW,OXBRIDGE RE HOLDINGS Ltd
1495222,OXLC,Oxford Lane Capital Corp.
1495222,OXLCG,Oxford Lane Capital Corp.
1495222,OXLCI,Oxford Lane Capital Corp.
1495222,OXLCL,Oxford Lane Capital Corp.
1495222,OXLCM,Oxford Lane Capital Corp.
1495222,OXLCN,Oxford Lane Capital Corp.
1495222,OXLCO,Oxford Lane Capital Corp.
1495222,OXLCZ,Oxford Lane Capital Corp.
75288,OXM,OXFORD INDUSTRIES INC
1259429,OXSQ,Oxford Square Capital Corp.
1259429,OXSQG,Oxford Square Capital Corp.
1259429,OXSQH,Oxford Square Capital Corp.
797468,OXY,OCCIDENTAL PETROLEUM CORP /DE/
797468,OXY-WT,OCCIDENTAL PETROLEUM CORP /DE/
2042182,OYSE,Oyster Enterprises II Acquisition Corp
2042182,OYSER,Oyster Enterprises II Acquisition Corp
2042182,OYSEU,Oyster Enterprises II Acquisition Corp
1807046,OZ,"Belpointe PREP, LLC"
1569650,OZK,Bank OZK
1569650,OZKAP,Bank OZK
1679817,OZSC,"OZOP ENERGY SOLUTIONS, INC."
1751707,OZVN,OZ VISION INC.
1474432,P,"Everpure, Inc."
1070423,PAA,PLAINS ALL AMERICAN PIPELINE LP
2087446,PAAC,Proem Acquisition Corp. I
2087446,PAACU,Proem Acquisition Corp. I
2087446,PAACW,Proem Acquisition Corp. I
771992,PAAS,PAN AMERICAN SILVER CORP
1347557,PAC,Pacific Airport Group
1299130,PACB,"PACIFIC BIOSCIENCES OF CALIFORNIA, INC."
2040381,PACH,Pioneer Acquisition I Corp
2040381,PACHU,Pioneer Acquisition I Corp
2040381,PACHW,Pioneer Acquisition I Corp
1712463,PACK,Ranpak Holdings Corp.
2001184,PACS,"PACS Group, Inc."
2073620,PAEXY,Parex Resources Inc./ADR
1019849,PAG,"PENSKE AUTOMOTIVE GROUP, INC."
1581990,PAGP,PLAINS GP HOLDINGS LP
1712807,PAGS,PagSeguro Digital Ltd.
1069899,PAHC,PHIBRO ANIMAL HEALTH CORP
75398,PAI,Western Asset Investment Grade Income Fund Inc.
2069238,PAII,Pyrophyte Acquisition Corp. II
2069238,PAII-UN,Pyrophyte Acquisition Corp. II
2069238,PAII-WT,Pyrophyte Acquisition Corp. II
1757143,PAIYY,Aesthetic Medical International Holdings Group Ltd
1998768,PAL,"Proficient Auto Logistics, Inc"
1357459,PALI,"PALISADE BIO, INC."
1459862,PALL,abrdn Palladium ETF Trust
2101562,PALO,PALOMA ACQUISITION CORP I
2101562,PALOU,PALOMA ACQUISITION CORP I
2101562,PALOW,PALOMA ACQUISITION CORP I
1469395,PAM,Pampa Energy Inc.
798287,PAMT,PAMT CORP
1606909,PANL,Pangaea Logistics Solutions Ltd.
1327567,PANW,Palo Alto Networks Inc
1938109,PAPL,Pineapple Financial Inc.
708821,PAR,PAR TECHNOLOGY CORP
2069604,PARK,"Park Dental Partners, Inc."
821483,PARR,"PAR PACIFIC HOLDINGS, INC."
1787297,PASG,"Passage BIO, Inc."
1897532,PASW,"Ping An Biomedical Co., Ltd."
1734722,PATH,"UiPath, Inc."
76605,PATK,PATRICK INDUSTRIES INC
1624326,PAVM,PAVmed Inc.
1751876,PAVS,Paranovus Entertainment Technology Ltd.
1825570,PAX,Patria Investments Ltd
1886878,PAXS,PIMCO Access Income Fund
1841156,PAY,"Paymentus Holdings, Inc."
1590955,PAYC,"Paycom Software, Inc."
1017655,PAYD,PAID INC
1845815,PAYO,Payoneer Global Inc.
2080845,PAYP,PayPay Corp
1496443,PAYS,"Paysign, Inc."
723531,PAYX,PAYCHEX INC
1068851,PB,PROSPERITY BANCSHARES INC
1546066,PBA,PEMBINA PIPELINE CORP
1534504,PBF,PBF Energy Inc.
1769663,PBFS,"Pioneer Bancorp, Inc./MD"
1295947,PBH,Prestige Consumer Healthcare Inc.
1609065,PBHC,"Pathfinder Bancorp, Inc."
78814,PBI,PITNEY BOWES INC /DE/
78814,PBI-PB,PITNEY BOWES INC /DE/
2011053,PBK,POWERBANK Corp
1657677,PBLS,"Parabilis Medicines, Inc."
1985062,PBM,PSYENCE BIOMEDICAL LTD.
1319150,PBMLF,Pacific Booker Minerals Inc.
1985062,PBMWW,PSYENCE BIOMEDICAL LTD.
1119639,PBR,PETROBRAS - PETROLEO BRASILEIRO SA
1119639,PBR-A,PETROBRAS - PETROLEO BRASILEIRO SA
2034467,PBRRY,PT Barito Renewables Energy Tbk/ADR
1304161,PBSV,"Pharma-Bio Serv, Inc."
319654,PBT,PERMIAN BASIN ROYALTY TRUST
1401667,PBYI,"PUMA BIOTECHNOLOGY, INC."
1998056,PC,Premium Catering (Holdings) Ltd
2131101,PCAI,Powercheck AI Holdings Ltd
2056634,PCAP,ProCap Acquisition Corp
2056634,PCAPU,ProCap Acquisition Corp
2056634,PCAPW,ProCap Acquisition Corp
75362,PCAR,PACCAR INC
1423869,PCB,PCB BANCORP
1108329,PCCYF,PETROCHINA CO LTD
810943,PCF,HIGH INCOME SECURITIES FUND
1004980,PCG,PG&E Corp
1004980,PCG-PA,PG&E Corp
1004980,PCG-PB,PG&E Corp
1004980,PCG-PC,PG&E Corp
1004980,PCG-PD,PG&E Corp
1004980,PCG-PE,PG&E Corp
1004980,PCG-PG,PG&E Corp
1004980,PCG-PH,PG&E Corp
1004980,PCG-PI,PG&E Corp
1004980,PCG-PX,PG&E Corp
2018462,PCLA,PicoCELA Inc.
908187,PCM,"PCM FUND, INC."
1141964,PCMC,PUBLIC CO MANAGEMENT CORP
1160990,PCN,PIMCO CORPORATE & INCOME STRATEGY FUND
1611052,PCOR,"PROCORE TECHNOLOGIES, INC."
2053411,PCPGY,PC Partner Group Ltd/ADR
1140411,PCQ,PIMCO CALIFORNIA MUNICIPAL INCOME FUND
1396814,PCRX,"Pacira BioSciences, Inc."
1533743,PCSA,"Processa Pharmaceuticals, Inc."
2017526,PCSC,Perceptive Capital Solutions Corp
1122020,PCSV,"PCS Edventures!, Inc."
1830033,PCT,"PureCycle Technologies, Inc."
1830033,PCTTU,"PureCycle Technologies, Inc."
1830033,PCTTW,"PureCycle Technologies, Inc."
1591698,PCTY,Paylocity Holding Corp
1649094,PCVX,"Vaxcyte, Inc."
276720,PCYO,PURE CYCLE CORP
1568100,PD,"PagerDuty, Inc."
1944399,PDC,Perpetuals.com Ltd
1998043,PDCC,Pearl Diver Credit Co Inc.
1737806,PDD,PDD Holdings Inc.
788920,PDEX,PRO DEX INC
1120914,PDFS,PDF SOLUTIONS INC
1510599,PDI,PIMCO Dynamic Income Fund
1874071,PDLB,"Ponce Financial Group, Inc."
1042776,PDM,"Piedmont Realty Trust, Inc."
1798618,PDO,PIMCO Dynamic Income Opportunities Fund
1998043,PDPA,Pearl Diver Credit Co Inc.
1013605,PDS,PRECISION DRILLING Corp
1472091,PDSB,PDS Biotechnology Corp
1756404,PDSKX,Principal Real Asset Fund
1756404,PDSRX,Principal Real Asset Fund
855886,PDT,JOHN HANCOCK PREMIUM DIVIDEND FUND
1756908,PDX,PIMCO Dynamic Income Strategy Fund
1826681,PDYN,Palladyne AI Corp.
1826681,PDYNW,Palladyne AI Corp.
2032887,PDYTY,PT Dayamitra Telekomunikasi Tbk/ADR
1474098,PEB,Pebblebrook Hotel Trust
1474098,PEB-PE,Pebblebrook Hotel Trust
1474098,PEB-PF,Pebblebrook Hotel Trust
1474098,PEB-PG,Pebblebrook Hotel Trust
1474098,PEB-PH,Pebblebrook Hotel Trust
1093672,PEBK,PEOPLES BANCORP OF NORTH CAROLINA INC
318300,PEBO,PEOPLES BANCORP INC
2088626,PECE,Peace Acquisition Corp.
2088626,PECER,Peace Acquisition Corp.
2088626,PECEU,Peace Acquisition Corp.
2088626,PECEW,Peace Acquisition Corp.
1476204,PECO,"Phillips Edison & Company, Inc."
1141197,PED,PEDEVCO CORP
788784,PEG,PUBLIC SERVICE ENTERPRISE GROUP INC
1013857,PEGA,PEGASYSTEMS INC
1321732,PEN,Penumbra Inc
1616533,PENG,"Penguin Solutions, Inc."
921738,PENN,"PENN Entertainment, Inc."
216851,PEO,"ADAMS NATURAL RESOURCES FUND, INC."
77476,PEP,PEPSICO INC
1835597,PEPG,PepGen Inc.
1899830,PERF,Perfect Corp.
1338940,PERI,Perion Network Ltd.
891532,PESI,PERMA FIX ENVIRONMENTAL SERVICES INC
1040130,PETS,PETMED EXPRESS INC
1512922,PETV,"PetVivo Holdings, Inc."
1684425,PETZ,"TDH Holdings, Inc."
1879848,PEVM,PHOENIX MOTOR INC.
2051380,PEW,GrabAGun Digital Holdings Inc.
2051380,PEW-WT,GrabAGun Digital Holdings Inc.
2032755,PFAI,Pinnacle Food Group Ltd
1492165,PFBC,Preferred Bank
770460,PFBX,PEOPLES FINANCIAL CORP /MS/
868578,PFD,FLAHERTY & CRUMRINE PREFERRED & INCOME FUND INC
78003,PFE,PFIZER INC
1114446,PFFL,UBS AG
1126328,PFG,PRINCIPAL FINANCIAL GROUP INC
1618673,PFGC,Performance Food Group Co
1137774,PFH,PRUDENTIAL FINANCIAL INC
1138476,PFHO,PACIFIC HEALTH CARE ORGANIZATION INC
1056943,PFIS,PEOPLES FINANCIAL SERVICES CORP.
1244183,PFL,PIMCO INCOME STRATEGY FUND
1504619,PFLA,PennantPark Floating Rate Capital Ltd.
1504619,PFLT,PennantPark Floating Rate Capital Ltd.
1296250,PFN,PIMCO Income Strategy Fund II
882071,PFO,Flaherty & Crumrine PREFERRED & INCOME OPPORTUNITY FUND INC
1178970,PFS,PROVIDENT FINANCIAL SERVICES INC
1859807,PFSA,"Profusa, Inc."
1967656,PFSB,"PFS Bancorp, Inc."
1745916,PFSI,"PennyMac Financial Services, Inc."
2120422,PFSTY,Pfisterer Holdings SE/ADR
1490349,PFX,PhenixFIN Corp
1490349,PFXNZ,PhenixFIN Corp
80424,PG,PROCTER & GAMBLE Co
2030829,PGAC,PANTAGES CAPITAL ACQUISITION Corp
2030829,PGACR,PANTAGES CAPITAL ACQUISITION Corp
2030829,PGACU,PANTAGES CAPITAL ACQUISITION Corp
1050743,PGC,PEAPACK GLADSTONE FINANCIAL CORP
1356090,PGEN,"PRECIGEN, INC."
1923622,PGIM,PGIM Private Credit Fund
1551306,PGNY,"Progyny, Inc."
1080448,PGOL,PATRIOT GOLD CORP
1318025,PGP,PIMCO Global StocksPLUS & Income Fund
80661,PGR,PROGRESSIVE CORP/OH/
1883085,PGY,Pagaya Technologies Ltd.
1883085,PGYWW,Pagaya Technologies Ltd.
1557523,PGZ,Principal Real Estate Income Fund
1566073,PGZFF,Pan Global Resources Inc.
76334,PH,Parker-Hannifin Corp
1828316,PHAR,Pharming Group N.V.
1783183,PHAT,"Phathom Pharmaceuticals, Inc."
1435181,PHBI,Pharmagreen Biotech Inc.
1620749,PHCI,Panamera Holdings Corp
1305767,PHD,"Pioneer Floating Rate Fund, Inc."
1765812,PHDWY,"PT Ace Hardware Indonesia, Tbk./ADR"
313216,PHG,KONINKLIJKE PHILIPS NV
1739174,PHGE,BiomX Inc.
78150,PHI,PLDT Inc.
1968915,PHIN,PHINIA INC.
1533040,PHIO,Phio Pharmaceuticals Corp.
1219360,PHK,PIMCO HIGH INCOME FUND
822416,PHM,PULTEGROUP INC/MI/
1720553,PHNMF,Phenom Resources Corp.
2035709,PHOE,Phoenix Asia Holdings Ltd
1412408,PHR,"Phreesia, Inc."
1665300,PHUN,"Phunware, Inc."
1830487,PHVS,Pharvaris N.V.
1818643,PHXE-P,"Phoenix Energy One, LLC"
1477049,PHYS,Sprott Physical Gold Trust
1114995,PI,IMPINJ INC
845385,PIAC,PRINCETON CAPITAL CORP
1841644,PICS,PicS N.V.
931015,PII,Polaris Inc.
1832511,PIII,P3 Health Partners Inc.
1832511,PIIIW,P3 Health Partners Inc.
830622,PIM,PUTNAM MASTER INTERMEDIATE INCOME TRUST
1786117,PINE,"Alpine Income Property Trust, Inc."
1786117,PINE-PA,"Alpine Income Property Trust, Inc."
1506293,PINS,"PINTEREST, INC."
2059573,PINWF,Pinewood Technologies Group plc
1230245,PIPR,PIPER SANDLER COMPANIES
1626115,PJT,PJT Partners Inc.
1617406,PK,Park Hotels & Resorts Inc.
1315399,PKBK,"PARKE BANCORP, INC."
76267,PKE,PARK AEROSPACE CORP
75677,PKG,PACKAGING CORP OF AMERICA
76282,PKOH,PARK OHIO HOLDINGS CORP
1128189,PKTX,"ProtoKinetix, Inc."
889132,PKX,POSCO HOLDINGS INC.
1836833,PL,Planet Labs PBC
810136,PLAB,PHOTRONICS INC
1117057,PLAG,Planet Green Holdings Corp.
1525769,PLAY,"Dave & Buster's Entertainment, Inc."
1168455,PLBC,PLUMAS BANCORP
2035697,PLBL,Polibeli Group Ltd
1803914,PLBY,"Playboy, Inc."
1041859,PLCE,"Childrens Place, Inc."
2122392,PLCI,Pelican Acquisition II Corp
1848782,PLCKF,Plurilock Security Inc.
1045609,PLD,"Prologis, Inc."
1095052,PLG,PLATINUM GROUP METALS LTD
1636639,PLGO,Pelagos Insurance Capital Ltd
1570505,PLLMF,EDGE COPPER Corp
1845550,PLMJF,Plum Acquisition Corp. III
2030482,PLMK,"Plum Acquisition Corp, IV"
2030482,PLMKU,"Plum Acquisition Corp, IV"
2030482,PLMKW,"Plum Acquisition Corp, IV"
1761312,PLMR,"Palomar Holdings, Inc."
1813452,PLNH,Planet 13 Holdings Inc.
1637207,PLNT,"Planet Fitness, Inc."
1287213,PLOW,"DOUGLAS DYNAMICS, INC"
80035,PLPC,PREFORMED LINE PRODUCTS CO
1746473,PLRX,"PLIANT THERAPEUTICS, INC."
1893645,PLRZ,Polyrizon Ltd.
1625101,PLSE,"PULSE BIOSCIENCES, INC."
2064764,PLSM,Pulsenmore Ltd.
1828016,PLTK,Playtika Holding Corp.
1690842,PLTM,GraniteShares Platinum Trust
1321655,PLTR,Palantir Technologies Inc.
2053033,PLTS,Platinum Analytics Cayman Ltd
1433309,PLTYF,"Plastec Technologies, Ltd."
1093691,PLUG,PLUG POWER INC
2065661,PLUN,Plutonian Acquisition Corp. II
2065661,PLUN-RI,Plutonian Acquisition Corp. II
2065661,PLUN-UN,Plutonian Acquisition Corp. II
1158780,PLUR,Pluri Inc.
1022408,PLUS,EPLUS INC
1933021,PLUT,Plutus Financial Group Ltd
1006281,PLX,"Protalix BioTherapeutics, Inc."
785786,PLXS,PLEXUS CORP
2075320,PLYX,"Polaryx Therapeutics, Inc."
1413329,PM,Philip Morris International Inc.
1956166,PMA,Ming Shing Group Holdings Ltd
2012096,PMAX,Powell Max Ltd
1157075,PMCB,"PharmaCyte Biotech, Inc."
1891944,PMEC,Primech Holdings Ltd
1723701,PMFAX,PIMCO Flexible Municipal Income Fund
2030632,PMHMY,Perfect Medical Health Management Ltd./ADR
1265521,PMHS,"Polomar Health Services, Inc."
2030617,PMI,"Picard Medical, Inc."
1170299,PML,PIMCO MUNICIPAL INCOME FUND II
844790,PMM,PUTNAM MANAGED MUNICIPAL INCOME TRUST
1930459,PMMCF,Pampa Metals Corp
1374339,PMN,ProMIS Neurosciences Inc.
1849221,PMNT,Perfect Moment Ltd.
900422,PMO,PUTNAM MUNICIPAL OPPORTUNITIES TRUST
1464423,PMT,PennyMac Mortgage Investment Trust
1464423,PMT-PA,PennyMac Mortgage Investment Trust
1464423,PMT-PB,PennyMac Mortgage Investment Trust
1464423,PMT-PC,PennyMac Mortgage Investment Trust
2061473,PMTR,Perimeter Acquisition Corp. I
2061473,PMTRU,Perimeter Acquisition Corp. I
2061473,PMTRW,Perimeter Acquisition Corp. I
1641614,PMTS,CPI Card Group Inc.
1464423,PMTU,PennyMac Mortgage Investment Trust
1464423,PMTV,PennyMac Mortgage Investment Trust
1464423,PMTW,PennyMac Mortgage Investment Trust
1807765,PMVC,PMV Consumer Acquisition Corp.
1699382,PMVP,"PMV Pharmaceuticals, Inc."
2001288,PN,PN Smart Energy Ltd
1098146,PNBK,PATRIOT NATIONAL BANCORP INC
713676,PNC,"PNC FINANCIAL SERVICES GROUP, INC."
1505880,PNDRY,Pandora A/S / ADR
2082866,PNFP,"Pinnacle Financial Partners, Inc."
2082866,PNFP-PA,"Pinnacle Financial Partners, Inc."
2082866,PNFP-PB,"Pinnacle Financial Partners, Inc."
2082866,PNFP-PC,"Pinnacle Financial Partners, Inc."
1170311,PNI,PIMCO NEW YORK MUNICIPAL INCOME FUND II
2089778,PNIG,Pacipic Nexus IntelliTech Group
1383414,PNNT,PENNANTPARK INVESTMENT CORP
855950,PNPNF,POWER METALLIC MINES INC.
77360,PNR,PENTAIR plc
56868,PNRG,PRIMEENERGY RESOURCES CORP
2087419,PNSB,"PSB Financial, Inc."
1766400,PNTG,"Pennant Group, Inc."
764622,PNW,PINNACLE WEST CAPITAL CORP
1710495,PNXP,PINEAPPLE EXPRESS CANNABIS Co
1784058,PNYG,Pony Group Inc.
2024258,POAS,PHAOS TECHNOLOGY HOLDINGS (CAYMAN) Ltd
2085836,POCH,"POCHE TECHNOLOGY CO., Ltd"
867840,POCI,"PRECISION OPTICS CORPORATION, INC."
1940177,PODC,"PodcastOne, Inc."
1145197,PODD,INSULET CORP
1437424,POET,POET TECHNOLOGIES INC.
1622345,POLA,"Polar Power, Inc."
2025341,POLE,Andretti Acquisition Corp. II
2025341,POLEU,Andretti Acquisition Corp. II
2025341,POLEW,Andretti Acquisition Corp. II
1877971,POM,POMDOCTOR Ltd
2108164,PONO,"Pono Capital Four, Inc."
2108164,PONOR,"Pono Capital Four, Inc."
2108164,PONOU,"Pono Capital Four, Inc."
1969302,PONY,Pony AI Inc.
945841,POOL,POOL CORP
784977,POR,PORTLAND GENERAL ELECTRIC CO /OR/
844985,POSC,POSITRON CORP
1530950,POST,"Post Holdings, Inc."
833640,POWI,POWER INTEGRATIONS INC
80420,POWL,POWELL INDUSTRIES INC
1988634,POWMF,Power Metal Resources PLC
1015383,POWW,Outdoor Holding Co
1015383,POWWP,Outdoor Holding Co
1614744,PPBT,PURPLE BIOTECH LTD.
802481,PPC,PILGRIMS PRIDE CORP
1517681,PPCB,"Propanc Biopharma, Inc."
79879,PPG,PPG INDUSTRIES INC
1903508,PPHC,"Public Policy Holding Company, Inc."
914122,PPIH,"Perma-Pipe International Holdings, Inc."
922224,PPL,PPL Corp
922224,PPLC,PPL Corp
1800227,PPLI,People Inc
1460235,PPLT,abrdn Platinum ETF Trust
1449792,PPSI,"PIONEER POWER SOLUTIONS, INC."
827773,PPT,PUTNAM PREMIER INCOME TRUST
1526243,PPTA,PERPETUA RESOURCES CORP.
1658566,PR,Permian Resources Corp
1185348,PRAA,PRA GROUP INC
1689548,PRAX,"Praxis Precision Medicines, Inc."
1503812,PRBRY,PREMIUM BRANDS HOLDINGS Corp
1784535,PRCH,"Porch Group, Inc."
1588978,PRCT,PROCEPT BioRobotics Corp
1046568,PRDO,PERDOCEO EDUCATION Corp
1876431,PRE,Prenetics Global Ltd
1570937,PREM,Premier Air Charter Holdings Inc.
1876431,PRENW,Prenetics Global Ltd
1801834,PRFX,PRF Technologies Ltd.
1808834,PRG,"PROG Holdings, Inc."
1585364,PRGO,PERRIGO Co plc
876167,PRGS,PROGRESS SOFTWARE CORP /MA
1137774,PRH,PRUDENTIAL FINANCIAL INC
1502292,PRHI,"Presurance Holdings, Inc."
1502292,PRHIZ,"Presurance Holdings, Inc."
1475922,PRI,"Primerica, Inc."
1554625,PRIF-PD,"Priority Income Fund, Inc."
1554625,PRIF-PK,"Priority Income Fund, Inc."
1554625,PRIF-PL,"Priority Income Fund, Inc."
1361538,PRIM,Primoris Services Corp
805676,PRK,PARK NATIONAL CORP /OH/
1297937,PRKA,"PARKS AMERICA, INC"
914139,PRKR,PARKERVISION INC
1564902,PRKS,United Parks & Resorts Inc.
1443669,PRLB,Proto Labs Inc
1678660,PRLD,Prelude Therapeutics Inc
2137754,PRLG,Prologium Holding Inc.
1880319,PRM,"Perimeter Solutions, Inc."
2042694,PRMB,Primo Brands Corp
1894562,PRME,"Prime Medicine, Inc."
2045300,PRNCF,Prince Silver Corp.
1628808,PROF,Profound Medical Corp.
1850270,PROK,PROKIDNEY CORP.
1162896,PROP,Prairie Operating Co.
1010470,PROV,PROVIDENT FINANCIAL HOLDINGS INC
868278,PRPH,"ProPhase Labs, Inc."
1643953,PRPL,"Purple Innovation, Inc."
1043961,PRPO,"Precipio, Inc."
1612940,PRQR,ProQR Therapeutics N.V.
1137774,PRS,PRUDENTIAL FINANCIAL INC
79661,PRSI,PORTSMOUTH SQUARE INC
2071912,PRSKY,PrairieSky Royalty Ltd/ADR
890394,PRSO,Peraso Inc.
884219,PRSU,"Pursuit Attractions & Hospitality, Inc."
1724009,PRT,PermRock Royalty Trust
1559053,PRTA,PROTHENA CORP PUBLIC LTD CO
1653558,PRTH,"Priority Technology Holdings, Inc."
1378950,PRTS,"CarParts.com, Inc."
1137774,PRU,PRUDENTIAL FINANCIAL INC
1759655,PRVA,"Privia Health Group, Inc."
1916241,PRZO,ParaZero Technologies Ltd.
2026053,PS,PERSHING SQUARE INC.
1393311,PSA,Public Storage
1393311,PSA-PF,Public Storage
1393311,PSA-PG,Public Storage
1393311,PSA-PH,Public Storage
1393311,PSA-PI,Public Storage
1393311,PSA-PJ,Public Storage
1393311,PSA-PK,Public Storage
1393311,PSA-PL,Public Storage
1393311,PSA-PM,Public Storage
1393311,PSA-PN,Public Storage
1393311,PSA-PO,Public Storage
1393311,PSA-PP,Public Storage
1393311,PSA-PQ,Public Storage
1393311,PSA-PR,Public Storage
1393311,PSA-PS,Public Storage
1794776,PSBD,Palmer Square Capital BDC Inc.
2063685,PSBTY,PT Sumber Alfaria Trijaya Tbk/ADR
1287032,PSEC,PROSPECT CAPITAL CORP
1287032,PSEC-PA,PROSPECT CAPITAL CORP
1498612,PSF,"Cohen & Steers Select Preferred & Income Fund, Inc."
1833835,PSFE,Paysafe Ltd
1481241,PSHG,Performance Shipping Inc.
1997201,PSIG,PS International Group Ltd.
1137091,PSIX,"POWER SOLUTIONS INTERNATIONAL, INC."
2041610,PSKY,Paramount Skydance Corp
1494728,PSLV,Sprott Physical Silver Trust
1041803,PSMT,PRICESMART INC
275880,PSN,PARSONS CORP
1527753,PSNL,"Personalis, Inc."
1884082,PSNY,Polestar Automotive Holding UK PLC
1884082,PSNYW,Polestar Automotive Holding UK PLC
938323,PSO,PEARSON PLC
1847064,PSQH,"PSQ Holdings, Inc."
1847064,PSQH-WT,"PSQ Holdings, Inc."
2119292,PSQL,Bleichroeder Acquisition France Merger Sub 2
1991413,PSRHF,Pulsar Helium Inc.
1759774,PSTL,"Postal Realty Trust, Inc."
1095981,PSTV,"PLUS THERAPEUTICS, INC."
2002660,PSUS,"Pershing Square USA, Ltd."
1534701,PSX,Phillips 66
1847706,PSYCF,Psyched Wellness Ltd.
1793882,PTA,Cohen & Steers Tax-Advantaged Preferred Securities & Income Fund
2099095,PTAC,Patriot Acquisition Corp./CI
2099095,PTACU,Patriot Acquisition Corp./CI
2099095,PTACW,Patriot Acquisition Corp./CI
2089174,PTAXY,Paltac Corporation/ADR
857005,PTC,PTC INC.
1609258,PTCO,PetroGas Co
1070081,PTCT,"PTC THERAPEUTICS, INC."
889900,PTEN,PATTERSON UTI ENERGY INC
1377121,PTGX,"Protagonist Therapeutics, Inc"
1621910,PTHRF,Pantheon Resources plc
1919246,PTHS,Pelthos Therapeutics Inc.
1022899,PTIX,"Protagenic Therapeutics, Inc.\new"
2016337,PTLE,PTL Ltd
1871509,PTLO,Portillo's Inc.
1575356,PTMSY,PT MDS Retailing Tbk/ADR
911216,PTN,PALATIN TECHNOLOGIES INC
2046573,PTNM,Pitanium Ltd
1639825,PTON,"PELOTON INTERACTIVE, INC."
2093912,PTOR,Praetorian Acquisition Corp.
2093912,PTORU,Praetorian Acquisition Corp.
2093912,PTORW,Praetorian Acquisition Corp.
1172069,PTOS,"P2 Solar, Inc."
1815903,PTPI,"Petros Pharmaceuticals, Inc."
1811935,PTRN,Pattern Group Inc.
1545057,PTXKY,PT XLSMART Telecom Sejahtera Tbk/ADR
1190935,PTY,PIMCO CORPORATE & INCOME OPPORTUNITY FUND
1575858,PUBC,Purebase Corp
1422930,PUBM,"PubMatic, Inc."
2029472,PUGBY,Puig Brands S.A./ADR
1116578,PUK,PRUDENTIAL PLC
1574235,PULM,"Pulmatrix, Inc."
1680247,PUMP,ProPetro Holding Corp.
1006028,PURE,"PURE BIOSCIENCE, INC."
2078856,PURR,Hyperliquid Strategies Inc
2009312,PUSA,Aureus Greenway Holdings Inc
315545,PVCT,"PROVECTUS BIOPHARMACEUTICALS, INC."
78239,PVH,PVH CORP. /DE/
1520048,PVL,Permianville Royalty Trust
1583648,PVLA,"PALVELLA THERAPEUTICS, INC."
1532619,PW,Power REIT
1532619,PW-PA,Power REIT
1435617,PWDY,"POWERDYNE INTERNATIONAL, INC."
1777835,PWP,Perella Weinberg Partners
1050915,PWR,"QUANTA SERVICES, INC."
2052053,PWRL,Powerlaw Corp.
1600222,PXED,"Phoenix Education Partners, Inc."
1040161,PXLW,"PIXELWORKS, INC"
1640043,PXS,Pyxis Tankers Inc.
1365359,PYBXD,"HYDRO POWER TECHNOLOGIES, INC."
1611842,PYPD,PolyPid Ltd.
1633917,PYPL,"PayPal Holdings, Inc."
1743344,PYRGF,PyroGenesis Canada Inc.
1294808,PYT,PPLUS Trust Series GSC-2
1782223,PYXS,"Pyxis Oncology, Inc."
939930,PYYX,"PYXUS INTERNATIONAL, INC."
1629210,PZG,Paramount Gold Nevada Corp.
901491,PZZA,PAPA JOHNS INTERNATIONAL INC
2058873,Q,"Qnity Electronics, Inc."
2083217,QADR,QDRO Acquisition Corp.
2083217,QADRU,QDRO Acquisition Corp.
2083217,QADRW,QDRO Acquisition Corp.
1907982,QBTS,D-Wave Quantum Inc.
1321834,QCLS,"Q/C TECHNOLOGIES, INC."
804328,QCOM,QUALCOMM INC/DE
906465,QCRH,QCR HOLDINGS INC
1906324,QDEL,QuidelOrtho Corp
1094032,QDMI,QDM International Inc.
1978528,QETA,Quetta Acquisition Corp
1978528,QETAR,Quetta Acquisition Corp
1978528,QETAU,Quetta Acquisition Corp
1995569,QETH,Invesco Galaxy Ethereum ETF
1741530,QFIN,"Qfin Holdings, Inc."
1663038,QGAI,Quantum Genesis AI Corp.
1015820,QGEN,QIAGEN N.V.
1781193,QH,QUHUO Ltd
1393781,QIND,Quality Industrial Corp.
2102155,QLEP,Quantum Leap Acquisition Corp
2102155,QLEP-WT,Quantum Leap Acquisition Corp
1107843,QLYS,"QUALYS, INC."
1101433,QMCI,QUOTEMEDIA INC
709283,QMCO,QUANTUM CORP /DE/
2084026,QMLS,"QumulusAI, Inc."
1971542,QMMM,QMMM Holdings Ltd
750558,QNBC,QNB CORP.
2106613,QNC,Quantum eMotion Corp
1662774,QNCX,"Quince Therapeutics, Inc."
1671502,QNRX,"Quoin Pharmaceuticals, Ltd."
1117297,QNST,"QUINSTREET, INC"
2110105,QNT,Quantinuum Inc.
1771885,QNTM,Quantum Biopharma Ltd.
1391933,QNTO,"QUAINT OAK BANCORP, INC."
824416,QPRC,QUEST PATENT RESEARCH CORP
1067839,QQQ,"INVESCO QQQ TRUST, SERIES 1"
1608741,QQQX,Nuveen NASDAQ 100 Dynamic Overwrite Fund
2085177,QRED,QuasarEdge Acquisition Corp
2085177,QRED-RI,QuasarEdge Acquisition Corp
2085177,QRED-UN,QuasarEdge Acquisition Corp
1442236,QRHC,Quest Resource Holding Corp
1604778,QRVO,"Qorvo, Inc."
1811414,QS,QuantumScape Corp
2047455,QSEA,Quartzsea Acquisition Corp
2047455,QSEAR,Quartzsea Acquisition Corp
2047455,QSEAU,Quartzsea Acquisition Corp
1103795,QSEP,"QS Energy, Inc."
1816431,QSI,Quantum-Si Inc
1753391,QSJC,"TANCHENG GROUP CO., LTD."
2074409,QSOL,Invesco Galaxy Solana ETF
1618755,QSP,Restaurant Brands International Limited Partnership
1618756,QSR,Restaurant Brands International Inc.
1837493,QTEX,QTREX Quantum Ltd.
1837493,QTEXW,QTREX Quantum Ltd.
1844505,QTI,"QT IMAGING HOLDINGS, INC."
1503274,QTRX,Quanterix Corp
1661998,QTTB,Q32 Bio Inc.
1410384,QTWO,"Q2 Holdings, Inc."
1663038,QTZM,Quantum Genesis AI Corp.
1481792,QUAD,"Quad/Graphics, Inc."
1758009,QUBT,Quantum Computing Inc.
1874252,QUCY,Quantum Cyber N.V.
882508,QUIK,QUICKLOGIC Corp
1114446,QULL,UBS AG
2070900,QUMS,Quantumsphere Acquisition Corp
2070900,QUMSR,Quantumsphere Acquisition Corp
2070900,QUMSU,Quantumsphere Acquisition Corp
1590560,QURE,uniQure N.V.
1549631,QURT,"Quarta-Rad, Inc."
1355096,QVCAQ,"QVC Group, Inc."
1487091,QWTR,"Quest Water Global, Inc."
797542,QXL,QUANTUM X LABS INC.
1236275,QXO,"QXO, Inc."
1236275,QXO-PB,"QXO, Inc."
811522,QZMRF,QUARTZ MOUNTAIN RESOURCES LTD
85961,R,RYDER SYSTEM INC
1655099,RA,Brookfield Real Assets Income Fund Inc.
2052161,RAAQ,Real Asset Acquisition Corp.
2052161,RAAQU,Real Asset Acquisition Corp.
2052161,RAAQW,Real Asset Acquisition Corp.
1804583,RAASY,Cloopen Group Holding Ltd
2047497,RAC,Rithm Acquisition Corp.
2047497,RAC-UN,Rithm Acquisition Corp.
2047497,RAC-WT,Rithm Acquisition Corp.
2118032,RACC,Research Alliance Corp III
2137777,RACD,Research Alliance Corp IV
1648416,RACE,Ferrari N.V.
1949257,RADX,Radiopharm Theranostics Ltd
1320854,RAIL,"FreightCar America, Inc."
2028293,RAIN,"Rain Enhancement Technologies Holdco, Inc."
2028293,RAINW,"Rain Enhancement Technologies Holdco, Inc."
1872292,RAKR,Rainmaker Worldwide Inc.
2041385,RAL,Ralliant Corp
733269,RAMP,"LiveRamp Holdings, Inc."
81955,RAND,RAND CAPITAL CORP
2035644,RANG,Range Capital Acquisition Corp.
2035644,RANGR,Range Capital Acquisition Corp.
2035644,RANGU,Range Capital Acquisition Corp.
1856725,RANI,"Rani Therapeutics Holdings, Inc."
1415397,RAPH,Raphael Pharmaceutical Inc.
2012593,RAPP,"Rapport Therapeutics, Inc."
1515673,RARE,Ultragenyx Pharmaceutical Inc.
718332,RAVE,"RAVE RESTAURANT GROUP, INC."
1948443,RAY,Raytech Holding Ltd
1825875,RAYA,Erayak Power Solution Group Inc.
1046102,RBA,RB GLOBAL INC.
1499422,RBB,RBB Bancorp
1708055,RBBN,Ribbon Communications Inc.
1324948,RBC,RBC Bearings INC
921557,RBCAA,REPUBLIC BANCORP INC /KY/
1751783,RBKB,"Rhinebeck Bancorp, Inc."
1315098,RBLX,Roblox Corp
2039060,RBNE,Robin Energy Ltd.
1812173,RBOT,Vicarious Surgical Inc.
1943896,RBRK,"Rubrik, Inc."
1594204,RBTK,ZHEN DING RESOURCES INC.
1527590,RC,Ready Capital Corp
1527590,RC-PC,Ready Capital Corp
1527590,RC-PE,Ready Capital Corp
748268,RCAT,"Red Cat Holdings, Inc."
1527590,RCD,Ready Capital Corp
1762303,RCEL,"AVITA Medical, Inc."
919567,RCG,"RENN Fund, Inc."
733099,RCI,ROGERS COMMUNICATIONS INC
1281895,RCKT,"ROCKET PHARMACEUTICALS, INC."
1281895,RCKTW,"ROCKET PHARMACEUTICALS, INC."
895456,RCKY,"ROCKY BRANDS, INC."
884887,RCL,ROYAL CARIBBEAN CRUISES LTD
700841,RCMT,"RCM TECHNOLOGIES, INC."
1442620,RCON,"Recon Technology, Ltd"
916183,RCS,"PIMCO STRATEGIC INCOME FUND, INC."
2027360,RCT,RedCloud Holdings plc
1724521,RCUS,"Arcus Biosciences, Inc."
1969729,RCWLY,Rockwool A/S/ADR
2018145,RDAC,Rising Dragon Acquisition Corp.
2018145,RDACR,Rising Dragon Acquisition Corp.
2018145,RDACU,Rising Dragon Acquisition Corp.
2055459,RDAG,Republic Digital Acquisition Co
2055459,RDAGU,Republic Digital Acquisition Co
2055459,RDAGW,Republic Digital Acquisition Co
1016838,RDCM,RADCOM LTD
1713445,RDDT,"Reddit, Inc."
1856082,RDEXF,RPX Gold Inc.
1449349,RDGL,VIVOS INC
1820025,RDGMF,Ridgeline Minerals Corp
1856084,RDGT,Ridgetech Inc.
1553846,RDHL,RedHill Biopharma Ltd.
716634,RDI,READING INTERNATIONAL INC
716634,RDIB,READING INTERNATIONAL INC
890926,RDN,RADIAN GROUP INC
790526,RDNT,"RadNet, Inc."
1596961,RDNW,"RideNow Group, Inc."
1720116,RDVT,"Red Violet, Inc."
1819810,RDW,Redwire Corp
1094366,RDWR,RADWARE LTD
1135951,RDY,DR REDDYS LABORATORIES LTD
1868640,RDZN,Roadzen Inc.
1868640,RDZNW,Roadzen Inc.
2095743,REA,"Rare Earths Americas, Inc."
1573221,REAL,"TheRealReal, Inc."
1862461,REAX,Real Brokerage Inc
1707910,REBN,"Reborn Coffee, Inc."
2070570,RECCY,Reece Limited/ADR
1995116,RECT,Rectitude Holdings Ltd.
2126221,RECX,"Recreatives Industries, Inc."
942895,REDW,REDWOOD FINANCIAL INC /MN/
1843588,REE,REE Automotive Ltd.
1140215,REED,"REED'S, INC."
1419806,REEMF,RARE ELEMENT RESOURCES LTD
1787117,REF,Reformation Inc.
1867949,REFI,"Chicago Atlantic Real Estate Finance, Inc."
793524,REFR,RESEARCH FRONTIERS INC
910606,REG,REGENCY CENTERS CORP
910606,REGCO,REGENCY CENTERS CORP
910606,REGCP,REGENCY CENTERS CORP
872589,REGN,"REGENERON PHARMACEUTICALS, INC."
1384195,REI,"RING ENERGY, INC."
1697851,REKR,"Rekor Systems, Inc."
355948,RELL,"RICHARDSON ELECTRONICS, LTD."
929869,RELX,RELX PLC
1782170,RELY,"Remitly Global, Inc."
1889112,RENEF,Cartesian Growth Corp II
2092252,RENGY,"Rengo Co., Ltd./ADR"
1468327,RENT,"Rent the Runway, Inc."
1959023,RENX,RenX Enterprises Corp.
1335288,REOS,ReoStar Energy CORP
1737953,REPL,"Replimune Group, Inc."
1001614,REPX,"Riley Exploration Permian, Inc."
1838957,RERE,ATRenew Inc.
742278,RES,RPC INC
1687277,RETO,"ReTo Eco-Solutions, Inc."
1810560,REVB,"REVELATION BIOSCIENCES, INC."
1810560,REVBW,"REVELATION BIOSCIENCES, INC."
1002366,REVFF,Gitennes Exploration Inc.
744187,REX,REX AMERICAN RESOURCES Corp
1571283,REXR,"Rexford Industrial Realty, Inc."
1571283,REXR-PB,"Rexford Industrial Realty, Inc."
1571283,REXR-PC,"Rexford Industrial Realty, Inc."
1786431,REYN,Reynolds Consumer Products Inc.
1740332,REZI,"RESIDEO TECHNOLOGIES, INC."
1281761,RF,REGIONS FINANCIAL CORP
1281761,RF-PC,REGIONS FINANCIAL CORP
1281761,RF-PE,REGIONS FINANCIAL CORP
1281761,RF-PF,REGIONS FINANCIAL CORP
2012807,RFAI,RF Acquisition Corp II
2012807,RFAIR,RF Acquisition Corp II
2012807,RFAIU,RF Acquisition Corp II
2091712,RFAM,RF Acquisition Corp III
2091712,RFAMR,RF Acquisition Corp III
2091712,RFAMU,RF Acquisition Corp III
891290,RFI,COHEN & STEERS TOTAL RETURN REALTY FUND INC
740664,RFIL,R F INDUSTRIES LTD
1713863,RFL,"Rafael Holdings, Inc."
1790177,RFM,"RiverNorth Flexible Municipal Income Fund, Inc."
1817159,RFMZ,"RiverNorth Flexible Municipal Income Fund II, Inc."
898174,RGA,REINSURANCE GROUP OF AMERICA INC
1589150,RGBP,Regen BioPharma Inc
1829667,RGC,Regencell Bioscience Holdings Ltd
1918151,RGCCF,Relevant Gold Corp.
1069533,RGCO,RGC RESOURCES INC
730272,RGEN,REPLIGEN CORP
2141099,RGKUY,Rigaku Holdings Corporation/ADR
85535,RGLD,ROYAL GOLD INC
1912966,RGNT,REGENTIS BIOMATERIALS LTD.
1590877,RGNX,REGENXBIO Inc.
1084765,RGP,"RESOURCES CONNECTION, INC."
95029,RGR,STURM RUGER & CO INC
716643,RGS,REGIS CORP
1514490,RGT,"ROYCE GLOBAL TRUST, INC."
1838359,RGTI,"Rigetti Computing, Inc."
1838359,RGTIW,"Rigetti Computing, Inc."
1528849,RH,RH
1004724,RHEP,"REGIONAL HEALTH PROPERTIES, INC"
315213,RHI,ROBERT HALF INC.
2039497,RHLD,"Resolute Holdings Management, Inc."
1785493,RHNO,RHINO BITCOIN INC.
1040829,RHP,"Ryman Hospitality Properties, Inc."
2035016,RIBB,Ribbon Acquisition Corp.
2035016,RIBBR,Ribbon Acquisition Corp.
2035016,RIBBU,Ribbon Acquisition Corp.
935419,RICK,"RCI HOSPITALITY HOLDINGS, INC."
1451505,RIG,Transocean Ltd.
1034842,RIGL,RIGEL PHARMACEUTICALS INC
1464790,RILY,"BRC Group Holdings, Inc."
1464790,RILYG,"BRC Group Holdings, Inc."
1464790,RILYL,"BRC Group Holdings, Inc."
1464790,RILYN,"BRC Group Holdings, Inc."
1464790,RILYP,"BRC Group Holdings, Inc."
1464790,RILYT,"BRC Group Holdings, Inc."
1464790,RILYZ,"BRC Group Holdings, Inc."
923601,RIME,"Algorhythm Holdings, Inc."
863064,RIO,RIO TINTO PLC
1743235,RIOFF,Rio2 Ltd
1167419,RIOT,"Riot Platforms, Inc."
1096296,RITE,MINERALRITE Corp
1556593,RITM,Rithm Capital Corp.
1556593,RITM-PA,Rithm Capital Corp.
1556593,RITM-PB,Rithm Capital Corp.
1556593,RITM-PC,Rithm Capital Corp.
1556593,RITM-PD,Rithm Capital Corp.
1556593,RITM-PE,Rithm Capital Corp.
1556593,RITM-PF,Rithm Capital Corp.
1951229,RITR,Reitar Logtech Holdings Ltd
1501072,RIV,"RIVERNORTH OPPORTUNITIES FUND, INC."
1501072,RIV-PA,"RIVERNORTH OPPORTUNITIES FUND, INC."
1874178,RIVN,"Rivian Automotive, Inc. / DE"
810332,RJET,REPUBLIC AIRWAYS HOLDINGS INC.
720005,RJF,RAYMOND JAMES FINANCIAL INC
2087716,RKAM,"ROKIT America, Inc."
1469443,RKDA,"Arcadia Biosciences, Inc."
2093907,RKGRY,RENK Group AG/ADR
1422532,RKHNF,ROCKHAVEN RESOURCES LTD
1819994,RKLB,Rocket Lab Corp
1805284,RKT,"Rocket Companies, Inc."
1711786,RKTO,Rocket One Inc.
1037038,RL,RALPH LAUREN CORP
1812364,RLAY,"Relay Therapeutics, Inc."
34285,RLBY,RELIABILITY INC
1893657,RLEA,Rubber Leaf Inc
1171155,RLGT,"RADIANT LOGISTICS, INC"
84246,RLI,RLI CORP
1511337,RLJ,RLJ Lodging Trust
1511337,RLJ-PA,RLJ Lodging Trust
1553643,RLMD,"RELMADA THERAPEUTICS, INC."
1866874,RLTY,Cohen & Steers Real Estate Opportunities & Income Fund
1828365,RLX,RLX Technology Inc.
1739410,RLYB,Rallybio Corp
1519401,RM,Regional Management Corp.
1581091,RMAX,"RE/MAX Holdings, Inc."
1767837,RMBI,"Richmond Mutual Bancorporation, Inc."
917273,RMBS,RAMBUS INC
1616262,RMCF,"Rocky Mountain Chocolate Factory, Inc."
1843656,RMCO,Royalty Management Holding Corp
1843656,RMCOW,Royalty Management Holding Corp
943819,RMD,RESMED INC
1746967,RMI,"RiverNorth Opportunistic Municipal Income Fund, Inc."
2094433,RMIX,"Suncrete, Inc."
1771226,RMM,"RiverNorth Managed Duration Municipal Income Fund, Inc."
1870833,RMMZ,"RiverNorth Managed Duration Municipal Income Fund II, Inc."
1635282,RMNI,"Rimini Street, Inc."
1644378,RMR,RMR GROUP INC.
1983324,RMSG,Real Messenger Corp
1983324,RMSGW,Real Messenger Corp
1412126,RMSL,RemSleep Holdings Inc.
912147,RMT,"ROYCE MICRO-CAP TRUST, INC."
1760026,RMTG,Regenerative Medical Technology Group Inc.
1041024,RMTI,"ROCKWELL MEDICAL, INC."
1516536,RMVEY,Rightmove PLC/ADR
1970743,RMXI,"RMX INDUSTRIES, INC."
2093101,RNA,"Atrium Therapeutics, Inc."
1453687,RNAC,"Cartesian Therapeutics, Inc."
1829635,RNAZ,"Transcode Therapeutics, Inc."
1384905,RNG,"RingCentral, Inc."
1438943,RNGE,"RANGE IMPACT, INC."
1699039,RNGR,"Ranger Energy Services, Inc."
2078653,RNGT,Range Capital Acquisition Corp II
2078653,RNGTU,Range Capital Acquisition Corp II
2078653,RNGTW,Range Capital Acquisition Corp II
1811115,RNLXY,Renalytix plc
1224450,RNP,COHEN & STEERS REIT & PREFERRED & INCOME FUND INC
913144,RNR,RENAISSANCERE HOLDINGS LTD
913144,RNR-PF,RENAISSANCERE HOLDINGS LTD
913144,RNR-PG,RENAISSANCERE HOLDINGS LTD
715072,RNST,RENASANT CORP
1420565,RNTX,"Rein Therapeutics, Inc."
1848763,RNW,ReNew Energy Global plc
1848763,RNWWW,ReNew Energy Global plc
1574094,RNXT,"RenovoRx, Inc."
1718227,ROAD,"Construction Partners, Inc."
2077709,ROC,Rank One Computing Corp
912562,ROCK,"GIBRALTAR INDUSTRIES, INC."
84748,ROG,ROGERS CORP
1736289,ROIUF,Route1 Inc.
1635088,ROIV,Roivant Sciences Ltd.
1024478,ROK,"ROCKWELL AUTOMATION, INC"
1428439,ROKU,"ROKU, INC"
84839,ROL,ROLLINS INC
1947210,ROLR,"High Roller Technologies, Inc."
1945240,ROMA,Roma Green Finance Ltd
1742195,ROMJF,Rubicon Organics Inc.
1788882,ROOT,"Root, Inc."
882835,ROP,ROPER TECHNOLOGIES INC
745732,ROST,"ROSS STORES, INC."
1694617,ROYL,"Royale Energy, Inc."
2075335,ROZE,ROZE AI INC.
1720592,RPAY,Repay Holdings Corp
1841968,RPC,"Ridgepost Capital, Inc."
1560327,RPD,"Rapid7, Inc."
1912884,RPGL,Republic Power Group Ltd
1380106,RPID,"RAPID MICRO BIOSYSTEMS, INC."
110621,RPM,RPM INTERNATIONAL INC/DE/
1437283,RPMT,"REGO PAYMENT ARCHITECTURES, INC."
1802768,RPRX,Royalty Pharma plc
1614806,RPT,Rithm Property Trust Inc.
1614806,RPT-PC,Rithm Property Trust Inc.
1157842,RQI,COHEN & STEERS QUALITY INCOME REALTY FUND INC
1157842,RQI-RI,COHEN & STEERS QUALITY INCOME REALTY FUND INC
1963685,RR,RICHTECH ROBOTICS INC.
1071236,RRBI,RED RIVER BANCSHARES INC
315852,RRC,RANGE RESOURCES CORP
2123969,RREV,RRE Ventures Acquisition Corp.
2123969,RREVU,RRE Ventures Acquisition Corp.
2123969,RREVW,RRE Ventures Acquisition Corp.
1171759,RRGB,RED ROBIN GOURMET BURGERS INC
1653653,RRR,"Red Rock Resorts, Inc."
82811,RRX,REGAL REXNORD CORP
861884,RS,"RELIANCE, INC."
1644771,RSF,"RiverNorth Capital & Income Fund, Inc."
1060391,RSG,"REPUBLIC SERVICES, INC."
1683408,RSGLF,Rocky Shore Gold Ltd.
1447391,RSHGY,RESONA HOLDINGS INC
1793659,RSI,"Rush Street Interactive, Inc."
1851112,RSKD,RISKIFIED LTD.
84112,RSKIA,"GEORGE RISK INDUSTRIES, INC."
2086869,RSMIY,RESOLUTION MINERALS LTD/ADR
1858994,RSMXF,Regency Silver Corp.
83350,RSRV,RESERVE PETROLEUM CO
1386301,RSSS,"Research Solutions, Inc."
1824403,RSVR,"Reservoir Media, Inc."
1824403,RSVRW,"Reservoir Media, Inc."
2035173,RTAC,Renatus Tactical Acquisition Corp I
2035173,RTACU,Renatus Tactical Acquisition Corp I
2035173,RTACW,Renatus Tactical Acquisition Corp I
1419275,RTB,"RTB Digital, Inc."
1381074,RTCJF,Baijiayun Group Ltd
1836295,RTGN,RetinalGenix Technologies Inc.
887028,RTNTF,RIO TINTO LTD
930157,RTO,RENTOKIL INITIAL PLC /FI
1580262,RTON,"Right On Brands, Inc."
101829,RTX,RTX Corp
1943421,RUBI,Rubico Inc.
2094989,RUIH,RUI Holdings Inc
1830081,RUM,RUM Group Inc.
1830081,RUMBW,RUM Group Inc.
1469367,RUN,Sunrun Inc.
1012019,RUSHA,RUSH ENTERPRISES INC \TX\
1012019,RUSHB,RUSH ENTERPRISES INC \TX\
2085091,RVI,Robinhood Ventures Fund I
2131040,RVII,Robinhood Ventures Fund II
1616885,RVLGF,Revival Gold Inc.
1746618,RVLV,"Revolve Group, Inc."
1628171,RVMD,"Revolution Medicines, Inc."
1628171,RVMDW,"Revolution Medicines, Inc."
946563,RVP,RETRACTABLE TECHNOLOGIES INC
1742927,RVPH,"REVIVA PHARMACEUTICALS HOLDINGS, INC."
1839140,RVRC,Revium Rx.
1041368,RVSB,RIVERVIEW BANCORP INC
1743905,RVSN,Rail Vision Ltd.
1743905,RVSNW,Rail Vision Ltd.
804116,RVT,"ROYCE SMALL-CAP TRUST, INC."
31791,RVTY,"REVVITY, INC."
1119190,RWAX,"TAP REAL ESTATE TECHNOLOGIES, INC."
1653384,RWAY,Runway Growth Finance Corp.
1653384,RWAYI,Runway Growth Finance Corp.
1653384,RWAYL,Runway Growth Finance Corp.
930236,RWT,REDWOOD TRUST INC
930236,RWT-PA,REDWOOD TRUST INC
930236,RWTN,REDWOOD TRUST INC
930236,RWTO,REDWOOD TRUST INC
930236,RWTP,REDWOOD TRUST INC
930236,RWTQ,REDWOOD TRUST INC
930236,RWTS,REDWOOD TRUST INC
1929561,RXO,"RXO, Inc."
1601830,RXRX,"RECURSION PHARMACEUTICALS, INC."
1111485,RXST,"RxSight, Inc."
1810019,RXT,"Rackspace Technology, Inc."
1000275,RY,ROYAL BANK OF CANADA
1038683,RYAAY,RYANAIR HOLDINGS PLC
1597672,RYAM,RAYONIER ADVANCED MATERIALS INC.
1849253,RYAN,"RYAN SPECIALTY HOLDINGS, INC."
1306965,RYDAF,Shell plc
1971115,RYDE,Ryde Group Ltd
1424864,RYES,Rise Gold Corp.
1873454,RYET,Ruanyun Edai Technology Inc.
1800637,RYM,"RYTHM, Inc."
52827,RYN,RAYONIER INC
2012600,RYOJ,"rYojbaba Co., Ltd."
1683274,RYOOF,Rio Silver Inc.
1649904,RYTM,"RHYTHM PHARMACEUTICALS, INC."
1481582,RYZ,Ryerson Holding Corp
898174,RZC,REINSURANCE GROUP OF AMERICA INC
1509261,RZLT,"Rezolute, Inc."
1920294,RZLV,REZOLVE AI PLC
1920294,RZLVW,REZOLVE AI PLC
1583708,S,"SentinelOne, Inc."
1231346,SA,SEABRIDGE GOLD INC
2091222,SAAQ,Space Asset Acquisition Corp.
2091222,SAAQU,Space Asset Acquisition Corp.
2091222,SAAQW,Space Asset Acquisition Corp.
828803,SABA,Saba Capital Income & Opportunities Fund II
1896752,SABOF,Sabio Holdings Inc.
1597033,SABR,Sabre Corp
1833214,SABS,"SAB Biotherapeutics, Inc."
1833214,SABSW,"SAB Biotherapeutics, Inc."
2082844,SAC,Safeguard Acquisition Corp.
2082844,SAC-UN,Safeguard Acquisition Corp.
2082844,SAC-WT,Safeguard Acquisition Corp.
1682220,SACH,Sachem Capital Corp.
1682220,SACH-PA,Sachem Capital Corp.
1095651,SAFE,Safehold Inc.
1172052,SAFT,SAFETY INSURANCE GROUP INC
2019793,SAFX,"XCF Global, Inc."
1727370,SAGGF,Sterling Metals Corp.
2029138,SAGT,SAGTEC GLOBAL Ltd
2083452,SAGU,Shreya Acquisition Group
2083452,SAGU-RI,Shreya Acquisition Group
2083452,SAGU-UN,Shreya Acquisition Group
2083452,SAGU-WT,Shreya Acquisition Group
1043509,SAH,SONIC AUTOMOTIVE INC
1177702,SAIA,SAIA INC
1571123,SAIC,Science Applications International Corp
1847075,SAIH,SAIHEAT Ltd
1847075,SAIHW,SAIHEAT Ltd
2030781,SAIL,"SailPoint, Inc."
1377936,SAJ,SARATOGA INVESTMENT CORP.
1050606,SALM,"SALEM MEDIA GROUP, INC. /DE/"
949870,SAM,BOSTON BEER CO INC
1549966,SAMG,Silvercrest Asset Management Group Inc.
2125567,SAMO,Samos Energy Acquisition Corp
2125567,SAMO-UN,Samos Energy Acquisition Corp
891478,SAN,"Banco Santander, S.A."
1770121,SANA,"Sana Biotechnology, Inc."
1753368,SANG,Sangoma Technologies Corp
897723,SANM,SANMINA CORP
1000184,SAP,SAP SE
1000184,SAPGF,SAP SE
2072563,SAPUY,Saputo Inc./ADR
1377936,SAR,SARATOGA INVESTMENT CORP.
2025410,SARO,"StandardAero, Inc."
1377936,SAT,SARATOGA INVESTMENT CORP.
1920406,SATA,"Strive, Inc."
1874315,SATL,Satellogic Inc.
1874315,SATLW,Satellogic Inc.
1661600,SATT,SATIVUS TECH CORP.
1377936,SAV,SARATOGA INVESTMENT CORP.
1377936,SAY,SARATOGA INVESTMENT CORP.
1377936,SAZ,SARATOGA INVESTMENT CORP.
1434754,SB,"SAFE BULKERS, INC."
1434754,SB-PC,"SAFE BULKERS, INC."
1434754,SB-PD,"SAFE BULKERS, INC."
1034054,SBAC,SBA COMMUNICATIONS CORP
1930313,SBC,SBC Medical Group Holdings Inc
730708,SBCF,SEACOAST BANKING CORP OF FLORIDA
2087852,SBCLY,Sumitomo Bakelite Co Limited/ADR
1930313,SBCWW,SBC Medical Group Holdings Inc
1870600,SBDS,"Solo Brands, Inc."
1981535,SBET,"Sharplink, Inc."
1553788,SBEV,"SPLASH BEVERAGE GROUP, INC."
767405,SBFG,"SB FINANCIAL GROUP, INC."
1402328,SBFM,Sunshine Biopharma Inc.
1402328,SBFMW,Sunshine Biopharma Inc.
1971213,SBGI,"Sinclair, Inc."
1368458,SBH,"Sally Beauty Holdings, Inc."
882300,SBI,WESTERN ASSET INTERMEDIATE MUNI FUND INC.
1801602,SBIG,"SpringBig Holdings, Inc."
1386716,SBLK,Star Bulk Carriers Corp.
2067674,SBMT,SILVER BOW MINING CORP.
2036060,SBMW,"Security Midwest Bancorp, Inc."
710752,SBR,SABINE ROYALTY TRUST
1492298,SBRA,"Sabra Health Care REIT, Inc."
1170858,SBS,COMPANHIA DE SANEAMENTO BASICO DO ESTADO DE SAO PAULO-SABESP
705432,SBSI,SOUTHSIDE BANCSHARES INC
1786909,SBSW,Sibanye Stillwater Ltd
829224,SBUX,STARBUCKS CORP
2015947,SBXD,SilverBox Corp IV
2015947,SBXD-UN,SilverBox Corp IV
2015947,SBXD-WT,SilverBox Corp IV
2081909,SBXE,SilverBox Corp V
2081909,SBXE-UN,SilverBox Corp V
2081909,SBXE-WT,SilverBox Corp V
2000366,SCAG,Scage Future
2000366,SCAGW,Scage Future
2066600,SCBXY,SCB X Public Co Ltd
1682220,SCCD,Sachem Capital Corp.
1682220,SCCE,Sachem Capital Corp.
1682220,SCCF,Sachem Capital Corp.
1682220,SCCG,Sachem Capital Corp.
1001838,SCCO,SOUTHERN COPPER CORP/
1270131,SCD,LMP CAPITAL & INCOME FUND INC.
1341878,SCDA,"B-Scada, Inc."
1114446,SCDL,UBS AG
92103,SCE-PG,SOUTHERN CALIFORNIA EDISON Co
92103,SCE-PL,SOUTHERN CALIFORNIA EDISON Co
92103,SCE-PM,SOUTHERN CALIFORNIA EDISON Co
92103,SCE-PN,SOUTHERN CALIFORNIA EDISON Co
1277575,SCGX,SAXON CAPITAL GROUP INC
866729,SCHL,SCHOLASTIC CORP
316709,SCHW,SCHWAB CHARLES CORP
316709,SCHW-PD,SCHWAB CHARLES CORP
316709,SCHW-PJ,SCHWAB CHARLES CORP
89089,SCI,SERVICE CORP INTERNATIONAL
830616,SCIA,"SCI Engineered Materials, Inc."
2076739,SCII,SC II Acquisition Corp.
2076739,SCIIR,SC II Acquisition Corp.
2076739,SCIIU,SC II Acquisition Corp.
944075,SCKT,"SOCKET MOBILE, INC."
94049,SCL,STEPAN CO
1820190,SCLX,Scilex Holding Co
1820190,SCLXW,Scilex Holding Co
1551901,SCM,Stellus Capital Investment Corp
1069336,SCMWY,SWISSCOM AG
87802,SCND,SCIENTIFIC INDUSTRIES INC
1611747,SCNI,Scinai Immunotherapeutics Ltd.
1382574,SCNX,"Scienture Holdings, Inc."
1415311,SCO,ProShares Trust II
2108383,SCOP,Sprott Physical Copper Trust
1158172,SCOR,"COMSCORE, INC."
2083143,SCPQ,Social Commerce Partners Corp
2083143,SCPQU,Social Commerce Partners Corp
2083143,SCPQW,Social Commerce Partners Corp
1544379,SCRNY,"SCREEN Holdings Co., Ltd./ADR"
918965,SCSC,"SCANSOURCE, INC."
2032517,SCTAY,Sectra AB/ADR
1703157,SCTH,"Securetech Innovations, Inc."
1790538,SCTSF,Scottie Resources Corp.
1853921,SCTX,"Scribe Therapeutics, Inc."
933972,SCWO,374Water Inc.
1178253,SCYX,SCYNEXIS INC
1408146,SCYYF,SCANDIUM INTERNATIONAL MINING CORP.
1548536,SCZM,Santacruz Silver Mining Ltd.
1349436,SD,SANDRIDGE ENERGY INC
1936804,SDA,SunCar Technology Group Inc.
1936804,SDAWW,SunCar Technology Group Inc.
1022505,SDCH,"SideChannel, Inc."
1389545,SDEV,Stablecoin Development Corp
1490978,SDGR,"Schrodinger, Inc."
1982518,SDHC,Smith Douglas Homes Corp.
2034037,SDHI,Siddhi Acquisition Corp (Cayman Islands)
2034037,SDHIR,Siddhi Acquisition Corp (Cayman Islands)
2034037,SDHIU,Siddhi Acquisition Corp (Cayman Islands)
1812923,SDHY,PGIM Short Duration High Yield Opportunities Fund
2014955,SDM,Smart Digital Group Ltd
1701756,SDOT,Sadot Group Inc.
1737706,SDRL,SEADRILL Ltd
1831979,SDST,Stardust Power Inc.
1831979,SDSTW,Stardust Power Inc.
1163609,SDSYA,SOUTH DAKOTA SOYBEAN PROCESSORS LLC
1703399,SE,Sea Ltd
2075786,SEAH,"Seahawk Recycling Holdings, Inc."
1308106,SEAL-PA,Seapeak LLC
1308106,SEAL-PB,Seapeak LLC
1856031,SEAT,Vivid Seats Inc.
1856031,SEATW,Vivid Seats Inc.
1763660,SEAV,SEATech Ventures Corp.
88121,SEB,SEABOARD CORP /DE/
2094496,SECZ,Securitize Corp.
1419612,SEDG,"SOLAREDGE TECHNOLOGIES, INC."
1321851,SEED,Origin Agritech LTD
1726445,SEER,"Seer, Inc."
2009684,SEG,Seaport Entertainment Group Inc.
1673481,SEGG,Sports Entertainment Gaming Global Corp
1697500,SEI,"Solaris Energy Infrastructure, Inc."
350894,SEIC,SEI INVESTMENTS CO
1031235,SELF,"Global Self Storage, Inc."
1990950,SELXF,Semilux International Ltd.
1320414,SEM,SELECT MEDICAL HOLDINGS CORP
88948,SENEA,Seneca Foods Corp
88948,SENEB,Seneca Foods Corp
1576197,SENR,"Strategic Environmental & Energy Resources, Inc."
1616543,SENS,"Senseonics Holdings, Inc."
1491434,SEOVF,SERNOVA CORP.
1984086,SEPN,"Septerna, Inc."
1779977,SEQC,"SeeQC, Inc."
1708599,SER,"Serina Therapeutics, Inc."
1534969,SERA,"SERA PROGNOSTICS, INC."
2075349,SERPY,Top End Energy Ltd/ADR
1832483,SERV,Serve Robotics Inc. /DE/
1819142,SES,SES AI Corp
1819142,SES-WT,SES AI Corp
794998,SETO,SETO HOLDINGS INC
1786471,SEV,Aptera Motors Corp
1452477,SEVN,Seven Hills Realty Trust
1662991,SEZL,Sezzle Inc.
720672,SF,STIFEL FINANCIAL CORP
720672,SF-PB,STIFEL FINANCIAL CORP
720672,SF-PC,STIFEL FINANCIAL CORP
720672,SF-PD,STIFEL FINANCIAL CORP
720672,SFB,STIFEL FINANCIAL CORP
1541119,SFBC,"Sound Financial Bancorp, Inc."
1430723,SFBS,"ServisFirst Bancshares, Inc."
1624985,SFCX,SUPA Consolidated Inc.
91388,SFD,SMITHFIELD FOODS INC
1493507,SFDMY,Shanghai Fudan Microelectronics Co Limited/ADR/
2084022,SFGYY,Sony Financial Group Inc./ADR
1926792,SFHG,SAMFINE CREATION HOLDINGS GROUP Ltd
1576942,SFIX,"Stitch Fix, Inc."
1289877,SFL,SFL Corp Ltd.
1575515,SFM,"Sprouts Farmers Market, Inc."
90498,SFNC,SIMMONS FIRST NATIONAL CORP
1106213,SFRX,SEAFARER EXPLORATION CORP
1090009,SFST,SOUTHERN FIRST BANCSHARES INC
1919847,SFWJ,"Software Effective Solutions, Corp."
1863218,SFWL,SHENGFENG DEVELOPMENT Ltd
1477815,SG,"Sweetgreen, Inc."
886136,SGA,SAGA COMMUNICATIONS INC
95574,SGC,"SUPERIOR GROUP OF COMPANIES, INC."
1878057,SGHC,Super Group (SGHC) Ltd
1531177,SGHT,"Sight Sciences, Inc."
1206264,SGI,SOMNIGROUP INTERNATIONAL INC.
2027330,SGIHY,"Sugi Holdings Co., Ltd./ADR"
1433551,SGLA,Sino Green Land Corp.
1422892,SGLY,Singularity Future Technology Ltd.
1848309,SGML,Sigma Lithium Corp
1001233,SGMO,"SANGAMO THERAPEUTICS, INC"
1001233,SGMOQ,"SANGAMO THERAPEUTICS, INC"
1400118,SGMT,Sagimet Biosciences Inc.
1450923,SGOL,abrdn Gold ETF Trust
1778922,SGP,"SpyGlass Pharma, Inc."
2099326,SGPIY,"Seres Group Co., Ltd./ADR"
1004989,SGRP,"SPAR Group, Inc."
1638833,SGRY,"Surgery Partners, Inc."
1895251,SGTM,"Sustainable Green Team, Ltd."
1002590,SGU,"STAR GROUP, L.P."
1620533,SHAK,Shake Shack Inc.
2068385,SHAZ,SharonAI Holdings Inc.
1035092,SHBI,SHORE BANCSHARES INC
1822479,SHC,Sotera Health Co
1306965,SHEL,Shell plc
354963,SHEN,SHENANDOAH TELECOMMUNICATIONS CO/VA/
1854963,SHFS,"SHF Holdings, Inc."
1854963,SHFSW,"SHF Holdings, Inc."
1263043,SHG,SHINHAN FINANCIAL GROUP CO LTD
2111790,SHILY,Shanghai Iluvatar CoreX Semiconductor Co Ltd/ADR
1887944,SHIM,Shimmick Corp
1448397,SHIP,Seanergy Maritime Holdings Corp.
1831651,SHLS,"Shoals Technologies Group, Inc."
1987240,SHMD,SCHMID Group N.V.
1987240,SHMDW,SCHMID Group N.V.
1648512,SHMXY,Shimadzu Corporation/ADR
2138554,SHNTY,"Shanghai Top Numerical Control Technology Co., Ltd./ADR"
927971,SHNY,BANK OF MONTREAL /CAN/
1295810,SHO,"Sunstone Hotel Investors, Inc."
1295810,SHO-PH,"Sunstone Hotel Investors, Inc."
1295810,SHO-PI,"Sunstone Hotel Investors, Inc."
895447,SHOE,SHOE STATION GROUP INC
913241,SHOO,"STEVEN MADDEN, LTD."
1594805,SHOP,SHOPIFY INC.
2104879,SHOT,RMG ML Sports Holdings
2104879,SHOTU,RMG ML Sports Holdings
1757499,SHPH,"Shuttle Pharmaceuticals Holdings, Inc."
89800,SHW,SHERWIN WILLIAMS CO
1699350,SI,"SHOULDER INNOVATIONS, INC."
2112466,SIAI,Silentium Ltd.
2138369,SIAMY,Siam Global House Public Co Limited/ADR
1459839,SIBN,"SI-BONE, Inc."
2098860,SICCY,"SICC Co., Ltd./ADR"
2117702,SICOF,Silverco Mining Ltd.
1049659,SID,NATIONAL STEEL CO
1879726,SIDU,Sidus Space Inc.
65596,SIEB,SIEBERT FINANCIAL CORP
90168,SIF,SIFCO INDUSTRIES INC
1094324,SIFY,SIFY TECHNOLOGIES LTD
832988,SIG,SIGNET JEWELERS LTD
1010086,SIGA,SIGA TECHNOLOGIES INC
2132082,SIGEY,"Sigenergy Technology Co., Ltd./ADR"
230557,SIGI,SELECTIVE INSURANCE GROUP INC
230557,SIGIP,SELECTIVE INSURANCE GROUP INC
1642159,SIGY,"Sigyn Therapeutics, Inc."
1512920,SII,SPROTT INC.
1567925,SILA,"Sila Realty Trust, Inc."
916793,SILC,SILICOM LTD.
1545224,SILEF,Silver Elephant Mining Corp.
1514183,SILO,"Silo Pharma, Inc."
887153,SIM,"GRUPO SIMEC, S.A.B. de C.V."
2014982,SIMA,SIM Acquisition Corp. I
2014982,SIMAU,SIM Acquisition Corp. I
2014982,SIMAW,SIM Acquisition Corp. I
1329394,SIMO,Silicon Motion Technology CORP
2096861,SIND,Sinda Ltd.
1269026,SINT,"Sintx Technologies, Inc."
2036042,SION,"Sionna Therapeutics, Inc."
1577783,SIREF,Sirios Resources Inc.
908937,SIRI,SIRIUS XM HOLDINGS INC.
894315,SITC,SITE Centers Corp.
1650729,SITE,"SiteOne Landscape Supply, Inc."
1747657,SITKF,Sitka Gold Corp.
1451809,SITM,SITIME Corp
1468978,SITS,"SOUTHERN ITS INTERNATIONAL, INC."
1450922,SIVR,abrdn Silver ETF Trust
1753673,SJ,Scienjoy Holding Corp
91419,SJM,J M SMUCKER Co
319655,SJT,SAN JUAN BASIN ROYALTY TRUST
2103029,SKAI,Sky Acquisition Group
1128281,SKAS,"Saker Aviation Services, Inc."
2125904,SKBBY,"Sichuan Kelun-Biotech Biopharmaceutical Co., Ltd./ADR"
1713748,SKE,Skeena Resources Ltd
1794942,SKFG,"Stark Focus Group, Inc."
2120882,SKHY,SK hynix Inc.
1774675,SKIL,Skillsoft Corp.
1818093,SKIN,SkinHealth Systems Inc.
1991261,SKK,SKK Holdings Ltd
1546853,SKKY,"Skkynet Cloud Systems, Inc."
1015650,SKM,SK TELECOM CO LTD
899715,SKT,TANGER INC.
1085277,SKVI,"SKINVISIBLE, INC."
1519449,SKWD,"Skyward Specialty Insurance Group, Inc."
90896,SKY,"Champion Homes, Inc."
1737995,SKYA,"SkyAI, Inc."
1737995,SKYAW,"SkyAI, Inc."
1516551,SKYE,"Skye Bioscience, Inc."
1823587,SKYH,Sky Harbour Group Corp
1823587,SKYH-WT,Sky Harbour Group Corp
1555017,SKYI,"Sky Century Investment, Inc."
1812447,SKYQ,Sky Quarry Inc.
1819974,SKYT,"SkyWater Technology, Inc"
793733,SKYW,SKYWEST INC
1598981,SKYX,SKYX Platforms Corp.
1038074,SLAB,SILICON LABORATORIES INC.
1517496,SLAI,SOLAI Ltd
87347,SLB,SLB LIMITED/NV
1657642,SLBK,"Skyline Bankshares, Inc."
2070534,SLBT,SL Science Holding Ltd
1707502,SLDB,Solid Biosciences Inc.
1427644,SLDC,"Solidus Communications, Inc."
1886428,SLDE,"Slide Insurance Holdings, Inc."
1844862,SLDP,"Solid Power, Inc."
1844862,SLDPW,"Solid Power, Inc."
1621672,SLE,"Super League Enterprise, Inc."
1097362,SLF,SUN LIFE FINANCIAL INC
1370418,SLFPY,STANDARD LIFE PLC
1040971,SLG,SL GREEN REALTY CORP
1040971,SLG-PI,SL GREEN REALTY CORP
1987189,SLGB,Smart Logistics Global Ltd
1684693,SLGL,Sol-Gel Technologies Ltd.
849869,SLGN,SILGAN HOLDINGS INC
1537137,SLI,STANDARD LITHIUM LTD.
1032033,SLM,SLM Corp
1032033,SLMBP,SLM Corp
1939965,SLMT,Brera Holdings PLC
1479615,SLN,Silence Therapeutics plc
1883814,SLND,"Southland Holdings, Inc."
1883814,SLND-WT,"Southland Holdings, Inc."
1043186,SLNG,"Stabilis Solutions, Inc."
64463,SLNH,"Soluna Holdings, Inc"
64463,SLNHP,"Soluna Holdings, Inc"
1023459,SLP,"Simulations Plus, Inc."
1794783,SLQT,"SelectQuote, Inc."
1418076,SLRC,SLR Investment Corp.
1390478,SLS,"SELLAS Life Sciences Group, Inc."
883107,SLSN,"SOLESENCE, INC."
2019103,SLSR,Solaris Resources Inc.
1330568,SLV,iShares Silver Trust
1856485,SLVM,Sylvamo Corp
1053092,SLVO,CREDIT SUISSE AG
2022416,SLXN,Silexion Therapeutics Corp
2022416,SLXNW,Silexion Therapeutics Corp
893538,SM,SM Energy Co
1585389,SMA,"SmartStop Self Storage REIT, Inc."
916907,SMBC,"SOUTHERN MISSOURI BANCORP, INC."
1038773,SMBK,SMARTFINANCIAL INC.
2024218,SMC,Summit Midstream Corp
1375365,SMCI,"Super Micro Computer, Inc."
1375365,SMCIP,"Super Micro Computer, Inc."
1939801,SMDRF,SIERRA MADRE GOLD & SILVER LTD.
1830056,SMERY,Siemens Energy AG/ADR
1022837,SMFG,"SUMITOMO MITSUI FINANCIAL GROUP, INC."
2048270,SMFSY,"Sumitomo Forestry Co., Ltd./ADR"
825542,SMG,SCOTTS MIRACLE-GRO CO
2093227,SMGSY,SMG Swiss Marketplace Group AG/ADR
1114446,SMHB,UBS AG
1690334,SMHI,SEACOR Marine Holdings Inc.
924719,SMID,SMITH MIDLAND CORP
2070954,SMJF,SMJ International Holdings Inc.
1599298,SMMT,Summit Therapeutics Inc.
1913577,SMNR,"Semnur Pharmaceuticals, Inc."
1538189,SMOFF,Sonoro Gold Corp.
93389,SMP,"STANDARD MOTOR PRODUCTS, INC."
2063413,SMPHY,SM Prime Holdings Inc./ADR
1702744,SMPL,Simply Good Foods Co
1822966,SMR,NUSCALE POWER Corp
1837014,SMRT,"SmartRent, Inc."
1560968,SMSGY,Samsonite International SA/ADR
948708,SMSI,"SMITH MICRO SOFTWARE, INC."
88941,SMTC,SEMTECH CORP
714256,SMTI,Sanara MedTech Inc.
1817760,SMTK,"SmartKem, Inc."
95227,SMTOY,SUMITOMO ELECTRIC INDUSTRIES LTD/ADR/
1842731,SMWB,SIMILARWEB LTD.
1940674,SMX,SMX (Security Matters) Public Ltd Co
1519472,SMXT,"SolarMax Technology, Inc."
1940674,SMXWW,SMX (Security Matters) Public Ltd Co
1957132,SN,"SharkNinja, Inc."
91440,SNA,Snap-on Inc
1886894,SNAL,"Snail, Inc."
1564408,SNAP,Snap Inc
1358633,SNBH,SENTIENT BRANDS HOLDINGS INC.
827187,SNBRQ,Sleep Number Corp
1529628,SND,"Smart Sand, Inc."
1043000,SNDA,"SONIDA SENIOR LIVING, INC."
2023554,SNDK,Sandisk Corp
1766600,SNDL,SNDL Inc.
1692063,SNDR,"Schneider National, Inc."
1395937,SNDX,Syndax Pharmaceuticals Inc
1680378,SNES,"SenesTech, Inc."
2089488,SNEVY,SUNEVISION HOLDINGS/ADR
913760,SNEX,StoneX Group Inc.
318673,SNFCA,SECURITY NATIONAL FINANCIAL CORP
812796,SNGX,"SOLIGENIX, INC."
2098326,SNHIY,"Sany Heavy Industries Co., Ltd./ADR"
845982,SNN,SMITH & NEPHEW PLC
2072421,SNNF,"Seneca Bancorp, Inc."
1384831,SNNGF,PPX Mining Corp.
1367083,SNOA,"Sonoma Pharmaceuticals, Inc."
1640147,SNOW,Snowflake Inc.
883241,SNPS,SYNOPSYS INC
1652539,SNRG,SusGlobal Energy Corp.
1584273,SNROY,"Sanrio Company, Ltd./ADR"
2101240,SNSC,SunScout Holding Ltd
1993727,SNT,Senstar Technologies Corp
1810467,SNTG,Sentage Holdings Inc.
1854270,SNTI,"Senti Biosciences Holdings, Inc."
889353,SNTL,Sentinel Holdings Ltd.
1619096,SNTW,Summit Networks Inc.
1417663,SNWV,"SANUWAVE Health, Inc."
1177394,SNX,TD SYNNEX CORP
1121404,SNY,Sanofi
1562733,SNYR,Synergy CHC Corp.
92122,SO,SOUTHERN CO
1715801,SOAGY,Sartorius AG/ADR
1853070,SOAR,"Volato Group, Inc."
2019061,SOBO,South Bow Corp
1425627,SOBR,"SOBR Safe, Inc."
1831481,SOC,Sable Offshore Corp.
2065948,SOCA,Solarius Capital Acquisition Corp.
2065948,SOCAU,Solarius Capital Acquisition Corp.
2065948,SOCAW,Solarius Capital Acquisition Corp.
91668,SODI,SOLITRON DEVICES INC
2057388,SOEZ,Franklin Solana Trust
1818874,SOFI,"SoFi Technologies, Inc."
1783407,SOGP,Sound Group Inc.
1734107,SOHU,Sohu.com Ltd
92122,SOJC,SOUTHERN CO
92122,SOJD,SOUTHERN CO
92122,SOJE,SOUTHERN CO
92122,SOJF,SOUTHERN CO
2041869,SOLC,Canary Marinade Solana ETF
2064953,SOLS,Solstice Advanced Materials Inc.
1964738,SOLV,Solventum Corp
92122,SOMN,SOUTHERN CO
91767,SON,SONOCO PRODUCTS CO
1671132,SONG,Music Licensing Inc.
1178697,SONM,"DNA X, Inc."
1314727,SONO,Sonos Inc
313838,SONY,Sony Group Corp
1817511,SOPAQ,SOCIETY PASS INCORPORATED.
1840706,SOPH,SOPHiA GENETICS SA
91847,SOR,SOURCE CAPITAL /DE/
2033515,SORA,AsiaStrategy
2086263,SORN,Soren Acquisition Corp.
2086263,SORNU,Soren Acquisition Corp.
2086263,SORNW,Soren Acquisition Corp.
1346610,SOS,SOS Ltd
806172,SOTK,SONO TEK CORP
2070237,SOUD,Hacker Interstellar Inc.
2025608,SOUL,Soulpower Acquisition Corp.
2025608,SOUL-RI,Soulpower Acquisition Corp.
2025608,SOUL-UN,Soulpower Acquisition Corp.
1840856,SOUN,"SOUNDHOUND AI, INC."
1840856,SOUNW,"SOUNDHOUND AI, INC."
1490161,SOWG,Sow Good Inc.
1471824,SOYB,Teucrium Commodity Trust
2011208,SPAI,Safe Pro Group Inc.
1337090,SPAUF,SPANISH MOUNTAIN GOLD LTD.
109177,SPB,"Spectrum Brands Holdings, Inc."
1291855,SPCB,SuperCom Ltd
1706946,SPCE,"Virgin Galactic Holdings, Inc"
1181412,SPCX,SPACE EXPLORATION TECHNOLOGIES CORP
897802,SPE,"SPECIAL OPPORTUNITIES FUND, INC."
897802,SPE-PC,"SPECIAL OPPORTUNITIES FUND, INC."
2028735,SPEG,Silver Pegasus Acquisition Corp.
2028735,SPEGR,Silver Pegasus Acquisition Corp.
2028735,SPEGU,Silver Pegasus Acquisition Corp.
1163668,SPFI,"SOUTH PLAINS FINANCIAL, INC."
1807893,SPFX,"STANDARD PREMIUM FINANCE HOLDINGS, INC."
1063761,SPG,SIMON PROPERTY GROUP INC.
1063761,SPG-PJ,SIMON PROPERTY GROUP INC.
2062925,SPGH,Smart Pointer Group Holdings Ltd
64040,SPGI,S&P Global Inc.
2042556,SPGNY,Springer Nature AG & Co. KGaA/ADR
1005210,SPH,SUBURBAN PROPANE PARTNERS LP
2002236,SPHL,SPRINGVIEW HOLDINGS LTD
1795250,SPHR,Sphere Entertainment Co.
2083221,SPIIY,SPIE SA/ADR
1816017,SPIR,"Spire Global, Inc."
1884046,SPKL,Spark I Acquisition Corp
1884046,SPKLU,Spark I Acquisition Corp
1884046,SPKLW,Spark I Acquisition Corp
1930147,SPMA,"Sound Point Meridian Capital, Inc."
1930147,SPMC,"Sound Point Meridian Capital, Inc."
1930147,SPME,"Sound Point Meridian Capital, Inc."
2056030,SPMEF,South Pacific Metals Corp.
867038,SPND,SPINDLETOP OIL & GAS CO
1576018,SPNT,SiriusPoint Ltd
1289945,SPOK,"Spok Holdings, Inc"
1639920,SPOT,Spotify Technology S.A.
1227282,SPOWF,Strata Power Corp
1948697,SPPL,SIMPPLE LTD.
1539190,SPPP,SPROTT PHYSICAL PLATINUM & PALLADIUM TRUST
803097,SPQS,"SportsQuest, Inc."
1683553,SPRB,"SPRUCE BIOSCIENCES, INC."
1611746,SPRC,SciSparc Ltd.
1701108,SPRO,"Spero Therapeutics, Inc."
747540,SPRS,SURGE COMPONENTS INC
1772720,SPRU,SPRUCE POWER HOLDING CORP
1671858,SPRY,"ARS Pharmaceuticals, Inc."
1092699,SPSC,SPS COMMERCE INC
1192323,SPST,Superstar Platforms Inc.
1517375,SPT,"Sprout Social, Inc."
2042347,SPTX,"Seaport Therapeutics, Inc."
1840102,SPTY,"SPECIFICITY, INC."
1132105,SPWH,"SPORTSMAN'S WAREHOUSE HOLDINGS, INC."
1838987,SPWR,SunPower Inc.
1838987,SPWRW,SunPower Inc.
88205,SPXC,"SPX Technologies, Inc."
1338561,SPXX,Nuveen S&P 500 Dynamic Overwrite Fund
884394,SPY,SPDR S&P 500 ETF TRUST
1080657,SQFT,"Presidio Property Trust, Inc."
1080657,SQFTP,"Presidio Property Trust, Inc."
1080657,SQFTW,"Presidio Property Trust, Inc."
909037,SQM,CHEMICAL & MINING CO OF CHILE INC
1383395,SQNS,SEQUANS COMMUNICATIONS
1126956,SR,SPIRE INC
1836470,SRAD,Sportradar Group AG
1951276,SRBK,"SR Bancorp, Inc."
34782,SRCE,1ST SOURCE CORP
318299,SRCO,"SPARTA COMMERCIAL SERVICES, INC."
1467093,SRCRF,Scorpio Gold Corp
1032208,SRE,SEMPRA
1032208,SREA,SEMPRA
1936224,SRFM,SURF AIR MOBILITY INC.
1628063,SRG,Seritage Growth Properties
1628063,SRG-PA,Seritage Growth Properties
1644540,SRGXF,Surge Copper Corp
1401835,SRGZ,Star Gold Corp.
1043337,SRI,STONERIDGE INC
1126956,SRJN,SPIRE INC
1723455,SRKZF,SKY GOLD CORP.
16859,SRL,Scully Royalty Ltd.
861972,SRLZF,Salazar Resources Ltd
873303,SRPT,"Sarepta Therapeutics, Inc."
1083490,SRRE,SUNRISE REAL ESTATE GROUP INC
1727196,SRRK,Scholar Rock Holding Corp
1779128,SRTA,"Strata Critical Medical, Inc."
1494891,SRTS,"Sensus Healthcare, Inc."
1400897,SRV,NXG Cushing Midstream Energy Fund
1471727,SRXH,SRX Global Inc.
1824893,SRZN,"Surrozen, Inc./DE"
1824893,SRZNW,"Surrozen, Inc./DE"
2081300,SSAC,SPACSphere Acquisition Corp.
2081300,SSACR,SPACSphere Acquisition Corp.
2081300,SSACU,SPACSphere Acquisition Corp.
2081300,SSACW,SPACSphere Acquisition Corp.
764038,SSB,SouthState Bank Corp
920371,SSD,"Simpson Manufacturing Co., Inc."
2059165,SSEA,STARRY SEA ACQUISITION CORP
2059165,SSEAR,STARRY SEA ACQUISITION CORP
2059165,SSEAU,STARRY SEA ACQUISITION CORP
1771039,SSEBF,SILVER SPRUCE RESOURCES INC.
1584693,SSGC,SafeSpace Global Corp
2107375,SSHBY,"SBI Shinsei Bank, Limited/ADR"
1676163,SSII,"SS Innovations International, Inc."
1051514,SSKN,"STRATA Skin Sciences, Inc."
314590,SSL,SASOL LTD
1840416,SSM,Sono Group N.V.
2091017,SSMR,Sunshine Silver Mining & Refining Co
1402436,SSNC,SS&C Technologies Holdings Inc
832428,SSP,E.W. SCRIPPS Co
2073972,SSRLY,Sienna Senior Living Inc./ADR
921638,SSRM,SSR MINING INC.
1509470,SSSS,Neostellar Capital Corp.
1509470,SSSSL,Neostellar Capital Corp.
1805833,SST,"System1, Inc."
1351636,SSTI,"SOUNDTHINKING, INC."
1549346,SSTK,"Shutterstock, Inc."
1397616,SSVFF,SOUTHERN SILVER EXPLORATION CORP
1517396,SSYS,STRATASYS LTD.
1477294,ST,Sensata Technologies Holding plc
2049977,STA,"Starton Holdings, Inc."
718937,STAA,STAAR SURGICAL CO
1479094,STAG,"STAG Industrial, Inc."
1994624,STAI,ScanTech AI Systems Inc.
2002453,STAK,STAK Inc.
719220,STBA,S&T BANCORP INC
94344,STC,STEWART INFORMATION SERVICES CORP
1539850,STCB,"Starco Brands, Inc."
2024996,STCK,Grayscale Stacks Trust (STX)
2086716,STDN,"Standard Nuclear, Inc."
1757898,STE,STERIS plc
1511820,STEK,Stemtech Corp
1473844,STEL,"Stellar Bancorp, Inc."
1758766,STEM,"STEM, INC."
1796022,STEP,StepStone Group Inc.
102426,STEW,"SRH Total Return Fund, Inc."
1530766,STEX,Streamex Corp.
2003061,STFS,Star Fashion Culture Holdings Ltd
1723935,STG,Sunlands Technology Group
876883,STGW,Stagwell Inc
1953366,STHO,Star Holdings
1881551,STI,Solidion Technology Inc.
1227636,STIM,"Neuronetics, Inc."
2077242,STJNY,Stella-Jones Inc./ADR
1471420,STK,"Columbia Seligman Premium Technology Growth Fund, Inc."
1846839,STKE,SOL Strategies Inc.
1828098,STKH,Steakholder Foods Ltd.
1399520,STKS,"ONE Group Hospitality, Inc."
1605484,STLA,Stellantis N.V.
1022671,STLD,STEEL DYNAMICS INC
779227,STLE,STEELE BANCORP INC
1729653,STLNF,Stallion Uranium Corp.
1979408,STLRF,STLLR Gold Inc.
797465,STLY,"HG Holdings, Inc."
932787,STM,STMicroelectronics N.V.
1493712,STME,Stimcell Energetics Inc.
1131383,STN,STANTEC INC
1745431,STNE,StoneCo Ltd.
1483934,STNG,Scorpio Tankers Inc.
1623526,STOK,"Stoke Therapeutics, Inc."
847942,STQN,STRATEGIC ACQUISITIONS INC /NV/
1013934,STRA,"Strategic Education, Inc."
1050446,STRC,Strategy Inc
1050446,STRD,Strategy Inc
1050446,STRF,Strategy Inc
1803096,STRG,"STARGUIDE GROUP, INC."
1050446,STRK,Strategy Inc
874238,STRL,"STERLING INFRASTRUCTURE, INC."
1382101,STRO,"SUTRO BIOPHARMA, INC."
1210708,STRR,"Star Equity Holdings, Inc."
1210708,STRRP,"Star Equity Holdings, Inc."
885508,STRS,STRATUS PROPERTIES INC
933034,STRT,STRATTEC SECURITY CORP
1782430,STRW,"Strawberry Fields REIT, Inc."
929351,STRZ,STARZ ENTERTAINMENT CORP /CN/
1307926,STSBF,South Star Battery Metals Corp.
2077638,STSUF,Satsuma Technology PLC
93751,STT,STATE STREET CORP
93751,STT-PG,STATE STREET CORP
1680367,STTK,"Shattuck Labs, Inc."
1337634,STUB,"StubHub Holdings, Inc."
1849853,STVN,Stevanato Group S.p.A.
1465128,STWD,"STARWOOD PROPERTY TRUST, INC."
1137789,STX,Seagate Technology Holdings plc
1289340,STXS,"Stereotaxis, Inc."
16918,STZ,"CONSTELLATION BRANDS, INC."
311337,SU,SUNCOR ENERGY INC
2104032,SUCH,Suchness Tech Ltd
1969863,SUGP,SU Group Holdings Ltd
1996493,SUGRF,Sucro Ltd
912593,SUI,SUN COMMUNITIES INC
1425355,SUIG,SUI Group Holdings Ltd.
2060703,SUIS,Canary Staked SUI ETF
1934114,SUJA,"SUJA LIFE, INC."
2105838,SUMA,SUMA Acquisition Corp
2105838,SUMAR,SUMA Acquisition Corp
2105838,SUMAU,SUMA Acquisition Corp
1552275,SUN,Sunoco LP
2083785,SUNB,"Sunbelt Rentals Holdings, Inc."
2089661,SUNC,SunocoCorp LLC
1171838,SUND,"Sundance Strategies, Inc."
22701,SUNE,"SUNation Energy, Inc."
2012706,SUNS,"Sunrise Realty Trust, Inc."
2048958,SUNXF,Stardust Solar Energy Inc.
1356576,SUPN,"SUPERNUS PHARMACEUTICALS, INC."
1517399,SUPV,Grupo Supervielle S.A.
1897087,SUPX,SuperX AI Technology Ltd
1392694,SURG,"SurgePays, Inc."
909327,SUZ,Suzano S.A.
1084201,SVA,SINOVAC BIOTECH LTD
2074850,SVAC,Spring Valley Acquisition Corp. III
2074850,SVACU,Spring Valley Acquisition Corp. III
2074850,SVACW,Spring Valley Acquisition Corp. III
2085659,SVAQ,Silicon Valley Acquisition Corp.
2085659,SVAQU,Silicon Valley Acquisition Corp.
2085659,SVAQW,Silicon Valley Acquisition Corp.
1031093,SVBL,"SILVER BULL RESOURCES, INC."
945394,SVC,Service Properties Trust
2033593,SVCC,Stellar V Capital Corp. (Cayman Islands)
2033593,SVCCU,Stellar V Capital Corp. (Cayman Islands)
2033593,SVCCW,Stellar V Capital Corp. (Cayman Islands)
1943289,SVCO,"Silvaco Group, Inc."
2074157,SVICY,StorageVault Canada Inc./ADR
2098242,SVIV,Spring Valley Acquisition Corp. IV
2098242,SVIVU,Spring Valley Acquisition Corp. IV
2098242,SVIVW,Spring Valley Acquisition Corp. IV
1793497,SVIX,VS Trust
1340677,SVM,SILVERCORP METALS INC
1647822,SVMB,"Jingbo Technology, Inc."
1160308,SVRA,Savara Inc
1894693,SVRE,SaverOne 2014 Ltd.
1894693,SVREW,SaverOne 2014 Ltd.
1869467,SVRN,OceanPal Inc.
1682056,SVRSF,Silver Storm Mining Ltd.
1973368,SVUHF,SRIVARU Holding Ltd
1883313,SVV,"Savers Value Village, Inc."
1495584,SVVC,"Firsthand Technology Value Fund, Inc."
1415311,SVXY,ProShares Trust II
2005951,SW,Smurfit Westrock plc
1872525,SWAG,"Stran & Company, Inc."
1872525,SWAGW,"Stran & Company, Inc."
1092796,SWBI,"SMITH & WESSON BRANDS, INC."
2098324,SWBKY,Shawbrook Group plc/ADR
1833197,SWIM,"Latham Group, Inc."
1771755,SWISF,Sekur Private Data Ltd.
93556,SWK,"STANLEY BLACK & DECKER, INC."
1089907,SWKHL,SWK Holdings Corp
4127,SWKS,"SKYWORKS SOLUTIONS, INC."
2092574,SWMR,"Swarmer, Inc"
1795851,SWRD,"Stewards, Inc."
1875609,SWVL,Swvl Holdings Corp
1875609,SWVLW,Swvl Holdings Corp
1692115,SWX,"Southwest Gas Holdings, Inc."
813623,SWZ,Total Return Securities Fund
1514705,SXC,"SunCoke Energy, Inc."
1622629,SXGCF,Southern Cross Gold Consolidated Ltd.
310354,SXI,STANDEX INTERNATIONAL CORP/DE/
310142,SXT,SENSIENT TECHNOLOGIES CORP
1723980,SXTC,"China SXT Pharmaceuticals, Inc."
2128597,SXTEY,"Shenzhen Xunce Technology Co., Ltd./ADR"
1946563,SXTP,"60 DEGREES PHARMACEUTICALS, INC."
1946563,SXTPW,"60 DEGREES PHARMACEUTICALS, INC."
2135894,SXZTY,"Shanghai Xizhi Technology Co., Ltd./ADR"
1758530,SY,So-Young International Inc.
835324,SYBT,"Stock Yards Bancorp, Inc."
1527599,SYBX,"SYNLOGIC, INC."
1601712,SYF,Synchrony Financial
1601712,SYF-PA,Synchrony Financial
1601712,SYF-PB,Synchrony Financial
1917817,SYGCF,Sylla Gold Corp.
1541190,SYHBF,SKYHARBOUR RESOURCES LTD
1292490,SYIN,"Synbio International, Inc."
310764,SYK,STRYKER CORP
1837240,SYM,Symbotic Inc.
817720,SYNA,SYNAPTICS Inc
2004340,SYNSY,Syensqo SA/ADR
1976443,SYNX,Silynxcom Ltd.
864240,SYPR,SYPRIS SOLUTIONS INC
1922335,SYRA,Syra Health Corp
1636282,SYRE,"Spyre Therapeutics, Inc."
96021,SYY,SYSCO CORP
2030663,SZZL,Sizzle Acquisition Corp. II
2030663,SZZLR,Sizzle Acquisition Corp. II
2030663,SZZLU,Sizzle Acquisition Corp. II
732717,T,AT&T INC.
732717,T-PA,AT&T INC.
732717,T-PC,AT&T INC.
1386044,TAAG,"Awareness Group, Inc."
1144800,TAC,TRANSALTA CORP
2009183,TACH,Titan Acquisition Corp.
2009183,TACHU,Titan Acquisition Corp.
2009183,TACHW,Titan Acquisition Corp.
2033122,TACO,Berto Acquisition Corp.
2033122,TACOU,Berto Acquisition Corp.
2033122,TACOW,Berto Acquisition Corp.
1017303,TACT,TRANSACT TECHNOLOGIES INC
1471824,TAGS,Teucrium Commodity Trust
942126,TAIT,TAITRON COMPONENTS INC
1395064,TAK,TAKEDA PHARMACEUTICAL CO LTD
1547452,TAKOF,Volatus Aerospace Inc.
1499620,TAL,TAL Education Group
1803901,TALK,"Talkspace, Inc."
2001201,TALMF,Fuerte Metals Corp
1724965,TALO,TALOS ENERGY INC.
1588084,TANH,TANTECH HOLDINGS LTD
1552670,TAOP,Taoping Inc.
1571934,TAOX,TAO Synergies Inc.
24545,TAP,MOLSON COORS BEVERAGE CO
24545,TAP-A,MOLSON COORS BEVERAGE CO
312070,TAPR,BARCLAYS BANK PLC
1359931,TARA,"Protara Therapeutics, Inc."
1819790,TARS,"Tarsus Pharmaceuticals, Inc."
1409036,TARSF,Silver North Resources Ltd.
2102720,TARX,Tarsier Pharma Ltd.
1829864,TASK,"TaskUs, Inc."
808439,TATT,TAT TECHNOLOGIES LTD
2020385,TAVI,Tavia Acquisition Corp.
2020385,TAVIR,Tavia Acquisition Corp.
2020385,TAVIU,Tavia Acquisition Corp.
96536,TAYD,"TAYLOR DEVICES, INC."
732717,TBB,AT&T INC.
1978954,TBBB,BBB FOODS INC
1295401,TBBK,"Bancorp, Inc."
1493761,TBCH,Turtle Beach Corp
2140030,TBCV,"Thunder Bridge Capital Partners V, Ltd."
1903595,TBH,House of Doge Inc.
768899,TBI,"TrueBlue, Inc."
1840502,TBLA,Taboola.com Ltd.
1820378,TBLD,Thornburg Income Builder Opportunities Trust
1854257,TBLLF,Tombill Mines Ltd
1997652,TBN,Tamboran Resources Corp
1583107,TBPH,"Theravance Biopharma, Inc."
1169445,TBRG,"TruBridge, Inc."
1090396,TBTC,TABLE TRAC INC
1785476,TBXXF,King Copper Discovery Corp.
1743340,TC,Token Cat Ltd
1077428,TCBI,TEXAS CAPITAL BANCSHARES INC/TX
1077428,TCBIO,TEXAS CAPITAL BANCSHARES INC/TX
356171,TCBK,TRICO BANCSHARES /
1849466,TCBS,"Texas Community Bancshares, Inc."
1781730,TCBX,"Third Coast Bancshares, Inc."
2047190,TCGL,TechCreate Group Ltd.
2047190,TCGLF,TechCreate Group Ltd.
733590,TCI,TRANSCONTINENTAL REALTY INVESTORS INC
2073804,TCLXY,TCL Electronics Holdings Limited/ADR
1027838,TCMD,TACTILE SYSTEMS TECHNOLOGY INC
1754195,TCNNF,Trulieve Cannabis Corp.
1269238,TCOM,Trip.com Group Ltd
99070,TCPA,TRANSCANADA PIPELINES LTD
1370755,TCPC,BlackRock TCP Capital Corp.
1879270,TCRG,Cannaisseur Group Inc.
1481443,TCRI,"TechCom, Inc."
1107421,TCRT,"Alaunos Therapeutics, Inc."
1783328,TCRX,"TScan Therapeutics, Inc."
909494,TCX,TUCOWS INC /PA/
947263,TD,TORONTO DOMINION BANK
1926599,TDAC,Translational Development Acquisition Corp.
1926599,TDACU,Translational Development Acquisition Corp.
1926599,TDACW,Translational Development Acquisition Corp.
1579684,TDAY,"USA TODAY Co., Inc."
816761,TDC,TERADATA CORP /DE/
919893,TDF,TEMPLETON DRAGON FUND INC
1260221,TDG,TransDigm Group INC
1972589,TDGGF,TDG Gold Corp.
2041338,TDIC,Dreamland Ltd
1477449,TDOC,"Teladoc Health, Inc."
2064314,TDOG,21Shares Dogecoin ETF
1921050,TDRRF,Tudor Gold Corp.
1051512,TDS,TELEPHONE & DATA SYSTEMS INC /DE/
1051512,TDS-PU,TELEPHONE & DATA SYSTEMS INC /DE/
1051512,TDS-PV,TELEPHONE & DATA SYSTEMS INC /DE/
1983550,TDTH,Trident Digital Tech Holdings Ltd
1484778,TDUP,ThredUp Inc.
98222,TDW,TIDEWATER INC
2076616,TDWD,Tailwind 2.0 Acquisition Corp.
2076616,TDWDR,Tailwind 2.0 Acquisition Corp.
2076616,TDWDU,Tailwind 2.0 Acquisition Corp.
1094285,TDY,TELEDYNE TECHNOLOGIES INC
1992243,TE,T1 Energy Inc.
2129595,TEAC,Tidewise Acquisition Corp
1454938,TEAD,Teads Holding Co.
1650372,TEAM,Atlassian Corp
842023,TECH,BIO-TECHNE Corp
886986,TECK,TECK RESOURCES LTD
1681087,TECX,"Tectonic Therapeutic, Inc."
909112,TEI,TEMPLETON EMERGING MARKETS INCOME FUND
2089506,TEICY,TOSEI CORP/ADR
1385157,TEL,TE Connectivity plc
1561921,TELA,"TELA Bio, Inc."
1126113,TELNY,TELENOR ASA
1971532,TELO,"Telomir Pharmaceuticals, Inc."
2113853,TELYF,TELYRX HOLDINGS INC.
1717115,TEM,"Tempus AI, Inc."
1166663,TEN,TSAKOS ENERGY NAVIGATION LTD
1166663,TEN-PE,TSAKOS ENERGY NAVIGATION LTD
1166663,TEN-PF,TSAKOS ENERGY NAVIGATION LTD
1660280,TENB,"Tenable Holdings, Inc."
34956,TENX,"TENAX THERAPEUTICS, INC."
932470,TEO,TELECOM ARGENTINA SA
97210,TER,"TERADYNE, INC"
1900679,TETEF,Technology & Telecommunication Acquisition Corp
1992508,TETH,21Shares Ethereum ETF
1783432,TETOF,Tectonic Metals Inc.
818686,TEVA,TEVA PHARMACEUTICAL INDUSTRIES LTD
97216,TEX,TEREX CORP
92230,TFC,TRUIST FINANCIAL CORP
92230,TFC-PI,TRUIST FINANCIAL CORP
92230,TFC-PO,TRUIST FINANCIAL CORP
92230,TFC-PR,TRUIST FINANCIAL CORP
1588823,TFII,TFI International Inc.
1539638,TFIN,"Triumph Financial, Inc."
1539638,TFIN-P,"Triumph Financial, Inc."
1829726,TFPM,Triple Flag Precious Metals Corp.
1381668,TFSL,TFS Financial CORP
96943,TFX,TELEFLEX INC
850429,TG,TREDEGAR CORP
878518,TGB,Trekor Metals Ltd
2053456,TGE,Generation Essentials Group
2053456,TGE-WT,Generation Essentials Group
1537435,TGEN,TECOGEN INC.
2024114,TGHL,GrowHub Ltd
1905956,TGL,TREASURE GLOBAL INC
1066684,TGLO,THEGLOBE COM INC
1534675,TGLS,Tecnoglass Inc.
2025947,TGMPF,Tantalus Systems Holding Inc.
846377,TGNT,"Totaligent, Inc."
2094900,TGRGF,Tiger Gold Corp.
931427,TGS,GAS TRANSPORTER OF THE SOUTH INC
27419,TGT,TARGET CORP
1001316,TGTX,"TG THERAPEUTICS, INC."
1712189,TH,Target Hospitality Corp.
2133810,THARY,Tharisa plc
70318,THC,TENET HEALTHCARE CORP
1877333,THCH,TH International Ltd
2064381,THCLY,"Toho Co., Ltd./ADR"
714562,THFF,FIRST FINANCIAL CORP /IN/
944695,THG,"HANOVER INSURANCE GROUP, INC."
2044241,THH,TryHard Holdings Ltd
1134115,THM,INTERNATIONAL TOWER HILL MINES LTD
711034,THMG,THUNDER MOUNTAIN GOLD INC
730263,THO,THOR INDUSTRIES INC
1604522,THQ,abrdn Healthcare Opportunities Fund
903129,THRM,Gentherm Inc
1556739,THRY,"Thryv Holdings, Inc."
1832803,THSGF,THESIS GOLD INC.
1536811,THURF,Thunderstruck Resources Ltd.
1635977,THW,abrdn World Healthcare Fund
2090011,THYP,21Shares Hyperliquid ETF
2032966,TIC,"TIC Solutions, Inc."
1387473,TIGCF,Triumph Gold Corp.
912958,TIGO,MILLICOM INTERNATIONAL CELLULAR SA
1756699,TIGR,UP Fintech Holding Ltd
2133810,TIHRF,Tharisa plc
1791703,TII,Titan Mining Corp
1789769,TIL,"Instil Bio, Inc."
715787,TILE,INTERFACE INC
1826168,TIMB,TIM S.A.
1393726,TIPT,TIPTREE INC.
1782941,TIRXF,TIAN RUIXIANG HOLDINGS LTD
318833,TISI,TEAM INC
1409171,TITN,Titan Machinery Inc.
1969928,TJGC,TJGC GROUP Ltd
109198,TJX,TJX COMPANIES INC /DE/
911971,TK,TEEKAY CORP LTD
1071321,TKC,TURKCELL ILETISIM HIZMETLERI A S
2066601,TKCYY,"Tokyo Ohka Kogyo Co., Ltd./ADR"
2092287,TKDG,3 KNIGHTS DYNAMICS GROUP Ltd
1836242,TKLF,"Tokyo Lifestyle Co., Ltd."
2044863,TKMTY,"Tokyo Metro Co., Ltd./ADR"
1850902,TKNO,"Alpha Teknova, Inc."
2089855,TKNZ,T. Rowe Price Active Crypto ETF
1973266,TKO,"TKO Group Holdings, Inc."
98362,TKR,TIMKEN CO
1368845,TKRFF,TINKA RESOURCES Ltd
2128462,TLAC,Three Lions Acquisition Corp.
909724,TLF,TANDY LEATHER FACTORY INC
1879814,TLGYF,TLGY ACQUISITION CORP
1982012,TLIH,Ten-League International Holdings Ltd
1001807,TLK,PERUSAHAAN PERSEROAN PERSERO PT TELEKOMUNIKASI INDONESIA TBK
1622536,TLN,Talen Energy Corp
2073340,TLNC,Talon Capital Corp.
2073340,TLNCU,Talon Capital Corp.
2073340,TLNCW,Talon Capital Corp.
1427925,TLPH,"TALPHERA, INC."
1731348,TLRY,"Tilray Brands, Inc."
320121,TLS,TELOS CORP
1723069,TLSA,Tiziana Life Sciences Ltd
1826667,TLSI,"TriSalus Life Sciences, Inc."
1826667,TLSIW,"TriSalus Life Sciences, Inc."
1463208,TLSS,"Transportation & Logistics Systems, Inc."
923883,TLTFF,THERALASE TECHNOLOGIES INC /FI
2007191,TLX,Telix Pharmaceuticals Ltd
1524025,TLYS,"TILLY'S, INC."
1094517,TM,TOYOTA MOTOR CORP/
1798562,TMC,TMC the metals Co Inc.
1630627,TMCI,"TREACE MEDICAL CONCEPTS, INC."
2087398,TMCR,Metals Royalty Co Inc.
1798562,TMCWW,TMC the metals Co Inc.
2009714,TMDE,TMD Energy Ltd
1756262,TMDX,"TransMedics Group, Inc."
1744676,TME,Tencent Music Entertainment Group
1434601,TMGI,"Transglobal Management Group, Inc."
1562476,TMHC,Taylor Morrison Home Corp
2073901,TMKVY,Tamarack Valley Energy Ltd./ADR
97745,TMO,THERMO FISHER SCIENTIFIC INC.
1005817,TMP,TOMPKINS FINANCIAL CORP
1543418,TMQ,Trilogy Metals Inc.
1445942,TMRC,Texas Mineral Resources Corp.
2048951,TMS,Teamshares Inc
2048951,TMSWW,Teamshares Inc
2072098,TMTNY,Toromont Industries Ltd./ADR
2097364,TMTS,Spartacus Acquisition Corp. II
2097364,TMTSU,Spartacus Acquisition Corp. II
2097364,TMTSW,Spartacus Acquisition Corp. II
1283699,TMUS,"T-Mobile US, Inc."
1283699,TMUSI,"T-Mobile US, Inc."
1283699,TMUSL,"T-Mobile US, Inc."
1283699,TMUSZ,"T-Mobile US, Inc."
97134,TNC,TENNANT CO
1438133,TNDM,TANDEM DIABETES CARE INC
937098,TNET,"TRINET GROUP, INC."
1819133,TNGX,"Tango Therapeutics, Inc."
1419945,TNK,TEEKAY TANKERS LTD.
1361658,TNL,Travel & Leisure Co.
2013186,TNMG,TNL Mediagene
1560293,TNON,"Tenon Medical, Inc."
1560293,TNONW,"Tenon Medical, Inc."
1430306,TNXP,Tonix Pharmaceuticals Holding Corp.
1858848,TNYA,"Tenaya Therapeutics, Inc."
1836775,TNYZF,Tiny Ltd.
730349,TOFB,TOFUTTI BRANDS INC
1349706,TOGI,"TurnOnGreen, Inc."
1799191,TOI,"Oncology Institute, Inc."
1799191,TOIIW,"Oncology Institute, Inc."
794170,TOL,"Toll Brothers, Inc."
314227,TOMZ,"TOMI Environmental Solutions, Inc."
1566610,TONX,TON Strategy Co
1355848,TOON,"Kartoon Studios, Inc."
1848275,TOP,TOP Financial Group Ltd
1960847,TOPP,Toppoint Holdings Inc.
1296484,TOPS,TOP SHIPS INC.
1941131,TORO,TORO CORP.
1650164,TOST,"Toast, Inc."
1597095,TOUR,Tuniu Corp
894158,TOVX,"Theriva Biologics, Inc."
2028835,TOXR,21Shares XRP ETF
1985273,TOYO,"TOYO Co., Ltd"
2104296,TP,Ticketplus Ltd.
1290677,TPB,"Turning Point Brands, Inc."
77543,TPC,TUTOR PERINI CORP
1328792,TPCS,TECHPRECISION CORP
1898766,TPET,Trio Petroleum Corp
1880661,TPG,TPG Inc.
1880661,TPGXL,TPG Inc.
1455684,TPICQ,"TPI COMPOSITES, INC"
1811074,TPL,Texas Pacific Land Corp
1116132,TPR,"TAPESTRY, INC."
1544227,TPST,"Tempest Therapeutics, Inc."
1674356,TPTA,"Terra Property Trust, Inc."
1674356,TPTS,"Terra Property Trust, Inc."
1580345,TPVG,TriplePoint Venture Growth BDC Corp.
2073655,TPZEY,Topaz Energy Corp./ADR
98677,TR,TOOTSIE ROLL INDUSTRIES INC
2085485,TRAD,APEX Tech Acquisition Inc.
2085485,TRAD-RI,APEX Tech Acquisition Inc.
2085485,TRAD-UN,APEX Tech Acquisition Inc.
50471,TRAK,"ReposiTrak, Inc."
1130598,TRAW,"Traws Pharma, Inc."
2091349,TRAX,"First Tracks Biotherapeutics, Inc."
2088375,TRBG,Turbogen Ltd.
1406944,TRBMF,TORQ RESOURCES INC.
96869,TRC,TEJON RANCH CO
1045942,TRCK,"Track Group, Inc."
1689375,TRDA,"Entrada Therapeutics, Inc."
1434621,TREE,"LendingTree, Inc."
1069878,TREX,TREX CO INC
1989815,TRGEF,Targa Exploration Corp.
1389170,TRGP,Targa Resources Corp.
2098780,TRGS,TRG Latin America Acquisitions Corp.
2098780,TRGSR,TRG Latin America Acquisitions Corp.
2098780,TRGSU,TRG Latin America Acquisitions Corp.
1861479,TRGXF,Terra Rossa Gold Ltd.
1075124,TRI,THOMSON REUTERS CORP /CAN/
888721,TRIB,TRINITY BIOTECH PLC
1786108,TRIN,Trinity Capital Inc.
1786108,TRINI,Trinity Capital Inc.
1786108,TRINZ,Trinity Capital Inc.
1526520,TRIP,"TripAdvisor, Inc."
1648636,TRLEF,Trillion Energy International Inc.
1754195,TRLV,Trulieve Cannabis Corp.
864749,TRMB,TRIMBLE INC.
1655891,TRMD,TORM plc
36146,TRMK,TRUSTMARK CORP
2071881,TRMOY,Tourmaline Oil Corp/ADR
99780,TRN,TRINITY INDUSTRIES INC
1476150,TRNO,Terreno Realty Corp
1785056,TRNR,"Interactive Strength, Inc."
99302,TRNS,TRANSCAT INC
1956744,TRON,Tron Inc.
1412095,TROO,"Troops, Inc. /Cayman Islands/"
1113169,TROW,PRICE T ROWE GROUP INC
1530804,TROX,Tronox Holdings plc
1232384,TRP,TC ENERGY CORP
1713979,TRRFF,TRIFECTA GOLD LTD
842633,TRS,TRIMAS CORP
1943444,TRSG,Tungray Technologies Inc
357301,TRST,TRUSTCO BANK CORP N Y
732026,TRT,TRIO-TECH INTERNATIONAL
1660734,TRTN-PA,Triton International Ltd
1660734,TRTN-PB,Triton International Ltd
1660734,TRTN-PC,Triton International Ltd
1660734,TRTN-PD,Triton International Ltd
1660734,TRTN-PE,Triton International Ltd
1660734,TRTN-PF,Triton International Ltd
1660734,TRTN-PG,Triton International Ltd
1630472,TRTX,"TPG RE Finance Trust, Inc."
1630472,TRTX-PC,"TPG RE Finance Trust, Inc."
1552033,TRU,TransUnion
1836747,TRUFF,Red Light Holland Corp.
1857086,TRUG,"TruGolf Holdings, Inc."
1371285,TRUP,"TRUPANION, INC."
86312,TRV,"TRAVELERS COMPANIES, INC."
1683825,TRVG,trivago N.V.
1563880,TRVI,"Trevi Therapeutics, Inc."
1916558,TRWD,Tradewinds Universal
1173643,TRX,TRX GOLD Corp
1437750,TRXA,T-REX Acquisition Corp.
1190723,TS,TENARIS SA
1845840,TSAT,Telesat Corp
1046050,TSBK,TIMBERLAND BANCORP INC
1555815,TSCFY,Tisco Financial Group Public Co Limited/ADR
916365,TSCO,TRACTOR SUPPLY CO /DE/
928876,TSEM,TOWER SEMICONDUCTOR LTD
1519061,TSEOQ,Trinseo PLC
1806310,TSHA,"Taysha Gene Therapies, Inc."
809559,TSI,TCW STRATEGIC INCOME FUND INC
1803800,TSKFF,Talisker Resources Ltd.
1318605,TSLA,"Tesla, Inc."
1852753,TSLVF,TIER ONE SILVER INC.
1508655,TSLX,"Sixth Street Specialty Lending, Inc."
1046179,TSM,TAIWAN SEMICONDUCTOR MANUFACTURING CO LTD
100493,TSN,"TYSON FOODS, INC."
1778129,TSNDF,TerrAscend Corp.
2028834,TSOL,21Shares Solana ETF
1499832,TSQ,"Townsquare Media, Inc."
1320760,TSSI,"TSS, Inc."
2061626,TSUI,21Shares Sui ETF
1466258,TT,Trane Technologies plc
2035304,TTAM,Titan America SA
1638826,TTAN,"ServiceTitan, Inc."
737758,TTC,TORO CO
1671933,TTD,"Trade Desk, Inc."
879764,TTE,TotalEnergies SE
1013880,TTEC,"TTEC Holdings, Inc."
831641,TTEK,TETRA TECH INC
2018064,TTGT,"TechTarget, Inc."
844965,TTI,TETRA TECHNOLOGIES INC
1877778,TTIPF,"Thiogenesis Therapeutics, Corp."
1116942,TTMI,TTM TECHNOLOGIES INC
2023016,TTRX,Turn Therapeutics Inc.
1552800,TTSH,"TILE SHOP HOLDINGS, INC."
946581,TTWO,TAKE TWO INTERACTIVE SOFTWARE INC
868675,TU,TELUS CORP
875355,TULP,"BLOOMIA HOLDINGS, INC."
2049560,TUNGF,American Tungsten Corp.
1963439,TURB,"Turbo Energy, S.A."
1679268,TUSK,"MAMMOTH ENERGY SERVICES, INC."
1178660,TUTH,Standard Dental Labs Inc.
1829118,TUYA,Tuya Inc.
912892,TV,"GRUPO TELEVISA, S.A.B."
2033991,TVA,Texas Ventures Acquisition III Corp
2033991,TVACU,Texas Ventures Acquisition III Corp
2033991,TVACW,Texas Ventures Acquisition III Corp
1872228,TVAI,Thayer Ventures Acquisition Corp II
1872228,TVAIR,Thayer Ventures Acquisition Corp II
1872228,TVAIU,Thayer Ventures Acquisition Corp II
1376986,TVC,Tennessee Valley Authority
1952670,TVCN,TV Channels Network Inc.
1376986,TVE,Tennessee Valley Authority
1860871,TVGN,Tevogen Bio Holdings Inc.
1860871,TVGNW,Tevogen Bio Holdings Inc.
2096755,TVIV,Texas Ventures Acquisition IV Corp
2096755,TVIVU,Texas Ventures Acquisition IV Corp
1346830,TVRD,"Tvardi Therapeutics, Inc."
1438533,TVTX,"Travere Therapeutics, Inc."
1758730,TW,Tradeweb Markets Inc.
746210,TWAV,"TaoWeave, Inc."
2007596,TWFG,"TWFG, Inc."
1978057,TWG,Top Wealth Group Holding Ltd
899751,TWI,TITAN INTERNATIONAL INC
100378,TWIN,TWIN DISC INC
1447669,TWLO,TWILIO INC
2052243,TWLV,Twelve Seas Investment Co III/Cayman
2052243,TWLVR,Twelve Seas Investment Co III/Cayman
2052243,TWLVU,Twelve Seas Investment Co III/Cayman
804123,TWN,TAIWAN FUND INC
2011954,TWNPQ,Twin Hospitality Group Inc.
1465740,TWO,TWO HARBORS INVESTMENT CORP.
1465740,TWO-PA,TWO HARBORS INVESTMENT CORP.
1465740,TWO-PB,TWO HARBORS INVESTMENT CORP.
1465740,TWO-PC,TWO HARBORS INVESTMENT CORP.
1465740,TWOD,TWO HARBORS INVESTMENT CORP.
1494413,TWOH,Two Hands Corp
877028,TWOSF,T2 Metals Corp.
1581280,TWST,Twist Bioscience Corp
1342874,TX,Ternium S.A.
1770787,TXG,"10x Genomics, Inc."
25743,TXMD,"TherapeuticsMD, Inc."
97476,TXN,TEXAS INSTRUMENTS INC
1108426,TXNM,TXNM ENERGY INC
1559432,TXO,"TXO Partners, L.P."
1289460,TXRH,"Texas Roadhouse, Inc."
1133798,TXRP,"TX Rail Products, Inc."
217346,TXT,TEXTRON INC
99614,TY,TRI-CONTINENTAL Corp
99614,TY-P,TRI-CONTINENTAL Corp
1725262,TYFG,"Tri-County Financial Group, Inc."
1268533,TYG,TORTOISE ENERGY INFRASTRUCTURE CORP
1855447,TYGO,"TIGO ENERGY, INC."
860731,TYL,TYLER TECHNOLOGIES INC
2128619,TYOEY,Toyo Engineering Corporation/ADR
1863127,TYRA,"Tyra Biosciences, Inc."
1133311,TZOO,TRAVELZOO
1810806,U,Unity Software Inc.
1336917,UA,"Under Armour, Inc."
1336917,UAA,"Under Armour, Inc."
2098669,UAC,United Acquisition Corp. I
2098669,UAC-UN,United Acquisition Corp. I
2098669,UAC-WT,United Acquisition Corp. I
100517,UAL,"United Airlines Holdings, Inc."
101538,UAMY,UNITED STATES ANTIMONY CORP
1425292,UAN,"CVR PARTNERS, LP"
2084585,UATCY,"Unisound AI Technology Co., Ltd./ADR"
8504,UAVS,AgEagle Aerial Systems Inc.
731653,UBCP,UNITED BANCORP INC /OH/
1543151,UBER,"Uber Technologies, Inc"
1087456,UBOH,UNITED BANCSHARES INC/OH
1610520,UBS,UBS Group AG
729986,UBSI,UNITED BANKSHARES INC/WV
1888525,UBXG,U-BX Technology Ltd.
1939780,UCAR,U Power Ltd
857855,UCB,UNITED COMMUNITY BANKS INC
1901203,UCFI,CN Healthy Food Tech Group Corp.
1901203,UCFIW,CN Healthy Food Tech Group Corp.
1114446,UCIB,UBS AG
1775898,UCL,uCloudlink Group Inc.
1543623,UCLE,US NUCLEAR CORP.
1415311,UCO,ProShares Trust II
1275014,UCTT,"Ultra Clean Holdings, Inc."
1383149,UDN,INVESCO DB US DOLLAR INDEX BEARISH FUND
74208,UDR,"UDR, Inc."
1611547,UE,Urban Edge Properties
1334933,UEC,URANIUM ENERGY CORP
1096938,UEEC,"United Health Products, Inc."
101984,UEIC,UNIVERSAL ELECTRONICS INC
100826,UELMO,UNION ELECTRIC CO
101199,UFCS,UNITED FIRE GROUP INC
2021688,UFG,Uni-Fuels Holdings Ltd
100726,UFI,UNIFI INC
912767,UFPI,UFP INDUSTRIES INC
914156,UFPT,UFP TECHNOLOGIES INC
101295,UG,UNITED GUARDIAN INC
1396878,UGA,"United States Gasoline Fund, LP"
884614,UGI,UGI CORP /PA/
1415311,UGL,ProShares Trust II
1094972,UGP,ULTRAPAR HOLDINGS INC
4457,UHAL,U-Haul Holding Co /NV/
4457,UHAL-B,U-Haul Holding Co /NV/
352915,UHS,UNIVERSAL HEALTH SERVICES INC
798783,UHT,UNIVERSAL HEALTH REALTY INCOME TRUST
1511737,UI,Ubiquiti Inc.
746838,UIS,UNISYS CORP
1821424,UK,Ucommune International Ltd
217410,UL,UNILEVER PLC
875657,ULBI,ULTRALIFE CORP
1670076,ULCC,"Frontier Group Holdings, Inc."
1415311,ULE,ProShares Trust II
1308208,ULH,"UNIVERSAL LOGISTICS HOLDINGS, INC."
2134552,ULIT,US Elemental Inc.
1901440,ULS,UL Solutions Inc.
1403568,ULTA,"Ulta Beauty, Inc."
1850269,ULTHF,NordX Metals Corp.
1956955,UMAC,"Unusual Machines, Inc."
101382,UMBF,UMB FINANCIAL CORP
101382,UMBFO,UMB FINANCIAL CORP
1033767,UMC,UNITED MICROELECTRONICS CORP
1114936,UMEW,UMeWorld Inc.
752642,UMH,"UMH PROPERTIES, INC."
752642,UMH-PD,"UMH PROPERTIES, INC."
706863,UNB,UNION BANKSHARES INC
1766140,UNCY,"Unicycive Therapeutics, Inc."
717954,UNF,UNIFIRST CORP
1020859,UNFI,UNITED NATURAL FOODS INC
1376227,UNG,"United States Natural Gas Fund, LP"
731766,UNH,UNITEDHEALTH GROUP INC
811211,UNIB,UNIVERSITY BANCORP INC /DE/
2077697,UNID,"RiverNorth Short Prime Unicorn Fund I, Inc"
2020795,UNIT,Uniti Group Inc.
2077715,UNIU,"RiverNorth Long Prime Unicorn Fund I, Inc."
1405513,UNL,"United States 12 Month Natural Gas Fund, LP"
5513,UNM,Unum Group
5513,UNMA,Unum Group
100885,UNP,UNION PACIFIC CORP
920427,UNTY,UNITY BANCORP INC /NJ/
1890126,UNVGY,Universal Music Group N.V./ADR
1741534,UOKAF,MDJM LTD
1041657,UONE,"URBAN ONE, INC."
1041657,UONEK,"URBAN ONE, INC."
1819516,UP,Wheels Up Experience Inc.
2022626,UPB,"Upstream Bio, Inc."
933036,UPBD,"UPBOUND GROUP, INC."
1809616,UPC,Universe Pharmaceuticals INC
1505155,UPLD,"Upland Software, Inc."
1090727,UPS,UNITED PARCEL SERVICE INC
1647639,UPST,"Upstart Holdings, Inc."
1627475,UPWK,"UPWORK, INC"
2046370,UPX,Uptrend Holdings Ltd
1775194,UPXI,"UPEXI, INC."
1677897,UPYY,UPAY
912615,URBN,URBAN OUTFITTERS INC
1375205,URG,UR-ENERGY INC
1668243,URGN,UroGen Pharma Ltd.
1067701,URI,"UNITED RENTALS, INC."
1711570,UROY,Uranium Royalty Corp.
2084261,URSB,"URSB Bancorp, Inc."
1398713,URZEF,URZ3 ENERGY CORP.
799195,USA,LIBERTY ALL STAR EQUITY FUND
1522727,USAC,"USA Compression Partners, LP"
1804792,USAM,ARES STRATEGIC MINING INC.
856984,USAQ,"QHSLab, Inc."
1970622,USAR,"USA Rare Earth, Inc."
1286973,USAS,Americas Gold & Silver Corp
27093,USAU,U.S. GOLD CORP.
36104,USB,US BANCORP DE
36104,USB-PA,US BANCORP DE
36104,USB-PH,US BANCORP DE
36104,USB-PP,US BANCORP DE
36104,USB-PQ,US BANCORP DE
36104,USB-PR,US BANCORP DE
36104,USB-PS,US BANCORP DE
1074828,USBC,"USBC, Inc."
1901637,USCB,"USCB FINANCIAL HOLDINGS, INC."
1479247,USCI,United States Commodity Index Funds Trust
2080215,USDE,StableCoinX Inc.
2080215,USDEW,StableCoinX Inc.
1977837,USDW,MADE IN USA INC.
1912847,USEA,United Maritime Corp
1665918,USFD,US Foods Holding Corp.
1726159,USGDF,AMERICAN PACIFIC MINING CORP
1947244,USGO,U.S. GoldMining Inc.
1088034,USIO,"Usio, Inc."
1405528,USL,"United States 12 Month Oil Fund, LP"
82020,USLM,UNITED STATES LIME & MINERALS INC
1114446,USML,UBS AG
896264,USNA,USANA HEALTH SCIENCES INC
1327068,USO,"United States Oil Fund, LP"
1053092,USOI,CREDIT SUISSE AG
1939479,USPCY,China Strategic Technology Group Limited/ADR
885978,USPH,U S PHYSICAL THERAPY INC /NV
2037786,USREF,Tactical Resources Corp.
1275617,UTF,COHEN & STEERS INFRASTRUCTURE FUND INC
1263994,UTG,REAVES UTILITY INCOME FUND
832480,UTGN,UTG INC
1082554,UTHR,UNITED THERAPEUTICS Corp
1261654,UTI,UNIVERSAL TECHNICAL INSTITUTE INC
1919182,UTKN,Universal Token
755001,UTL,UNITIL CORP
706698,UTMD,UTAH MEDICAL PRODUCTS INC
1030471,UTSI,UTSTARCOM HOLDINGS CORP.
1739566,UTZ,"Utz Brands, Inc."
1495651,UURAF,Ucore Rare Metals Inc.
102109,UUU,"UNIVERSAL SAFETY PRODUCTS, INC."
2056751,UUUFF,Recharge Resources Ltd.
1385849,UUUU,ENERGY FUELS INC
891166,UVE,"UNIVERSAL INSURANCE HOLDINGS, INC."
1793497,UVIX,VS Trust
102212,UVSP,UNIVEST FINANCIAL Corp
102037,UVV,UNIVERSAL CORP /VA/
1415311,UVXY,ProShares Trust II
898171,UWHR,UWHARRIE CAPITAL CORP
1783398,UWMC,UWM Holdings Corp
1729173,UXIN,Uxin Ltd
2036973,UYSC,UY Scuti Acquisition Corp.
2036973,UYSCR,UY Scuti Acquisition Corp.
2036973,UYSCU,UY Scuti Acquisition Corp.
821130,UZD,"ARRAY DIGITAL INFRASTRUCTURE, INC."
821130,UZE,"ARRAY DIGITAL INFRASTRUCTURE, INC."
821130,UZF,"ARRAY DIGITAL INFRASTRUCTURE, INC."
1969401,UZX,Linkage Global Inc
1403161,V,VISA INC.
1572334,VABK,Virginia National Bankshares Corp
1524358,VAC,MARRIOTT VACATIONS WORLDWIDE Corp
2080023,VACI,Viking Acquisition Corp I
2080023,VACI-UN,Viking Acquisition Corp I
2080023,VACI-WT,Viking Acquisition Corp I
314808,VAL,Valaris Ltd
314808,VAL-WT,Valaris Ltd
917851,VALE,Vale S.A.
1836564,VALN,Valneva SE
717720,VALU,VALUE LINE INC
1266806,VANI,"Vivani Medical, Inc."
1919275,VARRY,Var Energi ASA/ADR
839087,VASO,VASO Corp
2109801,VAT,"VARSAL TECH, INC."
1006837,VATE,INNOVATE Corp.
1723047,VAUCF,Viva Gold Corp.
2060717,VAVX,VanEck Avalanche ETF
5094,VBF,Invesco Bond Fund
1787740,VBIO,"Valion Bio, Inc."
2066824,VBNB,VanEck BNB ETF
1690639,VBNK,VersaBank
1000377,VBREY,Vibra Energia S.A./ADR
1111335,VC,VISTEON CORP
887359,VCEL,Vericel Corp
1650196,VCGMF,Visionary Copper & Gold Mines Inc.
1930510,VCIG,VCI Global Ltd
1205922,VCNX,"VACCINEX, INC."
1812286,VCRDX,Harrison Street Infrastructure Income Fund
2124403,VCRE,Vicore Pharma Holding AB
1570827,VCTR,"Victory Capital Holdings, Inc."
1884122,VCUFF,Vizsla Copper Corp.
895531,VCV,Invesco California Value Municipal Income Trust
1867090,VCX,"Fundrise Innovation Fund, LLC"
1384101,VCYT,"VERACYTE, INC."
2033264,VDTA,Vertical Data Inc.
2081690,VECA,Vernal Capital Acquisition Corp.
2081690,VECA-RI,Vernal Capital Acquisition Corp.
2081690,VECA-UN,Vernal Capital Acquisition Corp.
103145,VECO,VEECO INSTRUMENTS INC
1840317,VEEA,VEEA INC.
1840317,VEEAW,VEEA INC.
1855509,VEEE,"Twin Vee PowerCats, Co."
1393052,VEEV,VEEVA SYSTEMS INC
1692376,VEL,"Velocity Financial, Inc."
1825079,VELO,"Velo3D, Inc."
1770501,VENU,Venu Holding Corp
1468091,VEON,VEON Ltd.
1831828,VERA,"Vera Therapeutics, Inc."
1615165,VERI,"Veritone, Inc."
1178526,VERTF,Vertiqal Studios Corp.
863894,VERU,VERU INC.
1806837,VERX,"Vertex, Inc."
1594968,VEST,Loan Artificial Intelligence Corp.
1293135,VET,VERMILION ENERGY INC.
103379,VFC,V F CORP
1584549,VFF,"Village Farms International, Inc."
895574,VFL,abrdn National Municipal Income Fund
1913510,VFS,VinFast Auto Ltd.
1913510,VFSWW,VinFast Auto Ltd.
2007855,VG,"Venture Global, Inc."
1841425,VGAS,"Verde Clean Fuels, Inc."
1841425,VGASW,"Verde Clean Fuels, Inc."
1746119,VGES,Vanguard Green Investment Ltd
1528811,VGI,Virtus Global Multi-Sector Income Fund
880892,VGM,Invesco Trust for Investment Grade Municipals
2078008,VGNT,Versigent PLC
2131322,VGTHY,"Victory Giant Technology (HuiZhou) Co., Ltd./ADR"
783324,VGZ,VISTA GOLD CORP
1880431,VHAI,Vocodia Holdings Corp
1082324,VHC,VirnetX Holding Corp
2086264,VHCP,Vine Hill Capital Investment Corp. II
2086264,VHCPU,Vine Hill Capital Investment Corp. II
2086264,VHCPW,Vine Hill Capital Investment Corp. II
59255,VHI,VALHI INC /DE/
1972234,VHUB,"VenHub Global, Inc."
1603015,VIA,"Via Transportation, Inc."
1606268,VIASP,"Via Renewables, Inc."
912093,VIAV,VIAVI SOLUTIONS INC.
1705696,VICI,VICI PROPERTIES INC.
751978,VICR,VICOR CORP
1973062,VIDA,VIDA Global Inc.
2139246,VII,Viking Acquisition Corp. II
2139246,VII-UN,Viking Acquisition Corp. II
1470129,VIIQ,VisitIQ Corp.
1745201,VIK,Viking Holdings Ltd
1826286,VINP,Vinci Compass Investments Ltd.
1742770,VIOT,"Viomi Technology Co., Ltd"
1684662,VIPRF,SILVER VIPER MINERALS CORP.
1529192,VIPS,Vipshop Holdings Ltd
1832161,VIPZ,"VIP Play, Inc."
1706431,VIR,"Vir Biotechnology, Inc."
751365,VIRC,VIRCO MFG CORPORATION
2074745,VIRMF,Viridian Metals Inc.
1592386,VIRT,"Virtu Financial, Inc."
1565228,VISL,"Vislink Technologies, Inc."
1082733,VISM,"VISIUM TECHNOLOGIES, INC."
1517228,VISN,"Vistance Networks, Inc."
1762506,VIST,"Vista Energy, S.A.B. de C.V."
1579733,VITL,"Vital Farms, Inc."
1066119,VIV,TELEFONICA BRASIL S.A.
1703073,VIVC,VIVIC CORP.
1450704,VIVK,"Vivakor, Inc."
1681348,VIVO,VivoPower PLC
1497253,VIVS,"VivoSim Labs, INC."
1415311,VIXM,ProShares Trust II
1415311,VIXY,ProShares Trust II
1704476,VIZND,VISIONARY METALS CORP.
908993,VKI,Invesco Advantage Municipal Income Trust II
877463,VKQ,Invesco Municipal Trust
1607678,VKTX,"Viking Therapeutics, Inc."
103595,VLGEA,VILLAGE SUPER MARKET INC
1863006,VLN,Valens Semiconductor Ltd.
1863006,VLN-WT,Valens Semiconductor Ltd.
1035002,VLO,VALERO ENERGY CORP/TX
1520504,VLRS,"Controladora Vuela Compania de Aviacion, S.A.B. de C.V."
846671,VLT,Invesco High Income Trust II
1872061,VLTLF,Volt Lithium Corp.
1967680,VLTO,Veralto Corp
714310,VLY,VALLEY NATIONAL BANCORP
714310,VLYPN,VALLEY NATIONAL BANCORP
714310,VLYPO,VALLEY NATIONAL BANCORP
714310,VLYPP,VALLEY NATIONAL BANCORP
1813783,VMAR,Vision Marine Technologies Inc.
1396009,VMC,Vulcan Materials CO
1892747,VMCAF,Valuence Merger Corp. I
1729149,VMD,"VIEMED HEALTHCARE, INC."
2080073,VMET,Versamet Royalties Corp
102729,VMI,VALMONT INDUSTRIES INC
1605057,VMNT,"Vemanti Group, Inc."
884152,VMO,Invesco Municipal Opportunity Trust
1594856,VMXXF,VALHALLA METALS INC.
1579157,VNCE,VINCE HOLDING CORP.
1347178,VNDA,Vanda Pharmaceuticals Inc.
1508475,VNET,"VNET Group, Inc."
1532383,VNJA,VANJIA CORP
2055879,VNME,Vendome Acquisition Corp I
2055879,VNMEU,Vendome Acquisition Corp I
2055879,VNMEW,Vendome Acquisition Corp I
899689,VNO,VORNADO REALTY TRUST
899689,VNO-PL,VORNADO REALTY TRUST
899689,VNO-PM,VORNADO REALTY TRUST
899689,VNO-PN,VORNADO REALTY TRUST
899689,VNO-PO,VORNADO REALTY TRUST
2074176,VNOM,"Viper Energy, Inc."
1699709,VNOV,VitaNova Life Sciences Corp
93314,VNRX,VOLITIONRX LTD
1786842,VNT,Vontier Corp
2027160,VNTG,Vantage Corp (Singapore)
1754180,VNTXF,FORTE GROUP HOLDINGS INC.
1505413,VOC,VOC Energy Trust
839923,VOD,VODAFONE GROUP PUBLIC LTD CO
1817229,VOR,Vor Biopharma Inc.
1907909,VOXR,VOX ROYALTY CORP.
1535929,VOYA,"Voya Financial, Inc."
1535929,VOYA-PB,"Voya Financial, Inc."
1788060,VOYG,"Voyager Technologies, Inc./TX"
1487952,VPG,"Vishay Precision Group, Inc."
1410738,VPLM,Voip-pal.com Inc
1376231,VPRB,"VPR Brands, LP."
895528,VPV,Invesco Pennsylvania Value Municipal Income Trust
1495320,VRA,"Vera Bradley, Inc."
1885827,VRAX,Virax Biolabs Group Ltd
1660334,VRCA,Verrica Pharmaceuticals Inc.
1590750,VRDN,"Viridian Therapeutics, Inc.\DE"
1506929,VRDR,"VERDE RESOURCES, INC."
1771706,VREOD,Vireo Growth Inc.
1771706,VREOF,Vireo Growth Inc.
1681622,VREX,Varex Imaging Corp
2078149,VRHI,"Veri MedTech Holdings, Inc."
1580864,VRM,"Vroom, Inc."
1104038,VRME,"VerifyMe, Inc."
1848416,VRNO,Verano Holdings Corp.
1848416,VRNOD,Verano Holdings Corp.
1361113,VRNS,VARONIS SYSTEMS INC
2031760,VROYF,Vizsla Royalties Corp.
1717695,VRRCF,VR Resources Ltd.
1682745,VRRM,VERRA MOBILITY Corp
1442145,VRSK,"Verisk Analytics, Inc."
1014473,VRSN,VERISIGN INC/CA
1879001,VRSSF,Verses AI Inc.
1674101,VRT,Vertiv Holdings Co
883237,VRTS,"VIRTUS INVESTMENT PARTNERS, INC."
875320,VRTX,VERTEX PHARMACEUTICALS INC / MA
2079109,VRXA,Veraxa Biotech Holding AG
2079109,VRXAW,Veraxa Biotech Holding AG
1701963,VS,Versus Systems Inc.
1592560,VSA,VisionSys AI Inc
797721,VSAT,VIASAT INC
1757207,VSBGF,VSBLTY GROUPE TECHNOLOGIES CORP.
102752,VSEC,VSE CORP
102752,VSECU,VSE CORP
1864531,VSEE,"VSEE HEALTH, INC."
1864531,VSEEW,"VSEE HEALTH, INC."
2075141,VSGRY,VusionGroup
103730,VSH,VISHAY INTERTECHNOLOGY INC
1951294,VSME,VS MEDIA Holdings Ltd
2067876,VSNT,"Versant Media Group, Inc."
2028541,VSOL,VanEck Solana ETF
1692819,VST,Vistra Corp.
1898604,VSTD,Vestand Inc.
1526119,VSTM,"Verastem, Inc."
1967649,VSTS,Vestis Corp
1856437,VSXY,Victoria's Secret & Co.
1716621,VTAK,"Catheter Precision, Inc."
1793663,VTEX,VTEX
1411685,VTGN,"Vistagen Therapeutics, Inc."
1606242,VTIX,Virtuix Holdings Inc.
1969373,VTMX,"Vesta Real Estate Corporation, S.A.B. de C.V."
883265,VTN,Invesco Trust for Investment Grade New York Municipals
1525221,VTOL,Bristow Group Inc.
740260,VTR,"Ventas, Inc."
1792044,VTRS,Viatris Inc
1944558,VTS,"Vitesse Energy, Inc."
1085243,VTSI,"VirTra, Inc"
1641489,VTVT,vTv Therapeutics Inc.
1463972,VUZI,Vuzix Corp
1716166,VVOS,"Vivos Therapeutics, Inc."
1059386,VVR,Invesco Senior Income Trust
1674910,VVV,VALVOLINE INC
1601548,VVX,"V2X, Inc."
2038439,VWAV,"VisionWave Holdings, Inc."
2038439,VWAVW,"VisionWave Holdings, Inc."
72444,VXRT,"Vaxart, Inc."
312070,VXX,BARCLAYS BANK PLC
312070,VXZ,BARCLAYS BANK PLC
1424768,VYCO,VYCOR MEDICAL INC
1640266,VYGR,"Voyager Therapeutics, Inc."
19617,VYLD,JPMORGAN CHASE & CO
1745078,VYND,"Vynleads, Inc."
1566044,VYNE,VYNE Therapeutics Inc.
1127007,VYRE,CABO VERDE CAPITAL INC.
1308027,VYST,Vystar Corp
70866,VYX,NCR Voyix Corp
732712,VZ,VERIZON COMMUNICATIONS INC
1796073,VZLA,Vizsla Silver Corp.
2031760,VZSLY,Vizsla Royalties Corp.
1616707,W,Wayfair Inc.
943452,WAB,WESTINGHOUSE AIR BRAKE TECHNOLOGIES CORP
311094,WABC,WESTAMERICA BANCORPORATION
936528,WAFD,WAFD INC
936528,WAFDP,WAFD INC
1716770,WAFU,Wah Fu Education Group Ltd
1938865,WAI,Top KingWin Ltd
1212545,WAL,WESTERN ALLIANCE BANCORPORATION
1212545,WAL-PA,WESTERN ALLIANCE BANCORPORATION
1840199,WALD,Waldencast plc
1840199,WALDW,Waldencast plc
1893899,WAMFF,Alaska Silver Corp.
737468,WASH,WASHINGTON TRUST BANCORP INC
1515139,WAST,WASTE ENERGY CORP.
1000697,WAT,WATERS CORP /DE/
2092314,WATR,Air Water Ventures Ltd
1575793,WATT,Energous Corp
1846715,WAVE,Eco Wave Power Global AB (publ)
1990354,WAY,Waystar Holding Corp.
1595761,WB,WEIBO Corp
1437107,WBD,"Warner Bros. Discovery, Inc."
2064947,WBI,WaterBridge Infrastructure LLC
1785494,WBQNL,Woodbridge Liquidation Trust
801337,WBS,WEBSTER FINANCIAL CORP
801337,WBS-PF,WEBSTER FINANCIAL CORP
801337,WBS-PG,WEBSTER FINANCIAL CORP
1645155,WBSR,Webstar Technology Group Inc.
1997859,WBTN,WEBTOON Entertainment Inc.
1946703,WBUY,WEBUY GLOBAL LTD
1866501,WBX,Wallbox N.V.
929008,WCC,WESCO INTERNATIONAL INC
1318220,WCN,"Waste Connections, Inc."
1990251,WCT,Wellchange Holdings Co Ltd
1902276,WCUFF,World Copper Ltd.
1497770,WD,"Walker & Dunlop, Inc."
1327811,WDAY,"Workday, Inc."
106040,WDC,WESTERN DIGITAL CORP
105132,WDFC,WD 40 CO
1823986,WDH,Waterdrop Inc.
1819559,WDI,Western Asset Diversified Income Fund (WDI)
1281984,WDLF,"Decentral Life, Inc."
844551,WDS,WOODSIDE ENERGY GROUP LTD
1813744,WDSP,"World Scan Project, Inc."
1163792,WEA,WESTERN ASSET PREMIER BOND FUND
1471824,WEAT,Teucrium Commodity Trust
1609151,WEAV,"Weave Communications, Inc."
783325,WEC,"WEC ENERGY GROUP, INC."
766704,WELL,WELLTOWER INC.
30697,WEN,Wendy's Co
2104260,WENC,West Enclave Merger Corp.
2104260,WENC-RI,West Enclave Merger Corp.
2104260,WENC-UN,West Enclave Merger Corp.
2057043,WENN,WEN Acquisition Corp
2057043,WENNU,WEN Acquisition Corp
2057043,WENNW,WEN Acquisition Corp
793074,WERN,WERNER ENTERPRISES INC
1423902,WES,"Western Midstream Partners, LP"
1806347,WEST,Westrock Coffee Co
1826660,WETH,Wetouch Technology Inc.
1941158,WETO,Wetour Robotics Ltd
1616156,WEWA,"WEWARDS, INC."
1309108,WEX,WEX Inc.
106532,WEYS,WEYCO GROUP INC
1264136,WF,WOORI FINANCIAL GROUP INC.
72971,WFC,WELLS FARGO & COMPANY/MN
72971,WFC-PA,WELLS FARGO & COMPANY/MN
72971,WFC-PC,WELLS FARGO & COMPANY/MN
72971,WFC-PD,WELLS FARGO & COMPANY/MN
72971,WFC-PL,WELLS FARGO & COMPANY/MN
72971,WFC-PY,WELLS FARGO & COMPANY/MN
72971,WFC-PZ,WELLS FARGO & COMPANY/MN
1360565,WFCF,"Where Food Comes From, Inc."
1980210,WFF,WF Holding Ltd
1402388,WFG,"WEST FRASER TIMBER CO., LTD"
1603923,WFRD,Weatherford International plc
107687,WGO,WINNEBAGO INDUSTRIES INC
2030763,WGRX,"Wellgistics Health, Inc."
1818331,WGS,GeneDx Holdings Corp.
1818331,WGSWW,GeneDx Holdings Corp.
1722684,WH,"WYNDHAM HOTELS & RESORTS, INC."
1699136,WHD,"Cactus, Inc."
943535,WHEN,"WORLD HEALTH ENERGY HOLDINGS, INC."
1552198,WHF,"WhiteHorse Finance, Inc."
1552198,WHFCL,"WhiteHorse Finance, Inc."
1165002,WHG,WESTWOOD HOLDINGS GROUP INC
1423867,WHGOF,White Gold Corp.
1921603,WHK,WhiteHawk Minerals Corp.
1527541,WHLR,"Wheeler Real Estate Investment Trust, Inc."
1527541,WHLRD,"Wheeler Real Estate Investment Trust, Inc."
1527541,WHLRL,"Wheeler Real Estate Investment Trust, Inc."
1527541,WHLRP,"Wheeler Real Estate Investment Trust, Inc."
1025771,WHLT,CHASE PACKAGING CORP
106640,WHR,WHIRLPOOL CORP /DE/
106640,WHR-PA,WHIRLPOOL CORP /DE/
1422142,WHWK,"Whitehawk Therapeutics, Inc."
1254370,WIA,WESTERN ASSET INFLATION-LINKED INCOME FUND
1030997,WILC,G WILLI FOOD INTERNATIONAL LTD
1770088,WIMI,WiMi Hologram Cloud Inc.
908315,WINA,WINMARK CORP
1636222,WING,Wingstop Inc.
946486,WINT,WINDTREE THERAPEUTICS INC /DE/
1123799,WIT,WIPRO LTD
1267902,WIW,WESTERN ASSET INFLATION-LINKED OPPORTUNITIES & INCOME FUND
1576789,WIX,Wix.com Ltd.
1445305,WK,WORKIVA INC
789460,WKC,WORLD KINECT CORP
1738699,WKEY,Wisekey International Holding S.A.
1425287,WKHS,Workhorse Group Inc.
1096275,WKSP,Worksport Ltd
2101470,WLCO,Wilco 63 Corp
2101470,WLCOU,Wilco 63 Corp
1370450,WLDN,"Willdan Group, Inc."
1887673,WLDS,Wearable Devices Ltd.
1887673,WLDSW,Wearable Devices Ltd.
1018164,WLFC,WILLIS LEASE FINANCE CORP
1544883,WLFFF,Wolfden Resources Corp
1899658,WLGSF,"WANG & LEE GROUP, Inc."
2083946,WLII,Willow Lane Acquisition Corp. II
2083946,WLIIU,Willow Lane Acquisition Corp. II
2083946,WLIIW,Willow Lane Acquisition Corp. II
1262823,WLK,WESTLAKE CORP
1604665,WLKP,Westlake Chemical Partners LP
1524566,WLTH,WEALTHFRONT CORP
107140,WLY,"JOHN WILEY & SONS, INC."
107140,WLYB,"JOHN WILEY & SONS, INC."
823768,WM,WASTE MANAGEMENT INC
107263,WMB,"WILLIAMS COMPANIES, INC."
1319161,WMG,Warner Music Group Corp.
105418,WMK,WEIS MARKETS INC
1077640,WMLLF,Wealth Minerals Ltd.
1604028,WMS,"ADVANCED DRAINAGE SYSTEMS, INC."
104169,WMT,Walmart Inc.
879526,WNC,WABASH NATIONAL Corp
1071840,WNDW,"SolarWindow Technologies, Inc."
1157647,WNEB,"Western New England Bancorp, Inc."
1528188,WNFT,Worldwide NFT Inc.
1503658,WNHK,"Winning Catering Group, Inc."
1558740,WNLV,Winvest Group Ltd
1587603,WNRS,"WINNERS, INC."
1787803,WNW,Meiwu Technology Co Ltd
1929783,WOK,WORK Medical Technology Group LTD
895419,WOLF,"WOLFSPEED, INC."
1826470,WOOF,"Petco Health & Wellness Company, Inc."
108516,WOR,"WORTHINGTON ENTERPRISES, INC."
1674227,WORX,SCWorx Corp.
2081536,WPAC,White Pearl Acquisition Corp.
2081536,WPAC-RI,White Pearl Acquisition Corp.
2081536,WPAC-UN,White Pearl Acquisition Corp.
1025378,WPC,W. P. Carey Inc.
1404353,WPGCF,West Point Gold Corp.
1323404,WPM,Wheaton Precious Metals Corp.
806968,WPP,WPP plc
1370416,WPRT,WESTPORT FUEL SYSTEMS INC.
1702924,WRAP,"WRAP TECHNOLOGIES, INC."
11544,WRB,BERKLEY W R CORP
11544,WRB-PE,BERKLEY W R CORP
11544,WRB-PF,BERKLEY W R CORP
11544,WRB-PG,BERKLEY W R CORP
11544,WRB-PH,BERKLEY W R CORP
1504776,WRBY,Warby Parker Inc.
1867729,WRD,WeRide Inc.
1328409,WRIV,WHITE RIVER BANCSHARES CO
108385,WRLD,WORLD ACCEPTANCE CORP
1733968,WRLGF,West Red Lake Gold Mines Ltd.
1364125,WRN,Western Copper & Gold Corp
1968487,WS,"Worthington Steel, Inc."
2101411,WSAT,WISeSat.Space Holdings Corp.
203596,WSBC,WESBANCO INC
203596,WSBCO,WESBANCO INC
1569994,WSBF,"Waterstone Financial, Inc."
2047235,WSBK,"Winchester Bancorp, Inc./MD/"
1647088,WSC,WillScot Holdings Corp
2099039,WSE,Wise Group plc
828944,WSFS,WSFS FINANCIAL CORP
2048271,WSHP,WeShop Holdings Ltd
719955,WSM,WILLIAMS SONOMA INC
105016,WSO,WATSCO INC
105016,WSO-B,WATSCO INC
1175535,WSR,Whitestone REIT
105770,WST,WEST PHARMACEUTICAL SERVICES INC
2076192,WSTN,Westin Acquisition Corp
2076192,WSTNR,Westin Acquisition Corp
2076192,WSTNU,Westin Acquisition Corp
1621906,WSTRF,Western Uranium & Vanadium Corp.
880631,WT,"WisdomTree, Inc."
1166928,WTBA,WEST BANCORPORATION INC
1532390,WTER,ALKALINE WATER Co INC
1987363,WTF,Waton Financial Ltd
1015328,WTFC,WINTRUST FINANCIAL CORP
1015328,WTFCN,WINTRUST FINANCIAL CORP
2053927,WTG,Wintergreen Acquisition Corp.
2053927,WTGUR,Wintergreen Acquisition Corp.
2053927,WTGUU,Wintergreen Acquisition Corp.
1562530,WTHVF,Westhaven Gold Corp.
1288403,WTI,W&T OFFSHORE INC
927971,WTID,BANK OF MONTREAL /CAN/
927971,WTIU,BANK OF MONTREAL /CAN/
861967,WTKWY,WOLTERS KLUWER N V /FI
776867,WTM,WHITE MOUNTAINS INSURANCE GROUP LTD
1789299,WTO,UTime Ltd
78128,WTRG,"Essential Utilities, Inc."
795403,WTS,WATTS WATER TECHNOLOGIES INC
1693256,WTTR,"Select Water Solutions, Inc."
1140536,WTW,WILLIS TOWERS WATSON PLC
1365135,WU,Western Union CO
1083301,WULF,TERAWULF INC.
1631574,WVE,Wave Life Sciences Ltd.
838875,WVVI,WILLAMETTE VALLEY VINEYARDS INC
838875,WVVIP,WILLAMETTE VALLEY VINEYARDS INC
105319,WW,"WW INTERNATIONAL, INC."
108312,WWD,"Woodward, Inc."
839470,WWR,"WESTWATER RESOURCES, INC."
110471,WWW,WOLVERINE WORLD WIDE INC /DE/
2123372,WXILY,"Wuxi Lead Intelligent Equipment Co., Ltd./ADR"
1979610,WXM,WF International Ltd.
106535,WY,WEYERHAEUSER CO
2042022,WYFI,"WhiteFiber, Inc."
723533,WYGC,Wenyuan Group Corp.
1999860,WYHG,Wing Yip Food Holdings Group Ltd
1174922,WYNN,WYNN RESORTS LTD
1034760,WYY,WIDEPOINT CORP
1842939,XAGE,"Longevity Health Holdings, Inc."
1641631,XAIR,"Beyond Air, Inc."
1534525,XBIO,"Xenetic Biosciences, Inc."
1626878,XBIT,XBiotech Inc.
1839530,XBP,"XBP Global Holdings, Inc."
1839530,XBPEW,"XBP Global Holdings, Inc."
2083493,XCBE,X3 Acquisition Corp. Ltd.
2083493,XCBEU,X3 Acquisition Corp. Ltd.
2083493,XCBEW,X3 Acquisition Corp. Ltd.
1979887,XCH,XCHG Ltd
1138586,XCRT,"Xcelerate, Inc."
1698530,XCUR,"EXICURE, INC."
2038688,XDT,Xdata Group
2088896,XE,"X-Energy, Inc."
72903,XEL,XCEL ENERGY INC
1083220,XELB,"XCel Brands, Inc."
72903,XELLL,XCEL ENERGY INC
1582313,XENE,Xenon Pharmaceuticals Inc.
1481504,XERI,"XERIANT, INC."
1867096,XERS,"Xeris Biopharma Holdings, Inc."
2088103,XFLH,XFLH Capital Corp
2088103,XFLH-RI,XFLH Capital Corp
2088103,XFLH-UN,XFLH Capital Corp
1703079,XFLT,XAI Floating Rate & Alternative Income Trust
1501697,XFOR,"X4 Pharmaceuticals, Inc"
1274737,XGN,EXAGEN INC.
1769256,XHG,XChange TEC.INC
2030954,XHLD,"TEN Holdings, Inc."
1616000,XHR,"Xenia Hotels & Resorts, Inc."
1603145,XIFR,"XPLR Infrastructure, LP"
1651932,XITO,"Xenous Holdings, Inc."
2109869,XLAB,D. Boral ARC Merger Corp
1840233,XLO,"Xilio Therapeutics, Inc."
1473334,XMAX,XMax Inc.
1657573,XMTR,"Xometry, Inc."
1326732,XNCR,Xencor Inc
2097163,XNDU,Xanadu Quantum Technologies Ltd
1510593,XNET,Xunlei Ltd
2115436,XOM,ExxonMobil Holdings Corp
791908,XOMA,XOMA Royalty Corp
791908,XOMAO,XOMA Royalty Corp
791908,XOMAP,XOMA Royalty Corp
2040753,XONI,"Xtreme One Entertainment, Inc."
1819493,XOS,"Xos, Inc."
1819493,XOSWW,"Xos, Inc."
1787425,XP,XP Inc.
1767258,XPEL,"XPEL, Inc."
1788999,XPER,Xperi Inc.
1810997,XPEV,XPENG INC.
917225,XPL,SOLITARIO RESOURCES CORP.
1166003,XPO,"XPO, Inc."
1802156,XPOF,"Xponential Fitness, Inc."
1894954,XPON,Expion360 Inc.
1575828,XPRO,EXPRO GROUP HOLDINGS N.V.
818479,XRAY,DENTSPLY SIRONA Inc.
1533615,XRN,Chiron Real Estate Inc.
1533615,XRN-PA,Chiron Real Estate Inc.
1533615,XRN-PB,Chiron Real Estate Inc.
2039525,XRP,Bitwise XRP ETF
2044009,XRPN,Armada Acquisition Corp. II
2044009,XRPNU,Armada Acquisition Corp. II
2044009,XRPNW,Armada Acquisition Corp. II
2059438,XRPZ,Franklin XRP Trust
1729214,XRTX,XORTX Therapeutics Inc.
1770450,XRX,Xerox Holdings Corp
1770450,XRXDW,Xerox Holdings Corp
1124959,XSIAX,VOYA CREDIT INCOME FUND
2088807,XSLL,Xsolla SPAC 1
2088807,XSLLU,Xsolla SPAC 1
2088807,XSLLW,Xsolla SPAC 1
1288770,XTGRF,XTRA-GOLD RESOURCES CORP
1529113,XTIA,"XTI Aerospace, Inc."
1023549,XTLB,XTL BIOPHARMACEUTICALS LTD
2111860,XTND,"Xtend AI Robotics, Inc."
1453593,XTNT,"Xtant Medical Holdings, Inc."
1684505,XTRAF,Xtract One Technologies Inc.
1410428,XWEL,"XWELL, Inc."
1875994,XXC,XINXU COPPER INDUSTRY TECHNOLOGY Ltd
2070457,XXI,"Twenty One Capital, Inc."
1347858,XXII,"22nd Century Group, Inc."
1725033,XYF,X Financial
1524472,XYL,Xylem Inc.
1512673,XYZ,"Block, Inc."
1873951,XZO,"Exzeo Group, Inc."
1964946,YAAS,Youxin Technology Ltd
1794350,YALA,Yalla Group Ltd
1279956,YARIY,YARA INTERNATIONAL ASA
2099818,YARRF,Pirate Gold Corp.
1995520,YB,Yuanbao Inc.
895464,YBGJ,Yubo International Biotech Ltd
1644903,YCBD,"cbdMD, Inc."
1415311,YCL,ProShares Trust II
1415311,YCS,ProShares Trust II
2075336,YCY,AA Mission Acquisition Corp. II
2075336,YCY-UN,AA Mission Acquisition Corp. II
2075336,YCY-WT,AA Mission Acquisition Corp. II
2034723,YDDL,One & one Green Technologies. INC
2011674,YDES,YD Bio Ltd
2011674,YDESW,YD Bio Ltd
1413745,YDKG,Yueda Digital Holding
1345016,YELP,YELP INC
1670592,YETI,"YETI Holdings, Inc."
1614178,YEXT,"Yext, Inc."
1782037,YGMZF,MingZhu Logistics Holdings Ltd
2053843,YGSHY,Yangzijiang Shipbuilding Holdings Ltd/ADR
1843165,YHC,LQR House Inc.
1042187,YHGJ,YUNHONG GREEN CTI LTD.
2020987,YHNA,YHN Acquisition I Ltd
2020987,YHNAR,YHN Acquisition I Ltd
2020987,YHNAU,YHN Acquisition I Ltd
1738906,YI,"111, Inc."
1868395,YIBO,Planet Image International Ltd
2130386,YICC,Yorkville International Capital Corp.
2130386,YICCU,Yorkville International Capital Corp.
1759614,YJ,Yunji Inc.
2107946,YKCLY,Yamato Kogyo Co. Ltd/ADR
2053115,YLY,Zi Yun Dong Fang Ltd
1875016,YMAT,"J-Star Holding Co., Ltd."
1447100,YMHAY,"Yamaha Motor Co., Ltd."
1838413,YMM,Full Truck Alliance Co. Ltd.
1991605,YMT,Yimutian Inc.
1427728,YNVYF,YNVISIBLE INTERACTIVE INC.
2001794,YOOV,Concorde International Group Ltd.
108985,YORW,YORK WATER CO
1856314,YOU,"Clear Secure, Inc."
2028177,YOUL,Youlife Group Inc.
904851,YPF,YPF SOCIEDAD ANONIMA
1821468,YQ,17 Education & Technology Group Inc.
1631761,YRD,Yiren Digital Ltd.
1819580,YSG,Yatsen Holding Ltd
2086587,YSS,York Space Systems Inc.
1859836,YSWY,"Yesway, Inc."
1993463,YSXT,"YSX Tech Co., Ltd"
1311673,YTFD,"Yale Transaction Finders, Inc."
1516899,YTRA,"Yatra Online, Inc."
1041061,YUM,YUM BRANDS INC
1673358,YUMC,"Yum China Holdings, Inc."
1872090,YXT,YXT.COM GROUP HOLDING Ltd
1674440,YYAI,AIRWA INC.
1985337,YYGH,YY Group Holding Ltd.
1617640,Z,"ZILLOW GROUP, INC."
2138474,ZABKY,Zabka Group S.A./ADR
1966750,ZBAO,Zhibao Technology Inc.
1136869,ZBH,"ZIMMER BIOMET HOLDINGS, INC."
1953926,ZBIO,"Zenas BioPharma, Inc."
877212,ZBRA,ZEBRA TECHNOLOGIES CORP
1854275,ZCAR,"Zoomcar Holdings, Inc."
1785566,ZCMD,Zhongchao Inc.
1425061,ZCRMF,ZINCORE METALS INC
1720265,ZCSH,Grayscale Zcash Trust (ZEC)
1084048,ZD,"ZIFF DAVIS, INC."
1966678,ZDAI,"DirectBooking Technology Co., Ltd."
1667313,ZDGE,"Zedge, Inc."
1279620,ZDPY,"Zoned Properties, Inc."
1997403,ZENA,"ZenaTech, Inc."
1865506,ZEO,Zeo Energy Corp.
1865506,ZEOWW,Zeo Energy Corp.
1557376,ZEOX,"Zeo ScientifiX, Inc."
1720446,ZEPP,Zepp Health Corp
1851003,ZETA,Zeta Global Holdings Corp.
1617640,ZG,"ZILLOW GROUP, INC."
2087840,ZGJLY,"Zhejiang Leapmotor Technology Co., Ltd./ADR"
1877787,ZGN,Ermenegildo Zegna N.V.
1835724,ZH,Zhihu Inc.
1950209,ZHDM,Ainnova Tech
1794276,ZHJD,Intelligent Hotel Group Ltd.
1465311,ZICX,Zicix Corp
1654126,ZIM,ZIM Integrated Shipping Services Ltd.
109380,ZION,"ZIONS BANCORPORATION, NATIONAL ASSOCIATION /UT/"
109380,ZIONP,"ZIONS BANCORPORATION, NATIONAL ASSOCIATION /UT/"
1617553,ZIP,"ZIPRECRUITER, INC."
1101026,ZIVO,"Zivo Bioscience, Inc."
2093654,ZJGIY,Zijin Gold International Co Limited/ADR
1941506,ZJK,"ZJK Industrial Co., Ltd."
1837821,ZJYL,Jin Medical International Ltd.
1862044,ZKH,ZKH Group Ltd
1687451,ZKIN,"ZK International Group Co., Ltd."
2087447,ZKP,Lafayette Digital Acquisition Corp. I
2087447,ZKPU,Lafayette Digital Acquisition Corp. I
2087447,ZKPW,Lafayette Digital Acquisition Corp. I
1704292,ZLAB,Zai Lab Ltd
1489300,ZLME,Zhanling International Ltd
1585521,ZM,"Zoom Communications, Inc."
1747661,ZNB,Zeta Network Group
1131312,ZNOG,ZION OIL & GAS INC
1725160,ZNTL,"Zentalis Pharmaceuticals, Inc."
1684144,ZOMDF,Zomedica Corp.
1956741,ZONE,"CleanCore Solutions, Inc."
1992818,ZOOZ,ZOOZ Strategy Ltd.
1992818,ZOOZW,ZOOZ Strategy Ltd.
1613979,ZPHYF,ZEPHYR MINERALS LTD.
1843714,ZPTA,"Zapata Quantum, Inc."
1713683,ZS,"Zscaler, Inc."
2088776,ZSHLY,"Zensho Holdings Co., Ltd./ADR"
2076398,ZSICY,"Zhejiang Sanhua Intelligent Controls Co., Ltd./ADR"
1415311,ZSL,ProShares Trust II
1637147,ZSPC,"zSpace, Inc."
1759186,ZSQR,Z Squared Inc.
1790169,ZSTK,ZeroStack Corp.
1904501,ZTEK,Zentek Ltd.
2011458,ZTG,Zenta Group Co Ltd
1677250,ZTO,ZTO Express (Cayman) Inc.
836412,ZTR,Virtus Total Return Fund Inc.
1555280,ZTS,Zoetis Inc.
1318008,ZUMZ,Zumiez Inc
1855644,ZURA,Zura Bio Ltd
1854139,ZVIA,Zevia PBC
1434647,ZVRA,"ZEVRA THERAPEUTICS, INC."
1859007,ZVSA,"ZyVersa Therapeutics, Inc."
1439288,ZWS,Zurn Elkay Water Solutions Corp
1975641,ZYBT,Zhengye Biotechnology Holding Ltd
1937653,ZYME,Zymeworks Inc.
